eval_set,source,segment_id,label,n_windows,n_alarm,alarm_ratio,max_score,mean_score,n_reason_amp,n_reason_relation,n_reason_balance,n_reason_current,any_alarm,segment_result
OOF,abnormal,A0001,1,41,41,1.0,11766.063057072191,3979.9626581565726,25,41,6,4,True,DETECTED_ABNORMAL
OOF,abnormal,A0003,1,22,22,1.0,5187.22037265336,2240.7037482118485,0,3,3,2,True,DETECTED_ABNORMAL
OOF,abnormal,A0004,1,9,9,1.0,13622.435091047297,11366.717481149319,9,9,9,0,True,DETECTED_ABNORMAL
OOF,abnormal,A0006,1,41,41,1.0,32456.29838925385,9197.173774836438,30,41,17,28,True,DETECTED_ABNORMAL
OOF,abnormal,A0008,1,16,16,1.0,9328.296664417388,6249.217782586142,8,16,0,6,True,DETECTED_ABNORMAL
OOF,abnormal,A0011,1,41,41,1.0,10811.087986147664,4555.59125211511,10,41,5,40,True,DETECTED_ABNORMAL
OOF,abnormal,A0013,1,19,19,1.0,24503.84550923142,12885.877289113932,19,19,16,0,True,DETECTED_ABNORMAL
OOF,abnormal,A0014,1,6,6,1.0,3591.982739814337,1242.9617898289182,1,3,2,6,True,DETECTED_ABNORMAL
OOF,abnormal,A0015,1,41,41,1.0,16714.245308313486,4931.178909903878,16,26,0,22,True,DETECTED_ABNORMAL
OOF,abnormal,A0016,1,41,41,1.0,5731.891486328128,2588.9466018163876,11,37,1,31,True,DETECTED_ABNORMAL
OOF,abnormal,A0018,1,15,15,1.0,27653.77284252952,17784.046493986454,15,15,14,14,True,DETECTED_ABNORMAL
OOF,abnormal,A0019,1,1,1,1.0,1656.3013190723009,1656.3013190723009,0,1,0,1,True,DETECTED_ABNORMAL
OOF,abnormal,A0020,1,6,6,1.0,2860.345263406397,2361.1983856196025,0,6,2,0,True,DETECTED_ABNORMAL
OOF,normal,N0000,0,32,0,0.0,137.22210210566024,45.90843706442996,0,0,0,0,False,CLEAN_NORMAL
OOF,normal,N0001,0,28,0,0.0,50.5133049729177,30.347186179875628,0,0,0,0,False,CLEAN_NORMAL
OOF,normal,N0003,0,1,0,0.0,31.496102420893525,31.496102420893525,0,0,0,0,False,CLEAN_NORMAL
OOF,normal,N0004,0,41,0,0.0,137.99859016170996,47.85027911057537,0,0,0,3,False,CLEAN_NORMAL
OOF,normal,N0005,0,41,0,0.0,86.71684109402415,44.125220991893194,0,0,0,0,False,CLEAN_NORMAL
OOF,normal,N0006,0,41,2,0.04878048780487805,311.5604308748162,98.36073925934475,0,1,19,3,True,FALSE_ALARM_NORMAL
OOF,normal,N0008,0,17,0,0.0,40.08446599334759,27.931198036012113,0,0,0,0,False,CLEAN_NORMAL
OOF,normal,N0009,0,4,0,0.0,58.48410302442159,46.926466308192076,0,0,0,0,False,CLEAN_NORMAL
OOF,normal,N0010,0,41,0,0.0,62.67174924111376,35.663090229467095,0,4,0,0,False,CLEAN_NORMAL
OOF,normal,N0011,0,41,2,0.04878048780487805,198.5275820408179,61.063384524080256,0,0,0,1,True,FALSE_ALARM_NORMAL
OOF,normal,N0013,0,16,1,0.0625,291.162446574802,88.73992054260282,0,1,3,0,True,FALSE_ALARM_NORMAL
OOF,normal,N0014,0,5,0,0.0,41.65683108838808,30.429771586171107,0,0,0,0,False,CLEAN_NORMAL
OOF,normal,N0015,0,41,0,0.0,86.45179038677058,48.49506369899473,0,0,6,4,False,CLEAN_NORMAL
OOF,normal,N0016,0,41,0,0.0,75.39203818067172,32.750874990033864,0,4,0,0,False,CLEAN_NORMAL
OOF,normal,N0018,0,27,0,0.0,42.37974987847826,27.407225223631556,0,0,0,0,False,CLEAN_NORMAL
OOF,normal,N0019,0,14,5,0.35714285714285715,259.45144756191587,119.14438446153122,0,0,11,0,True,FALSE_ALARM_NORMAL
OOF,normal,N0020,0,13,0,0.0,48.258989767928696,32.23985990031384,0,0,0,0,False,CLEAN_NORMAL
OOF,normal,N0021,0,2,0,0.0,33.52969104852574,30.11737815005612,0,0,0,0,False,CLEAN_NORMAL
OOF,normal,N0023,0,41,10,0.24390243902439024,465.5188639125242,111.91114825932068,0,0,16,1,True,FALSE_ALARM_NORMAL
OOF,normal,N0024,0,27,0,0.0,70.71583226669959,40.45716736933617,0,0,0,0,False,CLEAN_NORMAL
OOF,normal,N0025,0,17,0,0.0,89.35333211414066,48.52989779879985,0,0,3,0,False,CLEAN_NORMAL
OOF,normal,N0026,0,3,0,0.0,64.43966392391926,51.04440505468691,0,0,0,0,False,CLEAN_NORMAL
OOF,normal,N0028,0,41,0,0.0,73.64193629489583,32.70542830435156,0,0,1,0,False,CLEAN_NORMAL
OOF,normal,N0029,0,33,0,0.0,79.33628190065303,41.518687530685895,0,0,0,0,False,CLEAN_NORMAL
OOF,normal,N0030,0,18,0,0.0,68.72309013134253,43.36151483493518,0,0,0,0,False,CLEAN_NORMAL
OOF,normal,N0031,0,4,0,0.0,35.554702052116994,28.517269661378947,0,0,0,0,False,CLEAN_NORMAL
OOF,normal,N0033,0,41,0,0.0,88.59149505021695,54.13716111750617,0,5,0,0,False,CLEAN_NORMAL
OOF,normal,N0034,0,41,0,0.0,74.53215911373887,44.89967766126617,0,1,0,0,False,CLEAN_NORMAL
OOF,normal,N0035,0,29,1,0.034482758620689655,147.90736114198515,63.76527590663586,0,0,0,1,True,FALSE_ALARM_NORMAL
OOF,normal,N0036,0,28,0,0.0,62.46200854461602,32.45259940263727,0,0,0,0,False,CLEAN_NORMAL
OOF,normal,N0038,0,3,0,0.0,55.68334487539043,46.76513311126001,0,0,0,0,False,CLEAN_NORMAL
OOF,normal,N0039,0,3,0,0.0,85.0863774602547,80.038182541262,0,0,1,0,False,CLEAN_NORMAL
OOF,normal,N0041,0,41,0,0.0,54.53979105749708,34.8610244588228,0,0,0,0,False,CLEAN_NORMAL
OOF,normal,N0043,0,34,0,0.0,81.34551781606235,42.507867590464514,0,0,3,0,False,CLEAN_NORMAL
OOF,normal,N0044,0,20,0,0.0,48.76621981160961,26.218697718894408,0,0,0,0,False,CLEAN_NORMAL
OOF,normal,N0045,0,8,0,0.0,113.53422410363636,64.41445794891587,0,0,0,1,False,CLEAN_NORMAL
OOF,normal,N0048,0,41,2,0.04878048780487805,168.1825285288725,63.96435964773613,0,0,0,4,True,FALSE_ALARM_NORMAL
OOF,normal,N0049,0,31,7,0.22580645161290322,211.4996946709144,89.19831751241902,0,0,0,0,True,FALSE_ALARM_NORMAL
OOF,normal,N0050,0,13,0,0.0,49.96515691876759,34.8662379240145,0,0,0,0,False,CLEAN_NORMAL
OOF,normal,N0051,0,41,0,0.0,91.98935400467153,48.69996824541859,0,0,0,1,False,CLEAN_NORMAL
OOF,normal,N0053,0,41,0,0.0,97.78507688731764,47.674883433059875,0,1,1,0,False,CLEAN_NORMAL
OOF,normal,N0054,0,41,0,0.0,79.39093148095567,49.61501439248592,0,0,0,2,False,CLEAN_NORMAL
OOF,normal,N0055,0,41,0,0.0,48.058356619904046,28.312073137939656,0,0,0,0,False,CLEAN_NORMAL
OOF,normal,N0056,0,41,0,0.0,112.63102819386135,45.971974194286545,0,0,0,0,False,CLEAN_NORMAL
OOF,normal,N0058,0,41,0,0.0,116.57113511672964,54.24315322332299,0,0,5,0,False,CLEAN_NORMAL
OOF,normal,N0059,0,41,0,0.0,59.20898799221936,30.549160573249782,0,0,0,0,False,CLEAN_NORMAL
OOF,normal,N0060,0,41,0,0.0,40.8443365022278,28.548800266746404,0,0,0,0,False,CLEAN_NORMAL
OOF,normal,N0061,0,41,0,0.0,98.1229912720848,57.4745157573115,0,0,3,5,False,CLEAN_NORMAL
OOF,normal,N0063,0,41,0,0.0,61.04679926898504,33.66631776790399,0,0,1,0,False,CLEAN_NORMAL
OOF,normal,N0064,0,41,11,0.2682926829268293,261.8887070868931,109.49826748749923,0,3,5,0,True,FALSE_ALARM_NORMAL
OOF,normal,N0065,0,41,0,0.0,53.33009362393888,35.708148958906776,0,1,1,0,False,CLEAN_NORMAL
OOF,normal,N0066,0,41,0,0.0,98.64041511193878,40.13419520964396,0,5,0,0,False,CLEAN_NORMAL
OOF,normal,N0068,0,41,0,0.0,65.82464786239524,41.101969442170244,0,1,0,0,False,CLEAN_NORMAL
OOF,normal,N0069,0,41,0,0.0,74.2355267082878,51.681252726584475,0,0,0,1,False,CLEAN_NORMAL
OOF,normal,N0070,0,41,0,0.0,46.30045810453426,25.551737170264815,0,0,0,0,False,CLEAN_NORMAL
OOF,normal,N0071,0,41,0,0.0,110.10189894086804,43.10060240573051,0,3,0,0,False,CLEAN_NORMAL
OOF,normal,N0073,0,41,0,0.0,127.81201327570771,52.16243251942134,0,0,0,0,False,CLEAN_NORMAL
OOF,normal,N0074,0,41,0,0.0,88.80191429789834,43.80509636149084,0,2,0,3,False,CLEAN_NORMAL
OOF,normal,N0075,0,41,0,0.0,49.35985305644057,29.374857526152976,0,1,0,0,False,CLEAN_NORMAL
OOF,normal,N0076,0,41,0,0.0,99.90514741015453,51.718956045682305,0,0,0,0,False,CLEAN_NORMAL
OOF,normal,N0078,0,41,0,0.0,55.68912579434801,31.29351845087057,0,0,0,0,False,CLEAN_NORMAL
OOF,normal,N0079,0,41,0,0.0,78.03251299310713,53.56313608223146,0,3,0,0,False,CLEAN_NORMAL
OOF,normal,N0080,0,33,0,0.0,46.46627873676752,30.236504740911496,0,0,0,0,False,CLEAN_NORMAL
OOF,normal,N0081,0,22,0,0.0,64.52935974442357,32.86589507226128,0,0,0,0,False,CLEAN_NORMAL
OOF,normal,N0084,0,41,0,0.0,74.52005078464397,38.688348549306106,0,0,0,0,False,CLEAN_NORMAL
OOF,normal,N0085,0,37,0,0.0,38.39342857166445,23.21670165204992,0,0,0,0,False,CLEAN_NORMAL
OOF,normal,N0086,0,24,0,0.0,73.12747270131997,39.78272562418406,0,0,1,1,False,CLEAN_NORMAL
OOF,normal,N0088,0,3,0,0.0,32.23499936581399,27.531204666783015,0,0,0,0,False,CLEAN_NORMAL
OOF,normal,N0089,0,41,0,0.0,79.004632930238,47.595769459576246,0,0,4,0,False,CLEAN_NORMAL
OOF,normal,N0090,0,40,0,0.0,48.14659427918618,28.987708749182975,0,0,0,0,False,CLEAN_NORMAL
OOF,normal,N0091,0,27,2,0.07407407407407407,147.74868406433433,81.1846855066139,0,0,0,1,True,FALSE_ALARM_NORMAL
OOF,normal,N0094,0,41,3,0.07317073170731707,187.3862577291899,64.50795096242263,2,5,0,0,True,FALSE_ALARM_NORMAL
OOF,normal,N0095,0,41,0,0.0,107.13182484338388,36.9734692076251,0,0,0,0,False,CLEAN_NORMAL
OOF,normal,N0096,0,29,0,0.0,106.54747892697372,42.50231318918559,0,0,1,2,False,CLEAN_NORMAL
OOF,normal,N0098,0,15,1,0.06666666666666667,141.57807306866954,78.12815502533527,0,0,1,3,True,FALSE_ALARM_NORMAL
OOF,normal,N0099,0,3,0,0.0,60.33462469941247,58.99359815099396,0,0,0,0,False,CLEAN_NORMAL
OOF,normal,N0100,0,41,0,0.0,73.24269955367296,42.635377715688094,0,0,0,0,False,CLEAN_NORMAL
OOF,normal,N0101,0,41,0,0.0,74.51072934496469,40.54003673269028,0,0,11,0,False,CLEAN_NORMAL
OOF,normal,N0103,0,25,0,0.0,75.85101424528423,40.5532116519484,0,0,0,0,False,CLEAN_NORMAL
OOF,normal,N0104,0,25,0,0.0,82.4427787611689,54.04557264202095,0,0,0,3,False,CLEAN_NORMAL
OOF,normal,N0105,0,13,0,0.0,44.61668079226782,31.33066575736691,0,0,0,0,False,CLEAN_NORMAL
OOF,normal,N0108,0,41,0,0.0,75.75480062682779,48.02897365934853,0,0,0,1,False,CLEAN_NORMAL
OOF,normal,N0109,0,28,0,0.0,49.04877695164431,27.98867223538923,0,0,0,0,False,CLEAN_NORMAL
OOF,normal,N0110,0,14,0,0.0,75.16157414695299,51.40998686270118,0,0,1,0,False,CLEAN_NORMAL
OOF,normal,N0111,0,1,0,0.0,29.619958343382187,29.619958343382187,0,0,0,0,False,CLEAN_NORMAL
OOF,normal,N0113,0,41,0,0.0,65.80667555221994,36.23775725041673,0,0,1,0,False,CLEAN_NORMAL
OOF,normal,N0114,0,31,0,0.0,57.462577547679,29.615328993067806,0,0,0,0,False,CLEAN_NORMAL
OOF,normal,N0115,0,18,0,0.0,55.81351181548052,38.48521674820726,0,0,0,0,False,CLEAN_NORMAL
OOF,normal,N0116,0,18,0,0.0,54.21983365005269,34.51020771205137,0,0,0,0,False,CLEAN_NORMAL
OOF,normal,N0119,0,41,0,0.0,60.14121030056719,33.76507373358717,0,0,0,0,False,CLEAN_NORMAL
OOF,normal,N0120,0,41,2,0.04878048780487805,150.00195548409127,60.872180790579975,0,0,0,5,True,FALSE_ALARM_NORMAL
OOF,normal,N0121,0,33,0,0.0,95.77780613487997,38.40620319768332,0,0,0,0,False,CLEAN_NORMAL
OOF,normal,N0123,0,9,0,0.0,52.29710984319125,39.53101021974888,0,0,0,0,False,CLEAN_NORMAL
OOF,normal,N0125,0,41,0,0.0,126.40666992530925,59.167573519549514,0,2,0,6,False,CLEAN_NORMAL
OOF,normal,N0126,0,41,0,0.0,68.1683317358325,48.707689306783074,0,0,0,1,False,CLEAN_NORMAL
OOF,normal,N0128,0,27,0,0.0,96.12719307499968,40.55386070126983,0,0,0,0,False,CLEAN_NORMAL
OOF,normal,N0129,0,11,0,0.0,45.31931935148813,35.53747424265465,0,0,0,0,False,CLEAN_NORMAL
OOF,normal,N0131,0,41,0,0.0,129.11195873649308,55.343618907655525,0,0,0,3,False,CLEAN_NORMAL
OOF,normal,N0133,0,26,0,0.0,85.01555012155809,52.714006663015795,0,0,0,5,False,CLEAN_NORMAL
OOF,normal,N0134,0,13,0,0.0,52.87136320114092,34.98777583758549,0,0,0,2,False,CLEAN_NORMAL
OOF,normal,N0136,0,41,0,0.0,43.22261974937374,25.809379902114394,0,0,0,0,False,CLEAN_NORMAL
OOF,normal,N0138,0,39,0,0.0,52.0021055471611,37.02195935698231,0,0,0,0,False,CLEAN_NORMAL
OOF,normal,N0139,0,26,0,0.0,109.55524750338036,46.364358335796574,0,0,3,0,False,CLEAN_NORMAL
OOF,normal,N0140,0,14,4,0.2857142857142857,156.2063320691803,102.74714979297451,0,0,0,3,True,FALSE_ALARM_NORMAL
OOF,normal,N0141,0,4,0,0.0,64.92263819600136,57.93082413802139,0,0,0,2,False,CLEAN_NORMAL
OOF,normal,N0144,0,41,0,0.0,139.73326992563076,48.69353717896931,0,0,0,0,False,CLEAN_NORMAL
OOF,normal,N0145,0,41,0,0.0,59.83534768738902,36.80378096591783,0,0,0,0,False,CLEAN_NORMAL
OOF,normal,N0146,0,31,0,0.0,108.6767855929032,44.49105338919473,0,0,0,1,False,CLEAN_NORMAL
OOF,normal,N0148,0,17,0,0.0,46.86313449450774,35.64255128457153,0,0,0,0,False,CLEAN_NORMAL
OOF,normal,N0149,0,6,0,0.0,101.09801907042784,86.74175100154036,0,3,0,0,False,CLEAN_NORMAL
OOF,normal,N0153,0,41,0,0.0,44.8113355478952,27.677375811242467,0,0,0,0,False,CLEAN_NORMAL
OOF,normal,N0154,0,38,0,0.0,96.06768636685332,45.03807283540383,0,0,0,0,False,CLEAN_NORMAL
OOF,normal,N0155,0,25,0,0.0,79.66453027254597,47.6733392443036,0,0,0,0,False,CLEAN_NORMAL
OOF,normal,N0156,0,10,0,0.0,39.30815007696663,25.30065099581801,0,0,0,0,False,CLEAN_NORMAL
OOF,normal,N0158,0,41,0,0.0,45.16043519584151,27.480225998161856,0,0,0,0,False,CLEAN_NORMAL
OOF,normal,N0159,0,41,2,0.04878048780487805,205.3880183555117,53.460164107162186,0,0,6,0,True,FALSE_ALARM_NORMAL
OOF,normal,N0160,0,29,0,0.0,58.57498559131242,40.856869379891776,0,0,1,0,False,CLEAN_NORMAL
OOF,normal,N0161,0,17,0,0.0,56.68570267593737,36.15991151720858,0,0,0,0,False,CLEAN_NORMAL
OOF,normal,N0164,0,41,5,0.12195121951219512,182.7882808425198,89.8486642504407,0,0,5,2,True,FALSE_ALARM_NORMAL
OOF,normal,N0165,0,34,0,0.0,70.44822820697883,42.61446776808737,0,0,0,0,False,CLEAN_NORMAL
OOF,normal,N0166,0,23,0,0.0,49.73169289517513,30.011892830975473,0,0,0,0,False,CLEAN_NORMAL
OOF,normal,N0169,0,41,0,0.0,120.89151417760806,48.731568346669995,0,0,0,1,False,CLEAN_NORMAL
OOF,normal,N0170,0,33,0,0.0,102.13856684069457,56.57002225805927,0,2,1,0,False,CLEAN_NORMAL
OOF,normal,N0171,0,18,0,0.0,56.08448124925051,36.39428150063743,0,0,0,0,False,CLEAN_NORMAL
OOF,normal,N0173,0,5,0,0.0,43.06204929571615,33.11135442548239,0,0,0,0,False,CLEAN_NORMAL
OOF,normal,N0175,0,41,0,0.0,74.35776890239607,38.37144635485476,0,0,0,0,False,CLEAN_NORMAL
OOF,normal,N0176,0,41,0,0.0,69.6736026788675,40.585328686551655,0,0,0,0,False,CLEAN_NORMAL
OOF,normal,N0178,0,23,12,0.5217391304347826,294.1591430311766,154.68427479216737,15,23,0,0,True,FALSE_ALARM_NORMAL
OOF,normal,N0179,0,11,0,0.0,57.25490113036784,35.562893343771876,0,0,0,0,False,CLEAN_NORMAL
OOF,normal,N0181,0,41,0,0.0,98.6656068420004,48.86302536614605,0,0,0,0,False,CLEAN_NORMAL
OOF,normal,N0183,0,23,0,0.0,54.38047111675179,36.84125270640845,0,0,0,0,False,CLEAN_NORMAL
OOF,normal,N0184,0,24,0,0.0,69.55005572588128,35.785655219320596,0,0,0,0,False,CLEAN_NORMAL
OOF,normal,N0185,0,13,0,0.0,51.91787532519913,32.603705163154935,0,0,0,0,False,CLEAN_NORMAL
OOF,normal,N0188,0,41,0,0.0,84.86603085565515,47.4377623740078,0,0,5,0,False,CLEAN_NORMAL
OOF,normal,N0189,0,27,0,0.0,63.25995581997567,37.55439924112999,0,0,0,0,False,CLEAN_NORMAL
OOF,normal,N0190,0,17,0,0.0,109.21145616631073,69.14440082226533,0,0,0,0,False,CLEAN_NORMAL
OOF,normal,N0191,0,3,0,0.0,32.13780946986938,29.78932723544408,0,0,0,0,False,CLEAN_NORMAL
OOF,normal,N0193,0,41,0,0.0,107.57193258609767,49.16904887485969,0,0,2,0,False,CLEAN_NORMAL
OOF,normal,N0194,0,33,0,0.0,59.86304678354049,33.1290607582616,0,0,0,0,False,CLEAN_NORMAL
OOF,normal,N0195,0,20,0,0.0,140.06107609618155,68.04255849982918,0,0,0,0,False,CLEAN_NORMAL
OOF,normal,N0196,0,9,0,0.0,58.24996638193859,35.606413974320404,0,0,0,0,False,CLEAN_NORMAL
OOF,normal,N0198,0,41,0,0.0,76.93048034421535,44.4843516627695,0,4,1,0,False,CLEAN_NORMAL
OOF,normal,N0199,0,40,0,0.0,49.74449892152642,28.842529907331432,0,0,0,0,False,CLEAN_NORMAL
OOF,normal,N0200,0,24,0,0.0,60.03255373105381,36.06825219719361,0,0,0,1,False,CLEAN_NORMAL
OOF,normal,N0201,0,13,3,0.23076923076923078,178.7255248063225,76.03686972992824,0,0,0,0,True,FALSE_ALARM_NORMAL
OOF,normal,N0203,0,41,0,0.0,55.54524925279308,37.34487955287148,0,0,0,0,False,CLEAN_NORMAL
OOF,normal,N0204,0,39,0,0.0,115.7452476816547,52.923192101616564,0,0,0,1,False,CLEAN_NORMAL
OOF,normal,N0205,0,24,0,0.0,38.63591966471364,24.51021024818458,0,0,0,0,False,CLEAN_NORMAL
OOF,normal,N0206,0,13,0,0.0,44.89840988224204,32.09473115177191,0,0,0,0,False,CLEAN_NORMAL
OOF,normal,N0208,0,2,0,0.0,56.28385309117529,52.38023722935756,0,0,0,0,False,CLEAN_NORMAL
OOF,normal,N0209,0,41,0,0.0,79.53940499670814,36.995372221453934,0,0,0,0,False,CLEAN_NORMAL
OOF,normal,N0210,0,41,0,0.0,80.30645490238884,42.751820226539024,0,0,0,1,False,CLEAN_NORMAL
OOF,normal,N0211,0,41,0,0.0,80.69850627933259,39.69947644006507,0,0,0,0,False,CLEAN_NORMAL
OOF,normal,N0213,0,14,0,0.0,36.758924005992746,27.77510790214347,0,0,0,0,False,CLEAN_NORMAL
OOF,normal,N0214,0,3,0,0.0,36.370131941116206,28.310063778341128,0,0,0,0,False,CLEAN_NORMAL
OOF,normal,N0215,0,1,0,0.0,84.10014748148858,84.10014748148858,0,0,0,0,False,CLEAN_NORMAL
OOF,normal,N0216,0,41,0,0.0,105.71007794805236,48.45740151728778,0,0,0,0,False,CLEAN_NORMAL
OOF,normal,N0218,0,29,0,0.0,123.73061793438244,48.589044459100144,0,0,0,0,False,CLEAN_NORMAL
OOF,normal,N0219,0,15,0,0.0,75.85869677158773,43.074555427779536,0,0,2,0,False,CLEAN_NORMAL
OOF,normal,N0220,0,5,0,0.0,26.62273182561107,21.218055670613346,0,0,0,0,False,CLEAN_NORMAL
OOF,normal,N0221,0,41,0,0.0,88.48289768534163,51.514995610784744,0,0,0,0,False,CLEAN_NORMAL
OOF,normal,N0223,0,31,0,0.0,139.8754452080369,77.44978336651428,0,0,0,2,False,CLEAN_NORMAL
OOF,normal,N0224,0,20,0,0.0,85.26502767390002,41.695971669762244,0,0,1,0,False,CLEAN_NORMAL
OOF,normal,N0225,0,6,0,0.0,45.82751234788804,37.52713735874051,0,1,0,0,False,CLEAN_NORMAL
OOF,normal,N0228,0,41,0,0.0,62.25166327611716,34.18727178716824,0,0,0,0,False,CLEAN_NORMAL
OOF,normal,N0229,0,34,0,0.0,73.66082291114088,32.1998307509893,0,0,0,0,False,CLEAN_NORMAL
OOF,normal,N0230,0,23,0,0.0,92.74103343145804,55.73636352310667,0,0,0,2,False,CLEAN_NORMAL
OOF,normal,N0231,0,7,0,0.0,54.47170349401943,44.62095350215078,0,0,0,0,False,CLEAN_NORMAL
OOF,normal,N0233,0,41,0,0.0,87.62399326198799,49.17383237966998,0,0,0,5,False,CLEAN_NORMAL
OOF,normal,N0234,0,41,0,0.0,54.75178217359024,34.839163060029094,0,0,0,0,False,CLEAN_NORMAL
OOF,normal,N0235,0,32,0,0.0,99.94732773989874,52.940430245776874,0,0,0,0,False,CLEAN_NORMAL
OOF,normal,N0236,0,17,0,0.0,50.80509482216657,36.35199751293742,0,0,0,0,False,CLEAN_NORMAL
OOF,normal,N0239,0,41,0,0.0,36.38382094089733,22.896496050769795,0,0,0,0,False,CLEAN_NORMAL
OOF,normal,N0240,0,41,0,0.0,58.841272710251936,36.7424877744826,0,0,0,0,False,CLEAN_NORMAL
OOF,normal,N0241,0,34,0,0.0,88.6692127208673,43.536646606121096,0,1,2,0,False,CLEAN_NORMAL
OOF,normal,N0243,0,7,0,0.0,64.7384678774957,40.69853489529384,0,0,0,2,False,CLEAN_NORMAL
OOF,normal,N0245,0,41,0,0.0,67.99644323567885,38.341498381219,0,0,0,2,False,CLEAN_NORMAL
OOF,normal,N0246,0,41,0,0.0,50.33068898044572,26.30875545704572,0,0,0,0,False,CLEAN_NORMAL
OOF,normal,N0248,0,26,0,0.0,89.19355880996446,39.45824995852483,0,0,2,0,False,CLEAN_NORMAL
OOF,normal,N0249,0,14,0,0.0,45.31494579651156,29.66299592905843,0,0,0,0,False,CLEAN_NORMAL
OOF,normal,N0251,0,41,0,0.0,109.58029354150544,39.26850891891498,0,2,5,0,False,CLEAN_NORMAL
OOF,normal,N0253,0,29,0,0.0,56.69772981336366,33.71683078192048,0,0,3,0,False,CLEAN_NORMAL
OOF,normal,N0254,0,18,2,0.1111111111111111,147.801969113911,68.27630783903982,0,0,0,0,True,FALSE_ALARM_NORMAL
OOF,normal,N0255,0,4,0,0.0,31.30842272517812,21.377583445056622,0,0,0,0,False,CLEAN_NORMAL
OOF,normal,N0258,0,36,0,0.0,75.19690414924844,41.204917808118864,0,0,1,0,False,CLEAN_NORMAL
OOF,normal,N0259,0,23,0,0.0,76.3529513543857,49.07558686984865,0,0,0,1,False,CLEAN_NORMAL
OOF,normal,N0260,0,10,0,0.0,55.90526750919238,40.536591538099216,0,0,0,0,False,CLEAN_NORMAL
OOF,normal,N0261,0,12,0,0.0,48.62547953248641,36.34775063500758,0,0,0,0,False,CLEAN_NORMAL
OOF,normal,N0264,0,41,0,0.0,61.24406379776069,39.87829225975919,0,1,0,0,False,CLEAN_NORMAL
OOF,normal,N0265,0,41,0,0.0,70.13642209270351,30.04072159151754,0,0,1,0,False,CLEAN_NORMAL
OOF,normal,N0266,0,30,0,0.0,72.29647340329834,42.177755950340355,0,0,0,6,False,CLEAN_NORMAL
OOF,normal,N0268,0,6,0,0.0,31.50306815671192,28.411596135810964,0,0,0,0,False,CLEAN_NORMAL
OOF,normal,N0270,0,41,0,0.0,64.43779947875115,48.04183048665003,0,3,1,0,False,CLEAN_NORMAL
OOF,normal,N0271,0,41,0,0.0,101.97551864969992,40.49622350342364,0,0,1,0,False,CLEAN_NORMAL
OOF,normal,N0273,0,36,0,0.0,40.14540572603547,25.344001460936017,0,0,0,0,False,CLEAN_NORMAL
OOF,normal,N0274,0,41,0,0.0,130.73509202082002,39.15175088985609,0,0,0,1,False,CLEAN_NORMAL
OOF,normal,N0275,0,38,0,0.0,72.32069184417166,37.85624975720271,0,0,0,0,False,CLEAN_NORMAL
OOF,normal,N0276,0,23,0,0.0,134.58668404570187,64.67265112026269,0,0,0,0,False,CLEAN_NORMAL
OOF,normal,N0280,0,41,0,0.0,100.6239540913164,58.11156325307581,0,1,0,14,False,CLEAN_NORMAL
OOF,normal,N0281,0,39,0,0.0,81.64834963986709,42.666596386252245,0,0,0,3,False,CLEAN_NORMAL
OOF,normal,N0283,0,13,1,0.07692307692307693,153.91775256530272,75.38639476295897,1,1,0,4,True,FALSE_ALARM_NORMAL
OOF,normal,N0284,0,1,0,0.0,42.24780710958783,42.24780710958783,0,0,0,0,False,CLEAN_NORMAL
OOF,normal,N0285,0,41,1,0.024390243902439025,160.27453250398747,61.31444957536921,0,3,7,0,True,FALSE_ALARM_NORMAL
OOF,normal,N0286,0,41,0,0.0,92.62516762828238,45.71463406642005,0,0,2,1,False,CLEAN_NORMAL
OOF,normal,N0288,0,27,0,0.0,113.14649345179171,58.76004565391177,0,0,0,0,False,CLEAN_NORMAL
OOF,normal,N0289,0,15,0,0.0,62.88160942013134,46.706338493368406,0,0,0,0,False,CLEAN_NORMAL
OOF,normal,N0290,0,4,0,0.0,38.21818907365062,29.827630301610114,0,0,0,0,False,CLEAN_NORMAL
OOF,normal,N0293,0,41,0,0.0,44.101322616074576,24.766432936102394,0,0,0,0,False,CLEAN_NORMAL
OOF,normal,N0294,0,33,0,0.0,108.42201259782992,71.82363507388068,0,0,0,2,False,CLEAN_NORMAL
OOF,normal,N0295,0,20,0,0.0,99.44987934693926,49.84325018686023,0,0,0,0,False,CLEAN_NORMAL
OOF,normal,N0296,0,11,0,0.0,30.67075017606193,22.563721863019836,0,0,0,0,False,CLEAN_NORMAL
OOF,normal,N0298,0,41,0,0.0,61.537467448854784,31.767098612642013,0,0,0,0,False,CLEAN_NORMAL
OOF,normal,N0299,0,39,0,0.0,61.76596869382514,44.886613604033585,0,0,0,1,False,CLEAN_NORMAL
OOF,normal,N0300,0,27,0,0.0,73.55828613345531,44.75772537013219,0,1,0,0,False,CLEAN_NORMAL
OOF,normal,N0301,0,11,0,0.0,105.3089611240264,77.98826262072798,0,1,0,0,False,CLEAN_NORMAL
OOF,normal,N0303,0,41,1,0.024390243902439025,154.821510396,83.02838077512415,7,6,0,6,True,FALSE_ALARM_NORMAL
OOF,normal,N0304,0,41,0,0.0,64.7285447595123,36.00109773895555,0,0,0,0,False,CLEAN_NORMAL
OOF,normal,N0305,0,29,0,0.0,56.34969835914606,32.32624787559542,0,0,0,0,False,CLEAN_NORMAL
OOF,normal,N0306,0,26,0,0.0,71.43439541844188,48.16589602750972,0,0,0,6,False,CLEAN_NORMAL
OOF,normal,N0309,0,41,0,0.0,67.56245002195385,32.56177842591788,0,0,0,0,False,CLEAN_NORMAL
OOF,normal,N0310,0,41,5,0.12195121951219512,161.5327288490361,88.83921417507183,0,0,0,11,True,FALSE_ALARM_NORMAL
OOF,normal,N0311,0,29,0,0.0,37.8850952297157,25.395451987928485,0,0,0,0,False,CLEAN_NORMAL
OOF,normal,N0313,0,8,0,0.0,64.47297808797335,54.85651969626235,0,0,1,3,False,CLEAN_NORMAL
OOF,normal,N0315,0,41,0,0.0,93.93377707551392,45.048547194601234,0,0,1,5,False,CLEAN_NORMAL
OOF,normal,N0316,0,41,0,0.0,103.93951641103632,39.721302971424514,0,0,5,0,False,CLEAN_NORMAL
OOF,normal,N0318,0,22,0,0.0,78.00130562427417,37.53142493479708,0,0,0,1,False,CLEAN_NORMAL
OOF,normal,N0319,0,7,0,0.0,49.33235287804501,34.965342775127475,0,0,0,0,False,CLEAN_NORMAL
OOF,normal,N0323,0,41,2,0.04878048780487805,351.96205942312594,58.80337513270854,0,0,1,0,True,FALSE_ALARM_NORMAL
OOF,normal,N0324,0,35,0,0.0,49.52451813388735,31.376840416021594,0,0,0,0,False,CLEAN_NORMAL
OOF,normal,N0325,0,21,0,0.0,74.54175829762448,44.958489181086904,0,0,0,0,False,CLEAN_NORMAL
OOF,normal,N0326,0,10,0,0.0,47.68392703305844,34.1797668382757,0,0,0,0,False,CLEAN_NORMAL
OOF,normal,N0328,0,41,0,0.0,126.5580571531288,53.542238039030295,0,1,1,0,False,CLEAN_NORMAL
OOF,normal,N0329,0,41,0,0.0,90.81855333653064,39.005791152187854,0,0,2,0,False,CLEAN_NORMAL
OOF,normal,N0330,0,33,0,0.0,74.10632620050137,42.63988975298461,0,0,0,2,False,CLEAN_NORMAL
OOF,normal,N0331,0,21,0,0.0,92.23386418698134,49.12995159318451,0,7,0,0,False,CLEAN_NORMAL
OOF,normal,N0334,0,41,0,0.0,102.75810262387182,54.13131513113516,0,0,0,10,False,CLEAN_NORMAL
OOF,normal,N0335,0,36,0,0.0,113.9502782517438,47.98250687849921,0,0,0,0,False,CLEAN_NORMAL
OOF,normal,N0336,0,25,0,0.0,82.57322017512162,38.48062942950246,0,0,0,0,False,CLEAN_NORMAL
OOF,normal,N0338,0,11,0,0.0,63.42905013715942,47.28257353831637,0,1,0,0,False,CLEAN_NORMAL
OOF,normal,N0340,0,41,0,0.0,37.8034446709652,26.34866316006107,0,0,0,0,False,CLEAN_NORMAL
OOF,normal,N0341,0,41,0,0.0,67.17981558896535,46.04956525877771,0,0,5,0,False,CLEAN_NORMAL
OOF,normal,N0343,0,25,0,0.0,40.58203776392179,26.86234676818935,0,0,0,0,False,CLEAN_NORMAL
OOF,normal,N0344,0,12,0,0.0,76.69598569366345,44.58141255211543,0,0,0,0,False,CLEAN_NORMAL
OOF,normal,N0345,0,5,0,0.0,64.75078980326573,45.39422607926325,0,0,0,0,False,CLEAN_NORMAL
OOF,normal,N0348,0,41,0,0.0,85.69582850162352,50.09145964564378,0,0,0,7,False,CLEAN_NORMAL
OOF,normal,N0349,0,32,0,0.0,42.53771989291307,25.893617842932805,0,0,0,0,False,CLEAN_NORMAL
OOF,normal,N0350,0,19,0,0.0,102.78503825233297,48.41814029978144,0,0,0,0,False,CLEAN_NORMAL
OOF,normal,N0351,0,9,0,0.0,96.23691577778636,62.33847269899031,0,0,0,3,False,CLEAN_NORMAL
OOF,normal,N0353,0,41,2,0.04878048780487805,220.061835072444,61.790051797068415,0,1,2,0,True,FALSE_ALARM_NORMAL
OOF,normal,N0354,0,41,0,0.0,93.8284407561304,57.73659312841753,0,3,8,0,False,CLEAN_NORMAL
OOF,normal,N0355,0,37,0,0.0,47.79838044473914,27.40608632758714,0,0,0,0,False,CLEAN_NORMAL
OOF,normal,N0356,0,23,0,0.0,78.32198520321376,54.16536788602911,0,0,0,1,False,CLEAN_NORMAL
OOF,normal,N0359,0,41,4,0.0975609756097561,178.78178170370805,66.73149703715717,1,13,0,0,True,FALSE_ALARM_NORMAL
OOF,normal,N0360,0,41,0,0.0,112.29226059342598,51.35361483984543,0,0,5,2,False,CLEAN_NORMAL
OOF,normal,N0361,0,41,0,0.0,90.67328858563894,58.46027979696564,0,0,0,0,False,CLEAN_NORMAL
OOF,normal,N0363,0,12,0,0.0,62.52454885873249,45.90834032800161,0,0,0,1,False,CLEAN_NORMAL
OOF,normal,N0365,0,41,0,0.0,110.21853313338968,54.06356376053744,0,0,0,3,False,CLEAN_NORMAL
OOF,normal,N0366,0,41,1,0.024390243902439025,171.19953573152273,62.20198900113556,4,11,1,0,True,FALSE_ALARM_NORMAL
OOF,normal,N0368,0,18,0,0.0,126.90035587017049,81.76802202258409,0,0,0,1,False,CLEAN_NORMAL
OOF,normal,N0369,0,6,0,0.0,85.92899537081455,66.97488517472947,0,1,0,0,False,CLEAN_NORMAL
OOF,normal,N0371,0,41,3,0.07317073170731707,274.4139246443379,77.42258088307452,0,0,0,2,True,FALSE_ALARM_NORMAL
OOF,normal,N0373,0,34,0,0.0,94.76507632049534,42.640683567330335,0,0,2,0,False,CLEAN_NORMAL
OOF,normal,N0374,0,21,0,0.0,119.90049012070018,59.76049002471517,0,0,0,4,False,CLEAN_NORMAL
OOF,normal,N0375,0,12,0,0.0,59.98993951159953,40.26183247698587,0,0,2,0,False,CLEAN_NORMAL
OOF,normal,N0378,0,41,0,0.0,67.33035438407838,37.402897994719005,0,0,0,0,False,CLEAN_NORMAL
OOF,normal,N0379,0,34,0,0.0,95.44172779335064,58.4245086444564,1,1,5,8,False,CLEAN_NORMAL
OOF,normal,N0380,0,20,0,0.0,48.990167782398025,38.747673395715054,0,5,0,0,False,CLEAN_NORMAL
OOF,normal,N0381,0,4,0,0.0,88.34029374641884,73.56343187482851,0,0,0,1,False,CLEAN_NORMAL
OOF,normal,N0383,0,41,0,0.0,84.19587329291201,44.009442844690874,0,0,1,0,False,CLEAN_NORMAL
OOF,normal,N0384,0,41,0,0.0,42.47965543086777,24.870980216526142,0,0,0,0,False,CLEAN_NORMAL
OOF,normal,N0385,0,31,0,0.0,118.52837742773866,61.6118525320445,0,0,1,0,False,CLEAN_NORMAL
OOF,normal,N0386,0,19,0,0.0,136.37732420939307,68.85358330620109,0,0,0,0,False,CLEAN_NORMAL
OOF,normal,N0389,0,41,0,0.0,81.44736754194204,49.49156157051661,0,1,0,0,False,CLEAN_NORMAL
OOF,normal,N0390,0,41,2,0.04878048780487805,253.04881141098355,46.74835614081847,0,0,3,0,True,FALSE_ALARM_NORMAL
OOF,normal,N0391,0,30,0,0.0,70.75565241800155,49.46154121224984,0,0,1,1,False,CLEAN_NORMAL
OOF,normal,N0393,0,5,0,0.0,34.372543024145266,28.886353658165717,0,0,0,0,False,CLEAN_NORMAL
OOF,normal,N0395,0,41,0,0.0,64.10490332673662,37.9973905905325,0,1,1,0,False,CLEAN_NORMAL
OOF,normal,N0396,0,35,2,0.05714285714285714,176.06271688953402,73.17544409103813,0,0,1,0,True,FALSE_ALARM_NORMAL
OOF,normal,N0398,0,13,0,0.0,39.64922279419643,26.797719081180485,0,0,0,0,False,CLEAN_NORMAL
OOF,normal,N0400,0,41,0,0.0,96.25373645450718,47.70572761001107,0,1,0,0,False,CLEAN_NORMAL
OOF,normal,N0401,0,37,0,0.0,59.59127341633241,33.85345596196591,0,0,0,0,False,CLEAN_NORMAL
OOF,normal,N0403,0,12,0,0.0,78.5480526958985,60.27067454107822,0,1,1,0,False,CLEAN_NORMAL
OOF,normal,N0404,0,3,0,0.0,36.422184018248,31.353037665441054,0,0,0,0,False,CLEAN_NORMAL
OOF,normal,N0405,0,41,0,0.0,98.978706813845,46.55390502174907,0,6,5,0,False,CLEAN_NORMAL
OOF,normal,N0406,0,41,0,0.0,54.22242417523159,30.537302294230365,0,0,0,0,False,CLEAN_NORMAL
OOF,normal,N0408,0,16,0,0.0,39.488274634688885,28.652296884449576,0,0,0,0,False,CLEAN_NORMAL
OOF,normal,N0409,0,4,0,0.0,54.81152174047856,37.908179460065554,0,0,0,0,False,CLEAN_NORMAL
OOF,normal,N0410,0,41,0,0.0,96.01132482067344,50.09470161223392,0,2,0,0,False,CLEAN_NORMAL
OOF,normal,N0411,0,41,0,0.0,79.07250950743628,38.965356807558614,0,0,0,0,False,CLEAN_NORMAL
OOF,normal,N0413,0,19,1,0.05263157894736842,163.56841792169217,70.29787837575286,1,9,0,0,True,FALSE_ALARM_NORMAL
OOF,normal,N0414,0,6,0,0.0,56.897050578491466,39.4632153406331,0,0,0,0,False,CLEAN_NORMAL
OOF,normal,N0415,0,5,0,0.0,72.41179529752809,53.28383521614537,0,0,0,0,False,CLEAN_NORMAL
OOF,normal,N0418,0,41,0,0.0,65.2243648101878,38.905018647560915,0,0,0,2,False,CLEAN_NORMAL
OOF,normal,N0419,0,29,0,0.0,98.45459699806212,55.356096466768136,0,3,0,0,False,CLEAN_NORMAL
OOF,normal,N0420,0,14,0,0.0,55.84926464270734,44.95629933645857,0,0,0,0,False,CLEAN_NORMAL
OOF,normal,N0421,0,1,0,0.0,47.20859524960321,47.20859524960321,0,0,0,0,False,CLEAN_NORMAL
OOF,normal,N0423,0,40,0,0.0,35.79329851287694,22.703028154956616,0,0,0,0,False,CLEAN_NORMAL
OOF,normal,N0424,0,27,0,0.0,43.81539622899881,32.14173141157891,0,0,0,0,False,CLEAN_NORMAL
OOF,normal,N0425,0,15,0,0.0,98.5145279126579,64.58493321686997,0,2,3,0,False,CLEAN_NORMAL
OOF,normal,N0426,0,2,0,0.0,36.251965397668414,27.034262832277005,0,0,0,0,False,CLEAN_NORMAL
OOF,normal,N0428,0,41,0,0.0,43.09147121009896,24.666356461024158,0,0,0,0,False,CLEAN_NORMAL
OOF,normal,N0429,0,30,0,0.0,131.31102894912917,69.43068878835442,0,0,0,0,False,CLEAN_NORMAL
OOF,normal,N0430,0,19,0,0.0,83.89415953763772,51.83520683061164,0,2,2,0,False,CLEAN_NORMAL
OOF,normal,N0431,0,16,0,0.0,129.3089404506893,51.31829262781004,0,0,0,0,False,CLEAN_NORMAL
OOF,normal,N0433,0,41,0,0.0,71.78697866370123,44.24522444291901,0,0,0,5,False,CLEAN_NORMAL
OOF,normal,N0434,0,40,0,0.0,52.44946989839183,30.291603232583714,0,0,0,0,False,CLEAN_NORMAL
OOF,normal,N0435,0,26,0,0.0,94.20991418192747,57.034358525094596,0,0,0,0,False,CLEAN_NORMAL
OOF,normal,N0436,0,13,0,0.0,83.16246144770567,46.73843376131645,0,0,0,0,False,CLEAN_NORMAL
OOF,normal,N0438,0,41,0,0.0,46.31646787597009,26.033487952240133,0,0,0,0,False,CLEAN_NORMAL
OOF,normal,N0439,0,40,1,0.025,148.07532588430837,52.228162040583825,0,0,0,0,True,FALSE_ALARM_NORMAL
OOF,normal,N0440,0,25,0,0.0,108.91031850862606,64.62438414398075,0,3,3,0,False,CLEAN_NORMAL
OOF,normal,N0441,0,8,0,0.0,52.74530565723735,37.91899637398455,0,0,0,0,False,CLEAN_NORMAL
OOF,normal,N0443,0,41,0,0.0,89.10444116004375,44.632217804569606,0,0,0,1,False,CLEAN_NORMAL
OOF,normal,N0444,0,41,0,0.0,76.70647802162024,46.56028418919286,0,4,1,0,False,CLEAN_NORMAL
OOF,normal,N0445,0,35,0,0.0,62.27259529778444,44.441019717763275,0,1,0,0,False,CLEAN_NORMAL
OOF,normal,N0446,0,22,0,0.0,42.26823257559455,29.732833319854535,0,0,0,0,False,CLEAN_NORMAL
OOF,normal,N0449,0,41,0,0.0,80.85894114715903,46.3533947390126,0,0,0,0,False,CLEAN_NORMAL
OOF,normal,N0450,0,39,0,0.0,126.99543987548356,52.32422708946373,0,0,1,0,False,CLEAN_NORMAL
OOF,normal,N0451,0,28,0,0.0,61.85506028448745,43.95407506877415,0,0,0,1,False,CLEAN_NORMAL
OOF,normal,N0453,0,2,0,0.0,46.18478506836235,43.59006455207118,0,0,0,0,False,CLEAN_NORMAL
OOF,normal,N0454,0,41,0,0.0,45.72060118059586,34.039591721312426,0,0,0,0,False,CLEAN_NORMAL
OOF,normal,N0455,0,41,1,0.024390243902439025,165.84335749062978,76.62640626555802,7,5,1,6,True,FALSE_ALARM_NORMAL
OOF,normal,N0456,0,30,0,0.0,65.82985797586514,34.262399809208134,0,0,0,0,False,CLEAN_NORMAL
OOF,normal,N0458,0,9,0,0.0,46.20548245454159,39.06509576680917,0,0,0,0,False,CLEAN_NORMAL
OOF,normal,N0460,0,41,5,0.12195121951219512,177.90823571843194,99.92668357411853,10,10,0,1,True,FALSE_ALARM_NORMAL
OOF,normal,N0461,0,39,0,0.0,60.19096904995888,35.74331216545392,0,0,0,0,False,CLEAN_NORMAL
OOF,normal,N0463,0,25,0,0.0,64.7850965511877,40.148610200059565,0,0,0,0,False,CLEAN_NORMAL
OOF,normal,N0464,0,11,0,0.0,44.73739059618802,33.56117200188414,0,0,0,0,False,CLEAN_NORMAL
OOF,normal,N0466,0,41,0,0.0,109.63610216177236,45.437082073904534,0,0,1,0,False,CLEAN_NORMAL
OOF,normal,N0468,0,27,0,0.0,52.52843196127401,31.209444311314027,0,0,0,0,False,CLEAN_NORMAL
OOF,normal,N0469,0,28,0,0.0,109.28869271203348,61.48395008864793,2,2,0,0,False,CLEAN_NORMAL
OOF,normal,N0470,0,15,0,0.0,37.427460865442704,26.87668456248066,0,0,0,0,False,CLEAN_NORMAL
OOF,normal,N0471,0,2,0,0.0,35.48817520820268,29.761684859164617,0,0,0,0,False,CLEAN_NORMAL
OOF,normal,N0473,0,41,0,0.0,68.52323543029073,32.62628365336466,0,0,0,0,False,CLEAN_NORMAL
OOF,normal,N0474,0,30,0,0.0,48.149911040930725,31.97651399633447,0,0,0,0,False,CLEAN_NORMAL
OOF,normal,N0475,0,18,0,0.0,92.53736627917914,49.98912205799867,0,0,0,0,False,CLEAN_NORMAL
OOF,normal,N0476,0,5,0,0.0,37.23466136083042,31.724383641321168,0,0,0,0,False,CLEAN_NORMAL
OOF,normal,N0478,0,41,0,0.0,50.22152651677379,30.519219296747128,0,0,0,0,False,CLEAN_NORMAL
OOF,normal,N0479,0,41,0,0.0,51.21079519642899,31.054013761216737,0,0,0,0,False,CLEAN_NORMAL
OOF,normal,N0480,0,41,0,0.0,52.35205681255738,29.676138757535977,0,0,0,0,False,CLEAN_NORMAL
OOF,normal,N0481,0,32,0,0.0,50.453684841753216,32.06415962288872,0,0,0,0,False,CLEAN_NORMAL
OOF,normal,N0483,0,35,0,0.0,72.69921821950403,36.71053917647937,0,0,0,0,False,CLEAN_NORMAL
OOF,normal,N0484,0,35,0,0.0,53.93216241147002,34.60071059366578,0,0,0,0,False,CLEAN_NORMAL
OOF,normal,N0485,0,35,0,0.0,61.309898203533145,31.562198943448468,0,0,0,0,False,CLEAN_NORMAL
OOF,normal,N0486,0,34,0,0.0,59.58182406458744,31.197811242309886,0,0,0,0,False,CLEAN_NORMAL
OOF,normal,N0488,0,14,0,0.0,71.71572008337556,41.9946177073624,0,0,0,0,False,CLEAN_NORMAL
OOF,normal,N0489,0,12,0,0.0,50.546252233165205,34.426229231218564,0,0,0,0,False,CLEAN_NORMAL
OOF,normal,N0491,0,41,0,0.0,119.62301886469794,43.01442859521223,0,0,0,0,False,CLEAN_NORMAL
OOF,normal,N0493,0,30,0,0.0,75.40490623046375,39.015497610712075,0,0,0,0,False,CLEAN_NORMAL
OOF,normal,N0494,0,18,0,0.0,64.46629381286071,31.928907511921416,0,0,0,0,False,CLEAN_NORMAL
OOF,normal,N0495,0,6,0,0.0,50.323609396325466,34.304926631703964,0,0,0,0,False,CLEAN_NORMAL
OOF,normal,N0496,0,4,0,0.0,55.17577794678686,48.30294279596784,0,0,0,0,False,CLEAN_NORMAL
OOF,normal,N0498,0,41,0,0.0,80.87164171458852,44.04095039186648,0,0,0,0,False,CLEAN_NORMAL
OOF,normal,N0499,0,41,0,0.0,51.06186145784317,30.83789299246244,0,0,0,0,False,CLEAN_NORMAL
OOF,normal,N0500,0,28,0,0.0,72.75857598945912,41.061907614403175,0,0,0,0,False,CLEAN_NORMAL
OOF,normal,N0501,0,15,0,0.0,58.2208400738612,39.41043897847877,0,0,0,0,False,CLEAN_NORMAL
OOF,normal,N0503,0,4,0,0.0,29.298564644258143,24.83989565938956,0,0,0,0,False,CLEAN_NORMAL
OOF,normal,N0504,0,41,0,0.0,97.2263970481857,35.85864233361277,0,0,0,0,False,CLEAN_NORMAL
OOF,normal,N0505,0,41,0,0.0,66.24326633660185,34.50653475190427,0,0,0,0,False,CLEAN_NORMAL
OOF,normal,N0506,0,29,0,0.0,53.25813242884548,35.32071442893926,0,0,0,0,False,CLEAN_NORMAL
OOF,normal,N0508,0,4,0,0.0,31.047740874789746,27.876948637913443,0,0,0,0,False,CLEAN_NORMAL
OOF,normal,N0509,0,41,0,0.0,73.64534076630514,36.457848966860155,0,0,0,0,False,CLEAN_NORMAL
OOF,normal,N0510,0,41,0,0.0,76.39401866231111,36.956344566780245,0,0,4,0,False,CLEAN_NORMAL
OOF,normal,N0511,0,29,0,0.0,81.9472177684776,45.13859985320149,0,0,0,0,False,CLEAN_NORMAL
OOF,normal,N0513,0,4,0,0.0,46.94231129580746,42.661996307980026,0,0,0,0,False,CLEAN_NORMAL
OOF,normal,N0514,0,41,0,0.0,66.28488302606554,33.39816705932147,0,0,0,0,False,CLEAN_NORMAL
OOF,normal,N0515,0,41,0,0.0,51.86305805074296,31.34686389263413,0,0,0,0,False,CLEAN_NORMAL
OOF,normal,N0516,0,31,0,0.0,54.57901400859803,30.801096997670772,0,0,0,0,False,CLEAN_NORMAL
OOF,normal,N0518,0,4,0,0.0,41.0474656180136,33.625320444128434,0,0,0,0,False,CLEAN_NORMAL
OOF,normal,N0519,0,41,0,0.0,51.83292080845598,34.557926730389426,0,0,0,0,False,CLEAN_NORMAL
OOF,normal,N0520,0,41,0,0.0,87.36300447696073,43.357699322290074,0,0,0,0,False,CLEAN_NORMAL
OOF,normal,N0521,0,30,0,0.0,69.31512576304615,41.48509966080883,0,0,0,0,False,CLEAN_NORMAL
OOF,normal,N0523,0,2,0,0.0,42.64562425477059,40.411789925556675,0,0,0,0,False,CLEAN_NORMAL
OOF,normal,N0524,0,41,0,0.0,82.82519551058668,46.8259780059841,0,0,0,0,False,CLEAN_NORMAL
OOF,normal,N0525,0,41,0,0.0,45.11911437381935,29.458802162824334,0,0,0,0,False,CLEAN_NORMAL
OOF,normal,N0526,0,40,0,0.0,52.35029012168676,34.04188379744223,0,0,0,0,False,CLEAN_NORMAL
OOF,normal,N0528,0,16,0,0.0,53.01772884519959,30.506917190630787,0,0,0,0,False,CLEAN_NORMAL
OOF,normal,N0529,0,2,0,0.0,48.45869621720538,46.07131232596135,0,0,0,0,False,CLEAN_NORMAL
OOF,normal,N0531,0,41,0,0.0,71.6319531688489,30.952668968301417,0,0,0,0,False,CLEAN_NORMAL
OOF,normal,N0533,0,29,0,0.0,62.4598752480611,37.96771281649856,0,0,0,0,False,CLEAN_NORMAL
OOF,normal,N0534,0,16,0,0.0,68.94331334402878,35.017580000923644,0,0,0,0,False,CLEAN_NORMAL
OOF,normal,N0535,0,1,0,0.0,41.98936991269266,41.98936991269266,0,0,0,0,False,CLEAN_NORMAL
OOF,normal,N0536,0,41,0,0.0,118.67142332561,48.921060224485664,0,0,0,0,False,CLEAN_NORMAL
OOF,normal,N0538,0,26,0,0.0,67.07299644660779,35.96371995032846,0,0,0,0,False,CLEAN_NORMAL
OOF,normal,N0539,0,14,0,0.0,51.68124643907164,36.28128808196855,0,0,0,0,False,CLEAN_NORMAL
OOF,normal,N0540,0,1,0,0.0,26.8373421710984,26.8373421710984,0,0,0,0,False,CLEAN_NORMAL
OOF,normal,N0543,0,41,0,0.0,91.84064881819852,34.74964961915229,0,0,0,0,False,CLEAN_NORMAL
OOF,normal,N0544,0,27,0,0.0,46.11970987436932,33.35588051849971,0,0,0,0,False,CLEAN_NORMAL
OOF,normal,N0545,0,13,0,0.0,43.936325439901886,31.09481605749106,0,0,0,0,False,CLEAN_NORMAL
OOF,normal,N0548,0,41,0,0.0,72.29632884476815,37.94274244630089,0,0,0,0,False,CLEAN_NORMAL
OOF,normal,N0549,0,40,0,0.0,49.67260065098478,32.73953957633973,0,0,0,0,False,CLEAN_NORMAL
OOF,normal,N0550,0,37,0,0.0,78.62274139489982,40.96042378264573,0,0,0,0,False,CLEAN_NORMAL
OOF,normal,N0551,0,36,0,0.0,69.77743351124232,42.51705523651454,0,0,0,0,False,CLEAN_NORMAL
OOF,normal,N0553,0,8,0,0.0,65.86210608231436,33.5973750340284,0,0,0,0,False,CLEAN_NORMAL
OOF,normal,N0555,0,41,0,0.0,80.24352632231724,35.67217975612319,0,0,0,0,False,CLEAN_NORMAL
OOF,normal,N0556,0,41,0,0.0,83.71433803810177,43.54481331101089,0,0,0,0,False,CLEAN_NORMAL
OOF,normal,N0558,0,21,0,0.0,49.25443268590142,31.406281440568087,0,0,0,0,False,CLEAN_NORMAL
OOF,normal,N0559,0,10,0,0.0,51.38886227888913,36.005045330412045,0,0,0,0,False,CLEAN_NORMAL
OOF,normal,N0561,0,41,0,0.0,95.98042203387166,46.557581114457456,0,0,0,0,False,CLEAN_NORMAL
OOF,normal,N0563,0,35,0,0.0,65.10192141693341,38.8396782592315,0,0,0,0,False,CLEAN_NORMAL
OOF,normal,N0564,0,21,0,0.0,58.06143267653181,34.53995679876299,0,0,0,0,False,CLEAN_NORMAL
OOF,normal,N0565,0,9,0,0.0,59.21676227040601,44.84455867459554,0,0,0,0,False,CLEAN_NORMAL
OOF,normal,N0568,0,41,0,0.0,71.9603859741927,46.86961975728156,0,0,0,0,False,CLEAN_NORMAL
OOF,normal,N0569,0,35,8,0.22857142857142856,238.67966652317227,118.15568352888081,6,12,0,0,True,FALSE_ALARM_NORMAL
OOF,normal,N0570,0,33,0,0.0,98.62708418500765,41.32224749391753,0,0,0,2,False,CLEAN_NORMAL
OOF,normal,N0571,0,21,0,0.0,105.07308125841456,51.73899676811353,0,0,4,0,False,CLEAN_NORMAL
OOF,normal,N0574,0,41,0,0.0,37.56076986595144,24.196919330157307,0,0,0,0,False,CLEAN_NORMAL
OOF,normal,N0575,0,41,0,0.0,133.388263519727,63.185639748130264,0,1,0,10,False,CLEAN_NORMAL
OOF,normal,N0576,0,40,0,0.0,40.084593944059854,24.411729210740468,0,0,0,0,False,CLEAN_NORMAL
OOF,normal,N0578,0,26,0,0.0,51.52087770112249,35.202060790464444,0,3,0,0,False,CLEAN_NORMAL
OOF,normal,N0579,0,15,0,0.0,69.80414462805946,37.531866337184276,0,0,0,0,False,CLEAN_NORMAL
OOF,normal,N0580,0,1,0,0.0,37.48755713712249,37.48755713712249,0,0,0,0,False,CLEAN_NORMAL
OOF,normal,N0581,0,41,0,0.0,59.51202088349888,30.250190824374947,0,0,0,0,False,CLEAN_NORMAL
OOF,normal,N0583,0,28,0,0.0,72.109757828787,41.722045971164825,0,0,0,0,False,CLEAN_NORMAL
OOF,normal,N0584,0,16,0,0.0,34.90159862339253,23.391059197368527,0,0,0,0,False,CLEAN_NORMAL
OOF,normal,N0585,0,2,0,0.0,51.02518465154724,40.99406193762772,0,0,0,0,False,CLEAN_NORMAL
OOF,normal,N0586,0,41,0,0.0,85.13382838056285,52.06492223613543,0,1,1,10,False,CLEAN_NORMAL
OOF,normal,N0588,0,33,1,0.030303030303030304,221.8726181990902,60.372280923777076,0,0,7,0,True,FALSE_ALARM_NORMAL
OOF,normal,N0589,0,20,0,0.0,96.4126267476516,62.00270382179285,0,0,1,0,False,CLEAN_NORMAL
OOF,normal,N0590,0,9,0,0.0,41.21936241886449,32.417885225974544,0,1,0,0,False,CLEAN_NORMAL
OOF,normal,N0593,0,37,0,0.0,102.920785743023,70.8141719240331,0,0,1,0,False,CLEAN_NORMAL
OOF,normal,N0594,0,26,0,0.0,101.80825932027108,54.13767727228906,0,0,0,1,False,CLEAN_NORMAL
OOF,normal,N0595,0,13,0,0.0,31.966572916968243,23.158056740497116,0,0,0,0,False,CLEAN_NORMAL
OOF,normal,N0598,0,35,1,0.02857142857142857,169.63234145377234,68.8057895686388,0,0,2,0,True,FALSE_ALARM_NORMAL
TEST,abnormal,A0002,1,38,38,1.0,11202.01508248102,6944.45298792798,34,34,5,0,True,DETECTED_ABNORMAL
TEST,abnormal,A0007,1,31,31,1.0,15007.464039513252,5068.220796653395,20,31,0,21,True,DETECTED_ABNORMAL
TEST,abnormal,A0012,1,33,33,1.0,16189.960429276807,5810.977220123384,21,33,12,25,True,DETECTED_ABNORMAL
TEST,abnormal,A0017,1,27,27,1.0,27480.305276860192,9379.039904941372,16,27,2,20,True,DETECTED_ABNORMAL
TEST,normal,N0002,0,15,0,0.0,48.64702260432813,35.235203480115196,0,0,0,1,False,CLEAN_NORMAL
TEST,normal,N0007,0,32,0,0.0,99.35431243438885,51.968145451876126,0,0,0,0,False,CLEAN_NORMAL
TEST,normal,N0012,0,31,0,0.0,53.426069486837896,33.98256477544207,0,0,0,0,False,CLEAN_NORMAL
TEST,normal,N0017,0,27,0,0.0,140.9815246127216,56.3465228397885,0,0,0,1,False,CLEAN_NORMAL
TEST,normal,N0022,0,41,0,0.0,52.84851151798586,30.310217895713212,0,0,0,0,False,CLEAN_NORMAL
TEST,normal,N0027,0,41,1,0.024390243902439025,141.9580142707595,56.677721686255154,0,0,9,0,True,FALSE_ALARM_NORMAL
TEST,normal,N0037,0,15,0,0.0,97.23944575808105,59.84971470213131,0,0,0,0,False,CLEAN_NORMAL
TEST,normal,N0042,0,41,0,0.0,109.3936030421954,59.981280921050114,0,0,0,2,False,CLEAN_NORMAL
TEST,normal,N0047,0,41,0,0.0,54.39892437623166,28.863566973677052,0,0,0,0,False,CLEAN_NORMAL
TEST,normal,N0052,0,41,12,0.2926829268292683,225.5125230832828,114.46170592722237,3,10,0,0,True,FALSE_ALARM_NORMAL
TEST,normal,N0057,0,41,0,0.0,44.97200074099021,26.516278451207615,0,0,0,0,False,CLEAN_NORMAL
TEST,normal,N0062,0,41,0,0.0,114.89168306331864,56.63835247980112,0,0,10,5,False,CLEAN_NORMAL
TEST,normal,N0067,0,41,10,0.24390243902439024,239.39843050811768,99.51177742279032,1,10,0,0,True,FALSE_ALARM_NORMAL
TEST,normal,N0072,0,41,0,0.0,89.69945782299716,48.75460360700199,0,0,0,5,False,CLEAN_NORMAL
TEST,normal,N0077,0,3,0,0.0,47.98257477994698,37.0242717132294,0,0,0,0,False,CLEAN_NORMAL
TEST,normal,N0082,0,7,0,0.0,52.57218510733576,42.32028560207318,0,0,0,0,False,CLEAN_NORMAL
TEST,normal,N0087,0,14,4,0.2857142857142857,187.95158631195264,122.48014285755882,0,0,0,4,True,FALSE_ALARM_NORMAL
TEST,normal,N0092,0,14,0,0.0,77.66393336341105,44.39507594434548,0,0,1,0,False,CLEAN_NORMAL
TEST,normal,N0097,0,16,0,0.0,62.365217345393326,39.38267008932426,0,0,0,0,False,CLEAN_NORMAL
TEST,normal,N0102,0,36,0,0.0,32.39925295652065,21.663820250234565,0,0,0,0,False,CLEAN_NORMAL
TEST,normal,N0107,0,41,0,0.0,76.92392294347319,40.114800503315124,0,0,0,0,False,CLEAN_NORMAL
TEST,normal,N0112,0,41,1,0.024390243902439025,186.57700729415907,72.14158319601897,0,0,1,0,True,FALSE_ALARM_NORMAL
TEST,normal,N0117,0,8,0,0.0,61.71395161748684,40.82087209215708,0,0,0,0,False,CLEAN_NORMAL
TEST,normal,N0122,0,20,1,0.05,145.2648289087418,85.80972300957735,3,4,1,0,True,FALSE_ALARM_NORMAL
TEST,normal,N0127,0,39,0,0.0,86.78041927771304,43.023502345720395,0,12,0,0,False,CLEAN_NORMAL
TEST,normal,N0132,0,40,0,0.0,68.33233019572356,30.704872149015518,0,0,0,0,False,CLEAN_NORMAL
TEST,normal,N0137,0,39,0,0.0,96.7039755147482,55.78966865939363,0,0,1,1,False,CLEAN_NORMAL
TEST,normal,N0147,0,17,0,0.0,112.84732629547328,55.32631334730706,0,0,0,0,False,CLEAN_NORMAL
TEST,normal,N0152,0,41,0,0.0,59.15769233937777,38.116624539116586,0,0,0,4,False,CLEAN_NORMAL
TEST,normal,N0162,0,4,0,0.0,55.82193799926924,40.45182683741423,0,0,0,0,False,CLEAN_NORMAL
TEST,normal,N0167,0,10,2,0.2,158.23290392133583,116.32963771899055,0,1,0,0,True,FALSE_ALARM_NORMAL
TEST,normal,N0172,0,17,0,0.0,65.20045078878313,46.100014295744664,0,0,7,0,False,CLEAN_NORMAL
TEST,normal,N0177,0,37,0,0.0,130.0727268632841,65.29968103213524,0,0,0,1,False,CLEAN_NORMAL
TEST,normal,N0182,0,38,0,0.0,59.489097288978265,30.49688053811944,0,0,0,0,False,CLEAN_NORMAL
TEST,normal,N0187,0,41,0,0.0,129.3787369579684,46.15187460497303,0,0,1,0,False,CLEAN_NORMAL
TEST,normal,N0192,0,41,1,0.024390243902439025,145.55793423983295,69.79512454231482,0,0,0,0,True,FALSE_ALARM_NORMAL
TEST,normal,N0207,0,3,0,0.0,55.9565306528106,49.036657531531205,0,0,0,0,False,CLEAN_NORMAL
TEST,normal,N0212,0,29,0,0.0,95.09825249427509,53.184742499046344,0,0,0,0,False,CLEAN_NORMAL
TEST,normal,N0217,0,41,0,0.0,57.54960578110804,32.43383778020356,0,0,0,0,False,CLEAN_NORMAL
TEST,normal,N0222,0,41,0,0.0,51.305901522292814,24.76244176929277,0,0,0,0,False,CLEAN_NORMAL
TEST,normal,N0227,0,41,0,0.0,132.47227985517594,61.10255452188713,0,2,2,0,False,CLEAN_NORMAL
TEST,normal,N0237,0,6,0,0.0,33.62462242957666,28.100602323555844,0,0,0,0,False,CLEAN_NORMAL
TEST,normal,N0242,0,20,0,0.0,116.20794829605484,36.96609865007666,0,0,1,0,False,CLEAN_NORMAL
TEST,normal,N0247,0,41,0,0.0,103.2006301496012,41.67994275176304,0,0,0,0,False,CLEAN_NORMAL
TEST,normal,N0252,0,41,0,0.0,122.10380571789604,47.4638028513443,0,0,0,7,False,CLEAN_NORMAL
TEST,normal,N0257,0,41,0,0.0,67.0983695088449,40.488689360424786,0,0,0,3,False,CLEAN_NORMAL
TEST,normal,N0267,0,17,0,0.0,75.01858346234718,36.948647907174895,0,0,0,0,False,CLEAN_NORMAL
TEST,normal,N0272,0,34,0,0.0,67.99380242110433,44.94019881927501,0,0,0,0,False,CLEAN_NORMAL
TEST,normal,N0277,0,12,0,0.0,66.14920611240365,41.03823141713864,0,0,0,1,False,CLEAN_NORMAL
TEST,normal,N0282,0,24,1,0.041666666666666664,158.86730885396034,57.356886350222645,0,0,9,0,True,FALSE_ALARM_NORMAL
TEST,normal,N0287,0,41,0,0.0,49.95848818357348,28.98163115039858,0,0,0,0,False,CLEAN_NORMAL
TEST,normal,N0292,0,41,0,0.0,107.8371108779694,50.51874020393683,0,0,3,0,False,CLEAN_NORMAL
TEST,normal,N0307,0,14,0,0.0,48.90822776865525,31.510896661020208,0,0,0,0,False,CLEAN_NORMAL
TEST,normal,N0312,0,15,0,0.0,64.61929536928353,46.534089954580075,0,0,0,1,False,CLEAN_NORMAL
TEST,normal,N0317,0,33,0,0.0,62.290443446216045,37.644316913267254,0,0,0,0,False,CLEAN_NORMAL
TEST,normal,N0322,0,41,0,0.0,91.7975881921242,49.242223361973835,0,1,1,0,False,CLEAN_NORMAL
TEST,normal,N0332,0,5,0,0.0,98.33765129430898,71.88159592325066,0,0,0,0,False,CLEAN_NORMAL
TEST,normal,N0337,0,23,0,0.0,94.50834198373862,60.890930150311306,0,0,0,3,False,CLEAN_NORMAL
TEST,normal,N0342,0,36,0,0.0,110.09733015598134,59.58497976611198,0,0,10,0,False,CLEAN_NORMAL
TEST,normal,N0347,0,41,0,0.0,66.14634935837596,33.37662367819754,0,0,0,0,False,CLEAN_NORMAL
TEST,normal,N0357,0,11,0,0.0,96.08202428255206,70.9300966399937,0,2,0,0,False,CLEAN_NORMAL
TEST,normal,N0362,0,25,0,0.0,79.46818797269725,39.630204356989005,0,0,0,0,False,CLEAN_NORMAL
TEST,normal,N0367,0,28,0,0.0,62.46024889850328,37.32694775882566,0,0,0,0,False,CLEAN_NORMAL
TEST,normal,N0372,0,41,0,0.0,59.600746153242206,35.35472095598871,0,0,2,0,False,CLEAN_NORMAL
TEST,normal,N0377,0,41,0,0.0,108.5899321863741,49.780586013703406,0,0,0,2,False,CLEAN_NORMAL
TEST,normal,N0387,0,8,0,0.0,40.579633052660064,30.68513862968907,0,0,0,0,False,CLEAN_NORMAL
TEST,normal,N0392,0,16,0,0.0,65.31621990003204,39.71016183814138,0,0,0,0,False,CLEAN_NORMAL
TEST,normal,N0397,0,23,0,0.0,83.70951123046366,46.18110403711506,0,3,5,0,False,CLEAN_NORMAL
TEST,normal,N0402,0,25,1,0.04,145.49044772259202,69.14918402243312,0,0,0,0,True,FALSE_ALARM_NORMAL
TEST,normal,N0407,0,29,0,0.0,62.709735592255456,41.77866810780797,0,0,0,1,False,CLEAN_NORMAL
TEST,normal,N0412,0,31,0,0.0,100.8678315778193,48.340811208446986,0,0,0,2,False,CLEAN_NORMAL
TEST,normal,N0417,0,41,0,0.0,54.110871893374615,27.137726294713985,0,0,0,0,False,CLEAN_NORMAL
TEST,normal,N0422,0,41,5,0.12195121951219512,186.13953369211643,95.5504580413628,11,7,0,5,True,FALSE_ALARM_NORMAL
TEST,normal,N0427,0,41,0,0.0,85.6791679970217,47.170502344787124,0,0,1,0,False,CLEAN_NORMAL
TEST,normal,N0432,0,2,0,0.0,51.15129285776758,47.04302595044956,0,0,0,0,False,CLEAN_NORMAL
TEST,normal,N0437,0,1,0,0.0,88.06831973661015,88.06831973661015,0,1,0,0,False,CLEAN_NORMAL
TEST,normal,N0447,0,12,0,0.0,74.56508424808874,45.417393535057556,0,1,1,0,False,CLEAN_NORMAL
TEST,normal,N0452,0,15,0,0.0,93.1150661750564,57.242431133632074,0,0,0,0,False,CLEAN_NORMAL
TEST,normal,N0457,0,18,0,0.0,52.003820872642365,33.04086206535967,0,0,0,0,False,CLEAN_NORMAL
TEST,normal,N0462,0,25,0,0.0,113.99284024559692,47.08014339589065,0,0,0,0,False,CLEAN_NORMAL
TEST,normal,N0467,0,40,0,0.0,94.72725781400914,48.6928426229705,0,5,5,0,False,CLEAN_NORMAL
TEST,normal,N0472,0,41,0,0.0,133.19939445987757,63.73106482470716,0,0,0,0,False,CLEAN_NORMAL
TEST,normal,N0477,0,41,0,0.0,72.16978921745572,36.22392571274922,0,0,0,0,False,CLEAN_NORMAL
TEST,normal,N0482,0,41,2,0.04878048780487805,164.12156666675585,63.569197826981345,0,0,0,0,True,FALSE_ALARM_NORMAL
TEST,normal,N0487,0,26,0,0.0,72.2791386483542,39.633396407845375,0,0,0,0,False,CLEAN_NORMAL
TEST,normal,N0492,0,41,0,0.0,131.91834168830974,58.80771070005384,0,0,6,0,False,CLEAN_NORMAL
TEST,normal,N0497,0,41,0,0.0,53.11083372771697,30.301229942547497,0,0,0,0,False,CLEAN_NORMAL
TEST,normal,N0502,0,2,0,0.0,30.57293574501411,26.66900610051196,0,0,0,0,False,CLEAN_NORMAL
TEST,normal,N0507,0,18,0,0.0,63.88927681437543,36.63560373653543,0,0,0,0,False,CLEAN_NORMAL
TEST,normal,N0512,0,17,0,0.0,37.77109127890551,27.660719202093144,0,0,0,0,False,CLEAN_NORMAL
TEST,normal,N0517,0,16,0,0.0,61.61444392050304,38.845810143810574,0,0,0,0,False,CLEAN_NORMAL
TEST,normal,N0522,0,16,0,0.0,37.07514327009432,25.677055300068396,0,0,0,0,False,CLEAN_NORMAL
TEST,normal,N0527,0,27,0,0.0,119.71891703883288,40.186769528524174,0,0,0,0,False,CLEAN_NORMAL
TEST,normal,N0532,0,41,0,0.0,95.53503046840684,48.30847971907392,0,0,0,0,False,CLEAN_NORMAL
TEST,normal,N0537,0,41,0,0.0,67.23856644362662,32.31242112169332,0,0,0,0,False,CLEAN_NORMAL
TEST,normal,N0542,0,41,0,0.0,71.59619358880504,39.218094756775265,0,0,0,0,False,CLEAN_NORMAL
TEST,normal,N0552,0,22,0,0.0,72.47367834811556,38.39750959499141,0,0,0,0,False,CLEAN_NORMAL
TEST,normal,N0557,0,36,1,0.027777777777777776,175.05086162958378,48.88005295178993,0,0,0,0,True,FALSE_ALARM_NORMAL
TEST,normal,N0562,0,41,0,0.0,113.74789470395046,52.92582930007503,0,0,5,1,False,CLEAN_NORMAL
TEST,normal,N0567,0,41,0,0.0,68.53595722754665,38.721458003681235,0,1,0,0,False,CLEAN_NORMAL
TEST,normal,N0572,0,11,0,0.0,41.89534897080401,27.072727705959803,0,0,0,0,False,CLEAN_NORMAL
TEST,normal,N0577,0,26,0,0.0,110.89974155365384,64.08692980872765,0,0,0,0,False,CLEAN_NORMAL
TEST,normal,N0582,0,41,1,0.024390243902439025,142.47756329381977,54.275845319322386,0,0,2,0,True,FALSE_ALARM_NORMAL
TEST,normal,N0587,0,41,0,0.0,38.65586456225167,24.44161129692815,0,0,0,0,False,CLEAN_NORMAL
TEST,normal,N0592,0,41,0,0.0,55.40708619569897,33.960816069563656,0,6,0,0,False,CLEAN_NORMAL
TEST,normal,N0597,0,41,0,0.0,97.02011142147477,42.739034349390764,0,0,0,0,False,CLEAN_NORMAL
