feature,report_name,decision,reason,separation_auc,direction,normal_median,abnormal_median,median_shift_iqr,holdout_fpr,abnormal_hit_rate,abnormal_break_n,screening_candidate,missing_ratio,is_constant
PORD,PORD,KEEP_CORE,두 vibration channel의 standardized current-conditioned response 이탈 요약,1.0,UP,0.999319877902245,25.750153906218124,30.084040507586423,0.0344827586206896,1.0,8,True,0.0,False
Shape_RMSE,Shape_RMSE,KEEP_CORE,Normal AI2 cycle template 대비 waveform structure 이탈,1.0,UP,0.0737148782074197,1.1586633567412044,16.907296535261032,0.0137931034482758,1.0,8,True,0.0,False
AI1_abs_current_residual,AI1_abs_current_residual,KEEP_CORE,Current 조건 대비 AI1 vibration response 이탈 크기,1.0,UP,0.0085230446562092,0.1774587108985413,15.34980346189949,0.0275862068965517,1.0,8,True,0.0,False
AI0_abs_current_residual,AI0_abs_current_residual,KEEP_CORE,Current 조건 대비 AI0 vibration response 이탈 크기,0.9974137931034482,UP,0.010272892318347,0.3983623857518973,33.51219302740228,0.0137931034482758,1.0,8,True,0.0,False
timing_deviation,timing_deviation,KEEP_CORE,Normal 반복 timing 대비 상대적 cycle timing 이탈,0.9370689655172414,UP,1.337492208488957e-13,0.1176470588234744,2.0000000000063958,0.0068965517241379,0.625,5,True,0.0,False
AI1_Vibration_rms,AI1_Vibration_rms,KEEP_CORE,Cycle 단위 AI1 vibration response magnitude,0.8827586206896552,UP,0.0992775987465898,0.2627409998384913,1.5193608103247136,0.0206896551724137,0.625,5,True,0.0,False
AI0_Vibration_rms,AI0_Vibration_rms,KEEP_CORE,Cycle 단위 AI0 vibration response magnitude,0.8491379310344828,UP,0.0680337803529808,0.4538316649254318,11.872114008917393,0.0344827586206896,0.75,6,True,0.0,False
AI2_Current_rms,AI2_Current_rms,KEEP_CORE,Cycle 단위 Current operating magnitude,0.5258620689655172,DOWN,111.67190772416902,104.00154738840124,0.1115396711714539,0.0275862068965517,0.625,5,False,0.0,False
H1_share,AI2_CycleHarmonic1_Share,SUPPORT,AI2 cycle 저차 Fourier composition 보조,1.0,DOWN,0.9975385324225038,0.6484187925142633,124.4382955317158,0.0413793103448275,1.0,8,True,0.0,False
Template_Correlation,Template_Correlation,SUPPORT,Shape_RMSE와 사실상 동일 정보를 주지만 직관적 visualization 보조,1.0,DOWN,0.9971954150868956,0.3038386516174803,120.92803637552268,0.0137931034482758,1.0,8,True,0.0,False
H2_share,AI2_CycleHarmonic2_Share,SUPPORT,AI2 cycle 저차 Fourier composition 보조,1.0,UP,0.0009412799316094,0.0542080879717819,38.25522182950464,0.0137931034482758,1.0,8,True,0.0,False
AI2_Current_kurtosis,AI2_Current_kurtosis,SUPPORT,Current waveform shape 통계 보조,1.0,UP,1.4297606782353538,2.048591132202376,4.397556918972414,0.0137931034482758,1.0,8,True,0.0,False
H3_share,AI2_CycleHarmonic3_Share,SUPPORT,AI2 cycle 저차 Fourier composition 보조,0.9474137931034484,UP,0.0009568350554118,0.0260607488348273,9.771210866875643,0.0206896551724137,0.875,7,True,0.0,False
AI2_Current_crest_factor,AI2_Current_crest_factor,SUPPORT,Current waveform peakiness 보조,0.9077586206896552,UP,1.416591498509843,1.8635287968364205,4.163119611036973,0.0068965517241379,0.875,7,True,0.0,False
AI2_Current_phase_C_std,AI2_Current_phase_C_std,SUPPORT,AI2 phase-domain current profile 보조; 실제 FA/BS/HR 단계로 해석하지 않음,0.8939655172413793,DOWN,79.76376538330221,41.40897222706357,0.8998719534893819,0.0275862068965517,0.875,7,True,0.0,False
AI0_current_residual,AI0_current_residual,SUPPORT,H1 residual 방향(sign) 확인용,0.8732758620689655,UP,-0.0011926101073453,0.3983623857518973,19.826675336596903,0.0275862068965517,1.0,8,True,0.0,False
AI0_response_z,AI0_response_z,SUPPORT,AI0 response residual 표준화값 / PORD 구성요소,0.8732758620689655,UP,-0.0770903451546781,25.750153906218124,19.826675336596864,0.0275862068965517,1.0,8,True,0.0,False
AI2_Current_phase_C_ptp,AI2_Current_phase_C_ptp,SUPPORT,AI2 phase-domain current profile 보조; 실제 FA/BS/HR 단계로 해석하지 않음,0.8655172413793104,DOWN,198.675535,95.963488,0.9717128862199104,0.0344827586206896,0.75,6,True,0.0,False
vibration_normalized_difference,vibration_normalized_difference,SUPPORT,AI0-AI1 vibration balance를 표현하는 H2 보조 Feature,0.8224137931034482,UP,-0.1887294713835035,0.2668135399242325,1.5890237976136523,0.0137931034482758,0.375,3,True,0.0,False
cycle_duration,cycle_duration,SUPPORT,timing_deviation의 원시 cycle duration 확인용,0.8120689655172414,DOWN,1.699999999999818,1.5499999999999972,1.4999999999995703,0.0068965517241379,0.625,5,True,0.0,False
AI2_Current_phase_B_std,AI2_Current_phase_B_std,SUPPORT,AI2 phase-domain current profile 보조; 실제 FA/BS/HR 단계로 해석하지 않음,0.7698275862068965,UP,38.45279656995898,60.720497042816014,1.4669972607693993,0.0137931034482758,0.5,4,True,0.0,False
AI2_Current_std,AI2_Current_std,SUPPORT,Current cycle 변동성 보조,0.7629310344827587,DOWN,114.32649717520276,85.9273487831656,0.4054245659525032,0.0275862068965517,0.5,4,True,0.0,False
AI2_Current_phase_B_rms_ratio,AI2_Current_phase_B_rms_ratio,SUPPORT,AI2 phase-domain current profile 보조; 실제 FA/BS/HR 단계로 해석하지 않음,0.7560344827586207,DOWN,1.135701194088497,0.8445799808144445,3.835764929721656,0.0620689655172413,0.875,7,True,0.0,False
AI1_current_residual,AI1_current_residual,SUPPORT,H1 residual 방향(sign) 확인용,0.75,UP,-0.0022195445495521,0.1700522992509715,10.088259664750089,0.0551724137931034,1.0,8,True,0.0,False
AI1_response_z,AI1_response_z,SUPPORT,AI1 response residual 표준화값 / PORD 구성요소,0.75,UP,-0.1536780302727468,11.774173398553383,10.08825966475003,0.0551724137931034,1.0,8,True,0.0,False
AI2_Current_phase_C_rms_ratio,AI2_Current_phase_C_rms_ratio,SUPPORT,AI2 phase-domain current profile 보조; 실제 FA/BS/HR 단계로 해석하지 않음,0.75,UP,0.7384389152180281,1.0478181441258905,4.827692909474536,0.0344827586206896,0.75,6,True,0.0,False
AI2_Current_phase_B_ptp,AI2_Current_phase_B_ptp,SUPPORT,AI2 phase-domain current profile 보조; 실제 FA/BS/HR 단계로 해석하지 않음,0.7043103448275863,UP,96.124065,134.110463,0.8633407464039609,0.0068965517241379,0.375,3,True,0.0,False
AI2_Current_phase_A_mean_abs,AI2_Current_phase_A_mean_abs,SUPPORT,AI2 phase-domain current profile 보조; 실제 FA/BS/HR 단계로 해석하지 않음,0.653448275862069,DOWN,102.74651933333332,68.82350515,0.6445866350433471,0.0413793103448275,0.75,6,False,0.0,False
AI2_Current_ptp,AI2_Current_ptp,SUPPORT,Current cycle amplitude range 보조,0.6310344827586207,DOWN,316.87752,284.31419,0.1520868895265257,0.0344827586206896,0.25,2,False,0.0,False
AI2_Current_phase_A_rms,AI2_Current_phase_A_rms,SUPPORT,AI2 phase-domain current profile 보조; 실제 FA/BS/HR 단계로 해석하지 않음,0.6155172413793104,DOWN,116.29591035161248,92.40143093672393,0.3616376641588522,0.0413793103448275,0.625,5,False,0.0,False
AI2_Current_phase_C_rms,AI2_Current_phase_C_rms,SUPPORT,AI2 phase-domain current profile 보조; 실제 FA/BS/HR 단계로 해석하지 않음,0.5818965517241379,UP,76.2691069055062,88.58702268423363,0.2617345244882406,0.0,0.625,5,False,0.0,False
AI2_Current_phase_A_rms_ratio,AI2_Current_phase_A_rms_ratio,SUPPORT,AI2 phase-domain current profile 보조; 실제 FA/BS/HR 단계로 해석하지 않음,0.5801724137931035,UP,1.0333483349814665,1.0610584056422234,0.5191389477629617,0.0137931034482758,0.5,4,False,0.0,False
AI2_Current_phase_A_ptp,AI2_Current_phase_A_ptp,SUPPORT,AI2 phase-domain current profile 보조; 실제 FA/BS/HR 단계로 해석하지 않음,0.5724137931034483,DOWN,154.372709,146.03139550000003,0.0625196561126917,0.0275862068965517,0.125,1,False,0.0,False
AI2_Current_phase_B_rms,AI2_Current_phase_B_rms,SUPPORT,AI2 phase-domain current profile 보조; 실제 FA/BS/HR 단계로 해석하지 않음,0.568103448275862,DOWN,122.39011329170428,116.41584027157268,0.0695633837195277,0.0068965517241379,0.625,5,False,0.0,False
AI2_Current_phase_B_mean_abs,AI2_Current_phase_B_mean_abs,SUPPORT,AI2 phase-domain current profile 보조; 실제 FA/BS/HR 단계로 해석하지 않음,0.5603448275862069,DOWN,118.39025616666665,109.22552375,0.1095870778446841,0.0275862068965517,0.625,5,False,0.0,False
AI2_Current_phase_C_mean_abs,AI2_Current_phase_C_mean_abs,SUPPORT,AI2 phase-domain current profile 보조; 실제 FA/BS/HR 단계로 해석하지 않음,0.5525862068965517,UP,66.18822379999999,82.70145495,0.418580469139883,0.0068965517241379,0.625,5,False,0.0,False
AI2_Current_phase_A_std,AI2_Current_phase_A_std,SUPPORT,AI2 phase-domain current profile 보조; 실제 FA/BS/HR 단계로 해석하지 않음,0.5258620689655172,UP,59.69217825027384,60.94703783003512,0.0238014212912928,0.0275862068965517,0.125,1,False,0.0,False
vibration_log_ratio,vibration_log_ratio,REDUNDANT,vibration_normalized_difference와 Spearman 1.0,0.8224137931034482,UP,-0.3820387720093741,0.5468811850262998,1.5548113726519492,0.0137931034482758,0.375,3,True,0.0,False
duration_z,duration_z,REDUNDANT,cycle_duration과 Spearman 1.0; timing_deviation/cycle_duration으로 충분,0.8120689655172414,DOWN,0.7060345943778656,-2.471121080336886,1.4999999999995737,0.0068965517241379,0.625,5,True,0.0,False
AI0_GainDev,AI0_GainDev,REJECT,CNVG 계열 중간 계산값,1.0,UP,0.1743479050029937,2.0909614084835244,9.279178074514755,0.0344827586206896,1.0,8,True,0.0,False
CNVG,CNVG,REJECT,높은 분리력에도 operating Current 의존성이 남아 독립 gain으로 해석하기 어려움,0.9991379310344828,UP,0.301056091707044,2.0909614084835244,8.301348975365585,0.0206896551724137,1.0,8,True,0.0,False
AI0_Gain,AI0_Gain,REJECT,CNVG 계열 중간 계산값,0.875,UP,0.8292136444625927,6.701062721531274,20.18702189832945,0.0275862068965517,1.0,8,True,0.0,False
AI1_GainDev,AI1_GainDev,REJECT,CNVG 계열 중간 계산값,0.8741379310344827,UP,0.2209150892563394,1.2386279189304503,3.966670643486016,0.0206896551724137,0.75,6,True,0.0,False
AI0_Vibration_phase_C_mean_abs,AI0_Vibration_phase_C_mean_abs,REJECT,AI2 phase에 정렬된 vibration local phase consistency가 충분하지 않음,0.8594827586206897,UP,0.0503831999999999,0.1710703149166666,3.992613205039988,0.0344827586206896,0.625,5,True,0.0,False
AI1_Vibration_phase_A_mean_abs,AI1_Vibration_phase_A_mean_abs,REJECT,AI2 phase에 정렬된 vibration local phase consistency가 충분하지 않음,0.8577586206896551,UP,0.0804835,0.1827775876428571,1.0655689627847753,0.0275862068965517,0.5,4,True,0.0,False
AI0_Vibration_phase_B_mean_abs,AI0_Vibration_phase_B_mean_abs,REJECT,AI2 phase에 정렬된 vibration local phase consistency가 충분하지 않음,0.8491379310344828,UP,0.0532789999999999,0.1813317716499999,3.720697681817734,0.0137931034482758,0.75,6,True,0.0,False
AI0_Vibration_phase_B_rms,AI0_Vibration_phase_B_rms,REJECT,AI2 phase에 정렬된 vibration local phase consistency가 충분하지 않음,0.8448275862068965,UP,0.0609533465091677,0.2101910906552954,3.7311039654679554,0.0206896551724137,0.75,6,True,0.0,False
AI0_Vibration_phase_C_rms,AI0_Vibration_phase_C_rms,REJECT,AI2 phase에 정렬된 vibration local phase consistency가 충분하지 않음,0.8413793103448277,UP,0.0599186291732379,0.1870924296161858,3.4681071220041937,0.0344827586206896,0.625,5,True,0.0,False
AI1_Vibration_phase_A_rms,AI1_Vibration_phase_A_rms,REJECT,AI2 phase에 정렬된 vibration local phase consistency가 충분하지 않음,0.8310344827586207,UP,0.0938620987450916,0.1969830038276214,0.9533437572879652,0.0413793103448275,0.5,4,True,0.0,False
AI1_Gain,AI1_Gain,REJECT,CNVG 계열 중간 계산값,0.8094827586206896,UP,1.046570207196004,3.4978582475513407,5.544739642582342,0.0551724137931034,0.875,7,True,0.0,False
AI0_Vibration_phase_A_mean_abs,AI0_Vibration_phase_A_mean_abs,REJECT,AI2 phase에 정렬된 vibration local phase consistency가 충분하지 않음,0.8094827586206896,UP,0.0553754999999999,0.09433047029,1.1709441592521372,0.0275862068965517,0.375,3,True,0.0,False
AI1_Vibration_phase_B_mean_abs,AI1_Vibration_phase_B_mean_abs,REJECT,AI2 phase에 정렬된 vibration local phase consistency가 충분하지 않음,0.7887931034482758,UP,0.0925258333333333,0.1607732295833333,0.6857532344672223,0.0344827586206896,0.25,2,True,0.0,False
AI0_Vibration_phase_A_rms,AI0_Vibration_phase_A_rms,REJECT,AI2 phase에 정렬된 vibration local phase consistency가 충분하지 않음,0.7775862068965517,UP,0.0649801144953849,0.1294705046089204,1.6722583537084108,0.0344827586206896,0.5,4,True,0.0,False
AI1_Vibration_phase_B_rms,AI1_Vibration_phase_B_rms,REJECT,AI2 phase에 정렬된 vibration local phase consistency가 충분하지 않음,0.7698275862068965,UP,0.1015092329716858,0.1675647176525881,0.6336691567358526,0.0275862068965517,0.25,2,True,0.0,False
AI1_Vibration_phase_C_mean_abs,AI1_Vibration_phase_C_mean_abs,REJECT,AI2 phase에 정렬된 vibration local phase consistency가 충분하지 않음,0.7051724137931035,UP,0.0838462,0.154329883,0.789045325195516,0.0344827586206896,0.25,2,True,0.0,False
AI1_Vibration_phase_C_rms,AI1_Vibration_phase_C_rms,REJECT,AI2 phase에 정렬된 vibration local phase consistency가 충분하지 않음,0.6767241379310345,UP,0.0934547436816344,0.170999630888893,0.7699142398083539,0.0275862068965517,0.25,2,False,0.0,False
AI0_Vibration_phase_B_std,AI0_Vibration_phase_B_std,REJECT,AI2 phase에 정렬된 vibration local phase consistency가 충분하지 않음,0.6758620689655173,UP,0.0623962504610653,0.212458081277732,3.3963405550639387,0.0206896551724137,0.625,5,False,0.0,False
AI0_Vibration_phase_B_ptp,AI0_Vibration_phase_B_ptp,REJECT,AI2 phase에 정렬된 vibration local phase consistency가 충분하지 않음,0.6663793103448276,UP,0.164464,0.4960817949999999,3.125285510988804,0.0482758620689655,0.625,5,False,0.0,False
AI0_Vibration_phase_A_std,AI0_Vibration_phase_A_std,REJECT,AI2 phase에 정렬된 vibration local phase consistency가 충분하지 않음,0.6258620689655172,UP,0.0687844288018734,0.1168467911096771,0.9908429567780936,0.0413793103448275,0.5,4,False,0.0,False
AI0_Vibration_phase_A_ptp,AI0_Vibration_phase_A_ptp,REJECT,AI2 phase에 정렬된 vibration local phase consistency가 충분하지 않음,0.6155172413793103,UP,0.183173,0.2956390734999999,0.9426295437973026,0.0206896551724137,0.5,4,False,0.0,False
AI1_Vibration_phase_C_rms_ratio,AI1_Vibration_phase_C_rms_ratio,REJECT,AI2 phase에 정렬된 vibration local phase consistency가 충분하지 않음,0.5956896551724138,DOWN,0.9972832514257574,0.8768530137910684,0.5667126375644106,0.0137931034482758,0.5,4,False,0.0,False
AI1_Vibration_phase_B_rms_ratio,AI1_Vibration_phase_B_rms_ratio,REJECT,AI2 phase에 정렬된 vibration local phase consistency가 충분하지 않음,0.5836206896551724,DOWN,0.9974510019711152,0.9228134323130118,0.516912760238641,0.0275862068965517,0.5,4,False,0.0,False
AI0_Vibration_phase_C_std,AI0_Vibration_phase_C_std,REJECT,AI2 phase에 정렬된 vibration local phase consistency가 충분하지 않음,0.5793103448275863,UP,0.0624438906483252,0.1047138028264074,1.027829454440294,0.0206896551724137,0.375,3,False,0.0,False
AI0_Vibration_phase_C_rms_ratio,AI0_Vibration_phase_C_rms_ratio,REJECT,AI2 phase에 정렬된 vibration local phase consistency가 충분하지 않음,0.5724137931034482,DOWN,0.9349276798815408,0.9213915956658172,0.0398494821044479,0.0206896551724137,0.25,2,False,0.0,False
AI0_Vibration_phase_C_ptp,AI0_Vibration_phase_C_ptp,REJECT,AI2 phase에 정렬된 vibration local phase consistency가 충분하지 않음,0.5663793103448276,UP,0.1544269999999999,0.224080378,0.7182241493091377,0.0137931034482758,0.375,3,False,0.0,False
AI1_Vibration_phase_A_rms_ratio,AI1_Vibration_phase_A_rms_ratio,REJECT,AI2 phase에 정렬된 vibration local phase consistency가 충분하지 않음,0.5637931034482758,DOWN,1.006935894727674,0.9516855576953682,0.442263636752114,0.0,0.125,1,False,0.0,False
AI1_Vibration_phase_C_ptp,AI1_Vibration_phase_C_ptp,REJECT,AI2 phase에 정렬된 vibration local phase consistency가 충분하지 않음,0.5431034482758621,DOWN,0.244333,0.216139197,0.1127711522385193,0.0275862068965517,0.5,4,False,0.0,False
AI0_Vibration_phase_A_rms_ratio,AI0_Vibration_phase_A_rms_ratio,REJECT,AI2 phase에 정렬된 vibration local phase consistency가 충분하지 않음,0.5353448275862069,DOWN,1.038858988131591,1.0278527705028968,0.0402188799143156,0.0413793103448275,0.625,5,False,0.0,False
AI1_Vibration_phase_A_std,AI1_Vibration_phase_A_std,REJECT,AI2 phase에 정렬된 vibration local phase consistency가 충분하지 않음,0.5344827586206896,UP,0.1027913496978223,0.1097466253555602,0.0576175846514827,0.0482758620689655,0.375,3,False,0.0,False
AI1_Vibration_phase_A_ptp,AI1_Vibration_phase_A_ptp,REJECT,AI2 phase에 정렬된 vibration local phase consistency가 충분하지 않음,0.528448275862069,DOWN,0.257424,0.2556055849999999,0.0066531110281796,0.0206896551724137,0.375,3,False,0.0,False
AI1_Vibration_phase_C_std,AI1_Vibration_phase_C_std,REJECT,AI2 phase에 정렬된 vibration local phase consistency가 충분하지 않음,0.525,DOWN,0.1023962104118116,0.0941704472595475,0.0730218013312219,0.0275862068965517,0.5,4,False,0.0,False
AI1_Vibration_phase_B_ptp,AI1_Vibration_phase_B_ptp,REJECT,AI2 phase에 정렬된 vibration local phase consistency가 충분하지 않음,0.5206896551724138,DOWN,0.275702,0.23843597,0.1309716906531709,0.0275862068965517,0.375,3,False,0.0,False
AI1_Vibration_phase_B_std,AI1_Vibration_phase_B_std,REJECT,AI2 phase에 정렬된 vibration local phase consistency가 충분하지 않음,0.5155172413793103,DOWN,0.1092542495716604,0.1058155893139645,0.0294074340459264,0.0275862068965517,0.375,3,False,0.0,False
AI0_Vibration_phase_B_rms_ratio,AI0_Vibration_phase_B_rms_ratio,REJECT,AI2 phase에 정렬된 vibration local phase consistency가 충분하지 않음,0.5103448275862068,UP,0.9874355465063116,0.9925412801183886,0.020014261021394,0.0344827586206896,0.375,3,False,0.0,False
AI1_Vibration_mean_abs,AI1_Vibration_mean_abs,NOT_SELECTED,현재 최종 설명체계의 핵심/보조 Feature로 선택하지 않음,0.9017241379310346,UP,0.0882996666666666,0.2018679712941176,1.157405620766937,0.0206896551724137,0.625,5,True,0.0,False
AI1_Vibration_energy,AI1_Vibration_energy,NOT_SELECTED,현재 최종 설명체계의 핵심/보조 Feature로 선택하지 않음,0.8732758620689655,UP,0.177408749032,1.1268794156668986,2.428376852543372,0.0275862068965517,0.75,6,True,0.0,False
AI0_Vibration_mean_abs,AI0_Vibration_mean_abs,NOT_SELECTED,현재 최종 설명체계의 핵심/보조 Feature로 선택하지 않음,0.8698275862068966,UP,0.0561893529411764,0.3192956281382353,10.14953034745434,0.0275862068965517,0.75,6,True,0.0,False
AI1_Vibration_kurtosis,AI1_Vibration_kurtosis,NOT_SELECTED,현재 최종 설명체계의 핵심/보조 Feature로 선택하지 않음,0.856896551724138,UP,1.9527310748950248,3.6609000289317817,2.10963783413322,0.0275862068965517,0.25,2,True,0.0,False
AI0_Vibration_energy,AI0_Vibration_energy,NOT_SELECTED,현재 최종 설명체계의 핵심/보조 Feature로 선택하지 않음,0.843103448275862,UP,0.0786861195749999,3.4911692479690597,45.99450925001975,0.0344827586206896,0.75,6,True,0.0,False
AI1_Vibration_peak,AI1_Vibration_peak,NOT_SELECTED,현재 최종 설명체계의 핵심/보조 Feature로 선택하지 않음,0.8327586206896551,UP,0.180376,0.626448105,3.08363246415684,0.0206896551724137,0.75,6,True,0.0,False
n_samples_cycle,n_samples_cycle,NOT_SELECTED,현재 최종 설명체계의 핵심/보조 Feature로 선택하지 않음,0.8168103448275862,DOWN,18.0,16.5,1.5,0.0,0.625,5,True,0.0,False
AI0_Vibration_peak,AI0_Vibration_peak,NOT_SELECTED,현재 최종 설명체계의 핵심/보조 Feature로 선택하지 않음,0.8060344827586208,UP,0.133772,0.991145525,13.5008822139989,0.0413793103448275,0.75,6,True,0.0,False
AI0_Vibration_std,AI0_Vibration_std,NOT_SELECTED,현재 최종 설명체계의 핵심/보조 Feature로 선택하지 않음,0.7577586206896552,UP,0.0674841117689389,0.4655699389934477,11.596102251822542,0.0551724137931034,0.75,6,True,0.0,False
AI0_Vibration_ptp,AI0_Vibration_ptp,NOT_SELECTED,현재 최종 설명체계의 핵심/보조 Feature로 선택하지 않음,0.7543103448275863,UP,0.237011,1.79620273,12.206456570243082,0.0413793103448275,0.75,6,True,0.0,False
AI1_Vibration_ptp,AI1_Vibration_ptp,NOT_SELECTED,현재 최종 설명체계의 핵심/보조 Feature로 선택하지 않음,0.7293103448275862,UP,0.309354,0.95486652,2.252020918443885,0.0275862068965517,0.875,7,True,0.0,False
AI1_Vibration_std,AI1_Vibration_std,NOT_SELECTED,현재 최종 설명체계의 핵심/보조 Feature로 선택하지 않음,0.7189655172413792,UP,0.1018655643575509,0.2446852735028258,1.2865027629396166,0.0206896551724137,0.875,7,True,0.0,False
AI2_Current_peak,AI2_Current_peak,NOT_SELECTED,현재 최종 설명체계의 핵심/보조 Feature로 선택하지 않음,0.6775862068965517,UP,161.16812,184.77442,0.2205832402412128,0.0413793103448275,0.375,3,False,0.0,False
AI1_Vibration_mean,AI1_Vibration_mean,NOT_SELECTED,현재 최종 설명체계의 핵심/보조 Feature로 선택하지 않음,0.6758620689655173,UP,-0.0010726111111111,0.0280573286433823,2.6057634003155123,0.0068965517241379,0.875,7,False,0.0,False
AI1_Vibration_crest_factor,AI1_Vibration_crest_factor,NOT_SELECTED,현재 최종 설명체계의 핵심/보조 Feature로 선택하지 않음,0.6758620689655173,UP,1.8067120666532568,2.1220092540013527,1.0016421164665026,0.0206896551724137,0.25,2,False,0.0,False
AI0_Vibration_kurtosis,AI0_Vibration_kurtosis,NOT_SELECTED,현재 최종 설명체계의 핵심/보조 Feature로 선택하지 않음,0.6706896551724137,UP,2.444593055683054,2.986127810340972,0.5113666133001005,0.0275862068965517,0.125,1,False,0.0,False
AI2_Current_energy,AI2_Current_energy,NOT_SELECTED,현재 최종 설명체계의 핵심/보조 Feature로 선택하지 않음,0.5741379310344827,DOWN,221842.4993903504,151964.52145365017,0.2338568823808334,0.0275862068965517,0.5,4,False,0.0,False
AI0_Vibration_mean,AI0_Vibration_mean,NOT_SELECTED,현재 최종 설명체계의 핵심/보조 Feature로 선택하지 않음,0.5655172413793104,DOWN,3.611111111111099e-05,-0.0085629168403845,0.4774172849742241,0.0275862068965517,0.5,4,False,0.0,False
AI2_Current_mean_abs,AI2_Current_mean_abs,NOT_SELECTED,현재 최종 설명체계의 핵심/보조 Feature로 선택하지 않음,0.5612068965517241,DOWN,100.65608383333333,86.21387132857143,0.2370293277250424,0.0275862068965517,0.625,5,False,0.0,False
AI0_Vibration_crest_factor,AI0_Vibration_crest_factor,NOT_SELECTED,현재 최종 설명체계의 핵심/보조 Feature로 선택하지 않음,0.556896551724138,UP,2.0112736798699364,2.016596704543166,0.0133271968067796,0.0413793103448275,0.375,3,False,0.0,False
AI1_expected_rms,AI1_expected_rms,NOT_SELECTED,현재 최종 설명체계의 핵심/보조 Feature로 선택하지 않음,0.5258620689655172,DOWN,0.0906129266788256,0.0791867840945713,0.1115396711714533,0.0275862068965517,0.625,5,False,0.0,False
AI0_expected_rms,AI0_expected_rms,NOT_SELECTED,현재 최종 설명체계의 핵심/보조 Feature로 선택하지 않음,0.5258620689655172,DOWN,0.0627647519346797,0.0596696510912048,0.1115396711714527,0.0275862068965517,0.625,5,False,0.0,False
AI2_Current_mean,AI2_Current_mean,NOT_SELECTED,현재 최종 설명체계의 핵심/보조 Feature로 선택하지 않음,0.5155172413793103,UP,8.922624111111112,9.51746056058824,0.059525936764079,0.0206896551724137,0.875,7,False,0.0,False
