segment_id,H1_전류-진동_관계이탈,H2_진동채널_관계,H3a_전류_크기,H3b_전류_시간구조,RMS_baseline,not_evaluable,v0_rms,v1_rms,cur_rms,v1_resid,corr_v0_v1,cur_mean,cur_ac1
A0000,0,0,0,0,0,4,,,,,,,
A0001,16,0,0,0,25,9,0.427,0.232,88.066,8.362,-0.492,55.313,-0.053
A0002,0,0,0,4,34,9,0.622,0.351,102.039,12.943,-0.377,-48.995,-0.135
A0003,3,1,4,14,0,9,0.047,0.1,105.424,0.355,0.509,71.585,-0.346
A0004,0,0,0,0,9,9,0.776,0.313,161.922,6.968,-0.264,-144.005,0.161
A0005,0,0,0,0,0,3,,,,,,,
A0006,11,0,0,0,30,9,0.45,0.232,75.091,5.736,-0.643,-6.199,0.137
A0007,11,0,0,0,20,9,0.18,0.229,78.184,4.611,-0.609,-21.458,-0.087
A0008,8,0,0,0,8,9,0.164,0.215,79.865,8.747,-0.418,-5.007,0.134
A0009,0,0,0,0,0,8,,,,,,,
A0010,0,0,0,0,0,4,,,,,,,
A0011,31,0,0,0,10,9,0.088,0.165,58.881,7.567,-0.339,9.298,-0.18
A0012,12,0,0,0,21,9,0.157,0.182,63.215,8.147,-0.301,31.114,-0.138
A0013,0,0,0,0,19,9,0.76,0.293,110.482,10.11,-0.498,89.288,0.086
A0014,1,0,2,2,1,9,0.098,0.072,63.989,2.37,-0.646,41.485,-0.397
A0015,6,1,12,6,16,9,0.12,0.122,104.864,0.321,-0.286,92.983,-0.056
A0016,28,0,2,0,11,9,0.047,0.115,201.649,-7.33,-0.13,194.311,0.117
A0017,11,0,0,0,16,9,0.203,0.148,232.283,-7.205,-0.243,224.233,0.101
A0018,0,0,0,0,15,9,0.782,0.249,282.344,-5.074,0.014,265.837,0.519
A0019,1,0,0,0,0,9,0.032,0.068,207.236,-8.418,0.583,198.483,0.093
A0020,6,0,0,0,0,9,0.044,0.025,184.214,-9.068,0.382,180.483,-0.273
