TimeStamp,segment_id,pos_in_seg,v0,v1,cur,explained_by
2022-07-17 10:51:07.943,A0000,0,0.29372695,-0.54055375,21.457675,not_evaluable
2022-07-17 10:51:08.043,A0000,1,1.0703204,-0.55738194,-44.107442000000006,not_evaluable
2022-07-17 10:51:08.143,A0000,2,0.90869242,0.063108272,25.033954,not_evaluable
2022-07-17 10:51:08.243,A0000,3,0.23592147,0.50932143,-101.32791,not_evaluable
2022-07-17 10:51:16.724,A0001,0,0.31553783,0.20531456,34.570698,not_evaluable
2022-07-17 10:51:16.824,A0001,1,-0.30299289,0.30915396,70.333489,not_evaluable
2022-07-17 10:51:16.924,A0001,2,-0.20851951,0.24723456,151.39582,not_evaluable
2022-07-17 10:51:17.024,A0001,3,-0.10328419,0.25261634,147.81954,not_evaluable
2022-07-17 10:51:17.124,A0001,4,-0.0030048799,0.26231512,110.86465,not_evaluable
2022-07-17 10:51:17.224,A0001,5,-0.034705724,0.16326723,32.186512,not_evaluable
2022-07-17 10:51:17.324,A0001,6,0.10219733,0.18943541,185.96651,not_evaluable
2022-07-17 10:51:17.424,A0001,7,-0.25183223,0.061985622,-107.28837,not_evaluable
2022-07-17 10:51:17.524,A0001,8,-0.72065593,0.18661143,103.71209,not_evaluable
2022-07-17 10:51:17.624,A0001,9,-1.0084029,0.18383373,-59.604652,RMS_baseline
2022-07-17 10:51:17.724,A0001,10,-0.55159947,-0.03054626,-98.943722,RMS_baseline
2022-07-17 10:51:17.824,A0001,11,0.05619137,-0.41095125,-58.412559,RMS_baseline
2022-07-17 10:51:17.924,A0001,12,0.77666812,-0.63460179,-41.723256000000006,RMS_baseline
2022-07-17 10:51:18.024,A0001,13,1.0141485,-0.27726322,-4.7683722,RMS_baseline
2022-07-17 10:51:18.124,A0001,14,0.66565997,0.22642502,19.073489,RMS_baseline
2022-07-17 10:51:18.224,A0001,15,0.14287199,0.35294891,-10.728837,RMS_baseline
2022-07-17 10:51:18.324,A0001,16,-0.35207842,0.27173613,20.265582,RMS_baseline
2022-07-17 10:51:18.424,A0001,17,-0.78304213,0.2774304,11.92093,RMS_baseline
2022-07-17 10:51:18.524,A0001,18,-0.7427538,0.2534728,-183.58233,RMS_baseline
2022-07-17 10:51:18.624,A0001,19,-0.38071073,-0.2854227,-141.85907,RMS_baseline
2022-07-17 10:51:18.724,A0001,20,0.44957103,-0.61829442,-84.638606,RMS_baseline
2022-07-17 10:51:18.824,A0001,21,0.97580285,-0.31235474,-54.83628,RMS_baseline
2022-07-17 10:51:18.924,A0001,22,0.45143644,0.37491583,-183.58233,RMS_baseline
2022-07-17 10:51:19.024,A0001,23,0.51206762,-0.44267481,181.19814,RMS_baseline
2022-07-17 10:51:19.124,A0001,24,-0.29843423,-0.03294202,87.022792,RMS_baseline
2022-07-17 10:51:19.224,A0001,25,-0.22486664,-0.05416822,25.033954,RMS_baseline
2022-07-17 10:51:19.324,A0001,26,-0.15277812,-0.070301984,76.293954,RMS_baseline
2022-07-17 10:51:19.424,A0001,27,-0.17111207,0.029069965,125.16977,RMS_baseline
2022-07-17 10:51:19.524,A0001,28,0.088731095,0.21633274,95.367443,RMS_baseline
2022-07-17 10:51:19.624,A0001,29,-0.027553166,0.26119247,128.74605,RMS_baseline
2022-07-17 10:51:19.724,A0001,30,0.020693488,0.26979174,72.717675,RMS_baseline
2022-07-17 10:51:19.824,A0001,31,0.015770585,0.27914331,95.367443,RMS_baseline
2022-07-17 10:51:19.924,A0001,32,0.039844242,0.25953743,27.41814,RMS_baseline
2022-07-17 10:51:20.024,A0001,33,0.071567162,0.21963125,90.599071,RMS_baseline
2022-07-17 10:51:20.124,A0001,34,0.063531572,0.24368143,47.683722,H1_전류-진동_관계이탈
2022-07-17 10:51:20.224,A0001,35,0.083741964,-0.17587745,69.141396,H1_전류-진동_관계이탈
2022-07-17 10:51:20.324,A0001,36,0.11077378,-0.18301843,72.717675,H1_전류-진동_관계이탈
2022-07-17 10:51:20.424,A0001,37,0.040837653,-0.097257176,119.2093,H1_전류-진동_관계이탈
2022-07-17 10:51:20.524,A0001,38,0.14821433,-0.16974338,60.796745,H1_전류-진동_관계이탈
2022-07-17 10:51:20.624,A0001,39,0.1271761,-0.17331966,-7.1525582000000005,H1_전류-진동_관계이탈
2022-07-17 10:51:20.724,A0001,40,0.10451529,-0.13157325,135.89861,H1_전류-진동_관계이탈
2022-07-17 10:51:20.824,A0001,41,0.074194182,-0.12804327,85.83069900000001,H1_전류-진동_관계이탈
2022-07-17 10:51:20.924,A0001,42,0.092991723,-0.1683661,79.870234,H1_전류-진동_관계이탈
2022-07-17 10:51:21.024,A0001,43,0.091578872,-0.14827413,94.17535,H1_전류-진동_관계이탈
2022-07-17 10:51:21.124,A0001,44,0.062107683,-0.16543795,67.949303,H1_전류-진동_관계이탈
2022-07-17 10:51:21.224,A0001,45,0.066324161,-0.15020694,44.107442000000006,H1_전류-진동_관계이탈
2022-07-17 10:51:21.324,A0001,46,0.041444737,-0.14007994,95.367443,H1_전류-진동_관계이탈
2022-07-17 10:51:21.424,A0001,47,0.07252746,-0.13643421,132.32233,H1_전류-진동_관계이탈
2022-07-17 10:51:21.524,A0001,48,0.094316271,-0.13323987,181.19814,H1_전류-진동_관계이탈
2022-07-17 10:51:21.624,A0001,49,0.10750656,-0.15582019,57.220466,H1_전류-진동_관계이탈
2022-07-17 10:51:23.615,A0002,0,0.018761856,-0.1593849,164.50884,not_evaluable
2022-07-17 10:51:23.715,A0002,1,0.11277164,-0.14023039,45.299535000000006,not_evaluable
2022-07-17 10:51:23.815,A0002,2,0.0961596,-0.14276504,11.92093,not_evaluable
2022-07-17 10:51:23.915,A0002,3,0.1176835,-0.13832073,78.67814000000001,not_evaluable
2022-07-17 10:51:24.015,A0002,4,0.010328902,-0.13299682,153.78,not_evaluable
2022-07-17 10:51:24.115,A0002,5,0.037371753,-0.11535847,94.17535,not_evaluable
2022-07-17 10:51:24.215,A0002,6,0.011112592,-0.12424709,-63.180931,not_evaluable
2022-07-17 10:51:24.315,A0002,7,-0.051847581,-0.14057761,165.70093,not_evaluable
2022-07-17 10:51:24.415,A0002,8,0.096501775,-0.13626061,133.51442,not_evaluable
2022-07-17 10:51:24.515,A0002,9,0.089338179,-0.13180473,125.16977,H3b_전류_시간구조
2022-07-17 10:51:24.615,A0002,10,0.076092701,-0.10680549,17.881396,H3b_전류_시간구조
2022-07-17 10:51:24.715,A0002,11,0.033353958,-0.070556606,82.25442,H3b_전류_시간구조
2022-07-17 10:51:24.815,A0002,12,0.04568329,-0.070845949,100.13582,H3b_전류_시간구조
2022-07-17 10:51:24.915,A0002,13,-0.90681008,0.32970889,-97.751629,RMS_baseline
2022-07-17 10:51:25.015,A0002,14,-0.81761283,0.27299766,-32.186512,RMS_baseline
2022-07-17 10:51:25.115,A0002,15,-0.67382212,-0.16860915,-88.21488500000001,RMS_baseline
2022-07-17 10:51:25.215,A0002,16,0.039126779,-0.54696559,8.344651299999999,RMS_baseline
2022-07-17 10:51:25.315,A0002,17,0.60786554,-0.65786497,-149.01163,RMS_baseline
2022-07-17 10:51:25.415,A0002,18,0.90028154,-0.30307262,-4.7683722,RMS_baseline
2022-07-17 10:51:25.515,A0002,19,0.77455988,0.12670586,-78.67814000000001,RMS_baseline
2022-07-17 10:51:25.615,A0002,20,0.36752633,0.33792623,-57.220466,RMS_baseline
2022-07-17 10:51:25.715,A0002,21,-0.037376896,0.31792684,-119.2093,RMS_baseline
2022-07-17 10:51:25.815,A0002,22,-0.49312069,0.33882898,-14.305116,RMS_baseline
2022-07-17 10:51:25.915,A0002,23,-0.78852796,0.30414254,-97.751629,RMS_baseline
2022-07-17 10:51:26.015,A0002,24,-0.8093344,0.13280521,-163.31675,RMS_baseline
2022-07-17 10:51:26.115,A0002,25,-0.46426762,-0.35951764,-89.406978,RMS_baseline
2022-07-17 10:51:26.215,A0002,26,0.18571007,-0.67001737,-108.48047,RMS_baseline
2022-07-17 10:51:26.315,A0002,27,0.87640657,-0.43525606,-110.86465,RMS_baseline
2022-07-17 10:51:26.415,A0002,28,1.0029671,0.14065219,-127.55396,RMS_baseline
2022-07-17 10:51:26.515,A0002,29,0.56532548,0.37315663,-83.44651300000001,RMS_baseline
2022-07-17 10:51:26.615,A0002,30,0.014733023,0.32789181,-139.47489000000002,RMS_baseline
2022-07-17 10:51:26.715,A0002,31,-0.50401509,0.40272748,-144.24326,RMS_baseline
2022-07-17 10:51:26.815,A0002,32,-0.79093423,0.31933883,-115.63302,RMS_baseline
2022-07-17 10:51:26.915,A0002,33,-0.86031846,-0.26631449,-165.70093,RMS_baseline
2022-07-17 10:51:27.015,A0002,34,-0.089288132,-0.63668506,-76.293954,RMS_baseline
2022-07-17 10:51:27.115,A0002,35,0.98647649,-0.46380842,-94.17535,RMS_baseline
2022-07-17 10:51:27.215,A0002,36,1.1848827,-0.10034736,-141.85907,RMS_baseline
2022-07-17 10:51:27.315,A0002,37,0.59527129,-0.38463261,128.74605,RMS_baseline
2022-07-17 10:51:27.415,A0002,38,0.275978,-0.22223019,38.146977,RMS_baseline
2022-07-17 10:51:27.515,A0002,39,0.26995131,-0.12489522,83.44651300000001,RMS_baseline
2022-07-17 10:51:27.615,A0002,40,0.27341721,-0.19892072,26.226047,RMS_baseline
2022-07-17 10:51:27.715,A0002,41,0.27747916,-0.08447979,92.983257,RMS_baseline
2022-07-17 10:51:27.815,A0002,42,0.088300617,-0.057385714,67.949303,RMS_baseline
2022-07-17 10:51:27.915,A0002,43,0.069878364,-0.012606996,120.4014,RMS_baseline
2022-07-17 10:51:28.015,A0002,44,0.080187761,-0.0032322839,28.610233,RMS_baseline
2022-07-17 10:51:28.115,A0002,45,0.054745405,0.021558622,91.791164,RMS_baseline
2022-07-17 10:51:28.215,A0002,46,0.023375698,0.022577109,67.949303,RMS_baseline
2022-07-17 10:51:31.734,A0003,0,0.049347873,0.087089018,133.51442,not_evaluable
2022-07-17 10:51:31.834,A0003,1,0.033950004,0.19192376,118.01721,not_evaluable
2022-07-17 10:51:31.934,A0003,2,0.060694832,-0.046101338,73.909768,not_evaluable
2022-07-17 10:51:32.034,A0003,3,0.061721357,-0.055360313,52.452094,not_evaluable
2022-07-17 10:51:32.134,A0003,4,0.07809056,-0.055915852,53.644187,not_evaluable
2022-07-17 10:51:32.234,A0003,5,0.031091189,-0.052327999,101.32791,not_evaluable
2022-07-17 10:51:32.334,A0003,6,0.10139156,-0.10148158,208.61628,not_evaluable
2022-07-17 10:51:32.434,A0003,7,0.012249496,-0.065938692,94.17535,not_evaluable
2022-07-17 10:51:32.534,A0003,8,0.047063028,-0.075683764,58.412559,not_evaluable
2022-07-17 10:51:32.634,A0003,9,0.031278833,-0.064445683,-94.17535,H3b_전류_시간구조
2022-07-17 10:51:32.734,A0003,10,0.029567959,-0.094213287,118.01721,H3b_전류_시간구조
2022-07-17 10:51:32.834,A0003,11,0.017028906,-0.12141153,56.028373,H3b_전류_시간구조
2022-07-17 10:51:32.934,A0003,12,0.11274956,-0.077952213,71.525582,H3b_전류_시간구조
2022-07-17 10:51:33.034,A0003,13,0.050341284,-0.10909709,106.09628,H3b_전류_시간구조
2022-07-17 10:51:33.134,A0003,14,-0.0039320633,-0.1132752,-19.073489,H3b_전류_시간구조
2022-07-17 10:51:33.234,A0003,15,0.019611774,-0.12101802,112.05675,H3b_전류_시간구조
2022-07-17 10:51:33.334,A0003,16,0.042228428,-0.081667376,10.728837,H3b_전류_시간구조
2022-07-17 10:51:33.434,A0003,17,0.021410952,-0.11598345,258.68419,H3b_전류_시간구조
2022-07-17 10:51:33.534,A0003,18,0.047537657,-0.072825055,25.033954,H3b_전류_시간구조
2022-07-17 10:51:33.634,A0003,19,0.055904384,-0.078577193,94.17535,H3b_전류_시간구조
2022-07-17 10:51:33.734,A0003,20,0.034987567,-0.090555992,138.28279,H3b_전류_시간구조
2022-07-17 10:51:33.834,A0003,21,0.012547519,-0.10908552,-5.9604652,H3b_전류_시간구조
2022-07-17 10:51:33.934,A0003,22,0.010902872,-0.12858723,73.909768,H3b_전류_시간구조
2022-07-17 10:51:34.034,A0003,23,0.0085628378,-0.13076309,23.841861,H2_진동채널_관계
2022-07-17 10:51:34.134,A0003,24,-0.0067246516,-0.081204428,64.373024,H3a_전류_크기
2022-07-17 10:51:34.234,A0003,25,0.038409315,-0.089884717,5.9604652,H3a_전류_크기
2022-07-17 10:51:34.334,A0003,26,-0.0080712753,-0.11135397,66.75721,H3a_전류_크기
2022-07-17 10:51:34.434,A0003,27,0.025550164,-0.10251164,66.75721,H1_전류-진동_관계이탈
2022-07-17 10:51:34.534,A0003,28,0.015770585,-0.11285855,154.97209,H3a_전류_크기
2022-07-17 10:51:34.634,A0003,29,0.0081654734,-0.13284636,19.073489,H1_전류-진동_관계이탈
2022-07-17 10:51:34.734,A0003,30,0.069061559,-0.14255671,35.762791,H1_전류-진동_관계이탈
2022-07-17 10:51:39.999,A0004,0,0.14524513,-0.13643421,-40.53116300000001,not_evaluable
2022-07-17 10:51:40.099,A0004,1,-0.036449712,-0.0771652,65.565117,not_evaluable
2022-07-17 10:51:40.199,A0004,2,0.0061565759,-0.11053223,85.83069900000001,not_evaluable
2022-07-17 10:51:40.299,A0004,3,-0.3958768,0.10553753,-129.93814,not_evaluable
2022-07-17 10:51:40.399,A0004,4,-0.537482,0.16562827,-259.87628,not_evaluable
2022-07-17 10:51:40.499,A0004,5,-1.0435476,0.12384715,-26.226047,not_evaluable
2022-07-17 10:51:40.599,A0004,6,-0.9547256,-0.098310384,-33.378605,not_evaluable
2022-07-17 10:51:40.699,A0004,7,-0.29186668,-0.45667901,-70.333489,not_evaluable
2022-07-17 10:51:40.799,A0004,8,0.60917905,-0.54426892,-168.08512000000002,not_evaluable
2022-07-17 10:51:40.899,A0004,9,1.214663,-0.29509832,-203.84791,RMS_baseline
2022-07-17 10:51:40.999,A0004,10,1.1296932,0.074068584,-138.28279,RMS_baseline
2022-07-17 10:51:41.099,A0004,11,0.51275197,0.36157133,-230.07396,RMS_baseline
2022-07-17 10:51:41.199,A0004,12,-0.083393895,0.34958096,-180.00605,RMS_baseline
2022-07-17 10:51:41.299,A0004,13,-0.51964476,0.27803223,-138.28279,RMS_baseline
2022-07-17 10:51:41.399,A0004,14,-0.88631271,0.23328823,-216.96093,RMS_baseline
2022-07-17 10:51:41.499,A0004,15,-1.1061545,0.098130345,-125.16977,RMS_baseline
2022-07-17 10:51:41.599,A0004,16,-0.51882795,-0.29932273,-197.88744,RMS_baseline
2022-07-17 10:51:41.699,A0004,17,0.55337143,-0.64508758,-157.35628000000003,RMS_baseline
2022-07-17 10:51:48.093,A0005,0,1.2754045,-0.41103227,-158.54837,not_evaluable
2022-07-17 10:51:48.193,A0005,1,1.0632451,0.14878851,-151.39582,not_evaluable
2022-07-17 10:51:48.293,A0005,2,0.18182473,0.41165081,-115.63302,not_evaluable
2022-07-17 10:51:56.684,A0006,0,-0.56095961,0.29034667,-267.02884,not_evaluable
2022-07-17 10:51:56.784,A0006,1,-1.1479882,0.2396885,-147.81954,not_evaluable
2022-07-17 10:51:56.884,A0006,2,-1.093472,-0.0095052395,-200.27163,not_evaluable
2022-07-17 10:51:56.984,A0006,3,-0.59016589,-0.1065393,-53.644187,not_evaluable
2022-07-17 10:51:57.084,A0006,4,-0.11512785,0.059115339,-2.3841861,not_evaluable
2022-07-17 10:51:57.184,A0006,5,-0.1798872,0.02812092,9.5367443,not_evaluable
2022-07-17 10:51:57.284,A0006,6,-0.26812416,0.14086052,-26.226047,not_evaluable
2022-07-17 10:51:57.384,A0006,7,-0.28524394,0.18681975,26.226047,not_evaluable
2022-07-17 10:51:57.484,A0006,8,-0.20783516,0.20820799,104.90419,not_evaluable
2022-07-17 10:51:57.584,A0006,9,-0.29374313,0.19865967,-22.649768,RMS_baseline
2022-07-17 10:51:57.684,A0006,10,-0.31084083,0.21566146,9.5367443,RMS_baseline
2022-07-17 10:51:57.784,A0006,11,-0.24599318,0.27954839,-17.881396,RMS_baseline
2022-07-17 10:51:57.884,A0006,12,-0.23616945,0.28683983,-15.497209,RMS_baseline
2022-07-17 10:51:57.984,A0006,13,-0.20955707,0.31017245,-2.3841861,RMS_baseline
2022-07-17 10:51:58.084,A0006,14,-0.22049563,0.33098199,-13.113023,RMS_baseline
2022-07-17 10:51:58.184,A0006,15,0.020936322,-0.034284571,-14.305116,RMS_baseline
2022-07-17 10:51:58.284,A0006,16,0.049977033,-0.071100571,65.565117,RMS_baseline
2022-07-17 10:51:58.384,A0006,17,-0.00062069378,-0.067917798,53.644187,RMS_baseline
2022-07-17 10:51:58.484,A0006,18,0.076048549,-0.063438769,135.89861,RMS_baseline
2022-07-17 10:51:58.584,A0006,19,0.032901404,-0.097141438,29.802326,RMS_baseline
2022-07-17 10:51:58.684,A0006,20,-0.004726792,-0.067142359,-28.610233,RMS_baseline
2022-07-17 10:51:58.784,A0006,21,0.030351649,-0.13885312,-20.265582,H1_전류-진동_관계이탈
2022-07-17 10:51:58.884,A0006,22,-0.0045281098,-0.069538119,60.796745,H1_전류-진동_관계이탈
2022-07-17 10:51:58.984,A0006,23,0.031035999,-0.067119212,23.841861,H1_전류-진동_관계이탈
2022-07-17 10:51:59.084,A0006,24,-0.021979027,-0.077223068,-3.5762791000000003,H1_전류-진동_관계이탈
2022-07-17 10:51:59.184,A0006,25,-0.054662245,-0.11870328,-3.5762791000000003,H1_전류-진동_관계이탈
2022-07-17 10:51:59.284,A0006,26,0.037713928,-0.1046875,88.21488500000001,H1_전류-진동_관계이탈
2022-07-17 10:51:59.384,A0006,27,0.073918235,-0.10810175,3.5762791000000003,H1_전류-진동_관계이탈
2022-07-17 10:51:59.484,A0006,28,0.046168958,-0.13270748,79.870234,H1_전류-진동_관계이탈
2022-07-17 10:51:59.584,A0006,29,0.026444233,-0.12145782,54.83628,H1_전류-진동_관계이탈
2022-07-17 10:51:59.684,A0006,30,0.30700554,-0.086655649,-41.723256000000006,H1_전류-진동_관계이탈
2022-07-17 10:51:59.784,A0006,31,0.038056103,0.2794558,-17.881396,H1_전류-진동_관계이탈
2022-07-17 10:51:59.884,A0006,32,1.5223885,-0.70039838,-245.57117,RMS_baseline
2022-07-17 10:51:59.984,A0006,33,1.5525772,-0.47321786,-326.63349,RMS_baseline
2022-07-17 10:52:00.084,A0006,34,1.18613,0.071406629,-196.69535,RMS_baseline
2022-07-17 10:52:00.184,A0006,35,0.092815117,0.48463469,-166.89302999999998,RMS_baseline
2022-07-17 10:52:00.284,A0006,36,-0.67898786,0.34026412,-306.36791,RMS_baseline
2022-07-17 10:52:00.384,A0006,37,-0.99851295,0.18612533,-176.42977000000002,RMS_baseline
2022-07-17 10:52:00.484,A0006,38,-1.0720695,0.16835967,-221.7293,RMS_baseline
2022-07-17 10:52:00.584,A0006,39,-0.56020903,-0.025557987,-263.45256,RMS_baseline
2022-07-17 10:52:00.684,A0006,40,-0.52779073,-0.028937513,51.260001,RMS_baseline
2022-07-17 10:52:00.784,A0006,41,-0.17202822,0.29181653,-129.93814,RMS_baseline
2022-07-17 10:52:00.884,A0006,42,-0.12992967,0.31642226,-63.180931,RMS_baseline
2022-07-17 10:52:00.984,A0006,43,-0.34951763,0.38162859,-8.344651299999999,RMS_baseline
2022-07-17 10:52:01.084,A0006,44,0.44060826,-0.22576018,-236.03442,RMS_baseline
2022-07-17 10:52:01.184,A0006,45,0.75217502,-0.66704293,-209.80837,RMS_baseline
2022-07-17 10:52:01.284,A0006,46,1.0047663,-0.2510256,-269.41303,RMS_baseline
2022-07-17 10:52:01.384,A0006,47,0.57656206,0.19039603,-399.35117,RMS_baseline
2022-07-17 10:52:01.484,A0006,48,0.087174751,0.37532091,-247.95535,RMS_baseline
2022-07-17 10:52:01.584,A0006,49,-0.32913063,0.34562275,-150.20372,RMS_baseline
2022-07-17 10:52:04.407,A0007,0,-0.53801182,0.2297814,-240.80279,not_evaluable
2022-07-17 10:52:04.507,A0007,1,-0.68500351,0.26120404,-258.68419,not_evaluable
2022-07-17 10:52:04.607,A0007,2,-0.70739941,0.02030866,-338.55442,not_evaluable
2022-07-17 10:52:04.707,A0007,3,0.0083751935,-0.42033754,-251.53163,not_evaluable
2022-07-17 10:52:04.807,A0007,4,0.75119265,-0.50135357,-232.45814,not_evaluable
2022-07-17 10:52:04.907,A0007,5,0.9826353,-0.26276135,-212.19256,not_evaluable
2022-07-17 10:52:05.007,A0007,6,0.49222147,0.20107857,-349.28326000000004,not_evaluable
2022-07-17 10:52:05.107,A0007,7,-0.058370979,0.39025101,-342.1307,not_evaluable
2022-07-17 10:52:05.207,A0007,8,-0.46125427,0.38262393,-319.48092999999994,not_evaluable
2022-07-17 10:52:05.307,A0007,9,-0.63887614,0.42199772,-195.50326,RMS_baseline
2022-07-17 10:52:05.407,A0007,10,-0.55512056,0.102864,-294.44698,RMS_baseline
2022-07-17 10:52:05.507,A0007,11,-0.34961697,0.058976455,-11.92093,RMS_baseline
2022-07-17 10:52:05.607,A0007,12,0.084006874,0.19921521,65.565117,RMS_baseline
2022-07-17 10:52:05.707,A0007,13,0.10290376,0.16300104,-56.028373,RMS_baseline
2022-07-17 10:52:05.807,A0007,14,-0.066616289,0.19938881,45.299535000000006,RMS_baseline
2022-07-17 10:52:05.907,A0007,15,-0.16957781,0.21389068,-66.75721,RMS_baseline
2022-07-17 10:52:06.007,A0007,16,-0.21056152,0.25717639,-15.497209,RMS_baseline
2022-07-17 10:52:06.107,A0007,17,-0.1999541,0.24136669,33.378605,RMS_baseline
2022-07-17 10:52:06.207,A0007,18,-0.20979991,0.23860057,-21.457675,RMS_baseline
2022-07-17 10:52:06.307,A0007,19,-0.24953634,0.24353097,-57.220466,RMS_baseline
2022-07-17 10:52:06.407,A0007,20,-0.15730366,0.23765153,29.802326,RMS_baseline
2022-07-17 10:52:06.507,A0007,21,-0.16367253,0.3112488,27.41814,RMS_baseline
2022-07-17 10:52:06.607,A0007,22,-0.20543994,0.36077275,-11.92093,RMS_baseline
2022-07-17 10:52:06.707,A0007,23,0.15437348,-0.15094766,-7.1525582000000005,RMS_baseline
2022-07-17 10:52:06.807,A0007,24,0.09532072,-0.13645736,26.226047,RMS_baseline
2022-07-17 10:52:06.907,A0007,25,0.07073932,-0.13517268,19.073489,RMS_baseline
2022-07-17 10:52:07.007,A0007,26,0.02877323,-0.13333246,47.683722,RMS_baseline
2022-07-17 10:52:07.107,A0007,27,0.081225324,-0.093808207,-52.452094,RMS_baseline
2022-07-17 10:52:07.207,A0007,28,0.088973928,-0.12348322,20.265582,RMS_baseline
2022-07-17 10:52:07.307,A0007,29,0.13917429,-0.12303185,39.33907000000001,H1_전류-진동_관계이탈
2022-07-17 10:52:07.407,A0007,30,0.070728282,-0.13253387,-119.2093,H1_전류-진동_관계이탈
2022-07-17 10:52:07.507,A0007,31,0.074326637,-0.11330992,-78.67814000000001,H1_전류-진동_관계이탈
2022-07-17 10:52:07.607,A0007,32,0.07405069,-0.13386485,-109.67256,H1_전류-진동_관계이탈
2022-07-17 10:52:07.707,A0007,33,0.088422033,-0.16144502,109.67256,H1_전류-진동_관계이탈
2022-07-17 10:52:07.807,A0007,34,0.0552973,-0.11769636,-94.17535,H1_전류-진동_관계이탈
2022-07-17 10:52:07.907,A0007,35,0.091325001,-0.12243001,28.610233,H1_전류-진동_관계이탈
2022-07-17 10:52:08.007,A0007,36,0.052493674,-0.15129487,-71.525582,H1_전류-진동_관계이탈
2022-07-17 10:52:08.107,A0007,37,0.085508028,-0.12258047,95.367443,H1_전류-진동_관계이탈
2022-07-17 10:52:08.207,A0007,38,0.076898467,-0.13094827,-71.525582,H1_전류-진동_관계이탈
2022-07-17 10:52:08.307,A0007,39,0.094570143,-0.14034613,35.762791,H1_전류-진동_관계이탈
2022-07-17 10:52:12.567,A0008,0,0.084547731,-0.17960418,104.90419,not_evaluable
2022-07-17 10:52:12.667,A0008,1,0.037989875,-0.17730101,116.82512,not_evaluable
2022-07-17 10:52:12.767,A0008,2,0.052449522,-0.1507509,47.683722,not_evaluable
2022-07-17 10:52:12.867,A0008,3,0.096104411,-0.14771859,15.497209,not_evaluable
2022-07-17 10:52:12.967,A0008,4,0.10812468,-0.14512608,-168.08512000000002,not_evaluable
2022-07-17 10:52:13.067,A0008,5,0.083256297,-0.15681553,-28.610233,not_evaluable
2022-07-17 10:52:13.167,A0008,6,0.10502303,-0.13933922,0.0,not_evaluable
2022-07-17 10:52:13.267,A0008,7,0.091578872,-0.13263803,7.1525582000000005,not_evaluable
2022-07-17 10:52:13.367,A0008,8,0.072626801,-0.16489399,-2.3841861,not_evaluable
2022-07-17 10:52:13.467,A0008,9,0.059922179,-0.15548455,22.649768,H1_전류-진동_관계이탈
2022-07-17 10:52:13.567,A0008,10,0.055021353,-0.17072714,84.638606,H1_전류-진동_관계이탈
2022-07-17 10:52:13.667,A0008,11,0.083013463,-0.1392582,61.988838,H1_전류-진동_관계이탈
2022-07-17 10:52:13.767,A0008,12,0.099559273,-0.16298432,-126.36186,H1_전류-진동_관계이탈
2022-07-17 10:52:13.867,A0008,13,0.1418565,-0.14249884,120.4014,H1_전류-진동_관계이탈
2022-07-17 10:52:13.967,A0008,14,0.16477118,-0.14328586,38.146977,H1_전류-진동_관계이탈
2022-07-17 10:52:14.067,A0008,15,0.077615931,-0.11864541,-11.92093,H1_전류-진동_관계이탈
2022-07-17 10:52:14.167,A0008,16,-0.011945578,-0.088218101,4.7683722,H1_전류-진동_관계이탈
2022-07-17 10:52:14.267,A0008,17,0.65825354,-0.7512533,-79.870234,RMS_baseline
2022-07-17 10:52:14.367,A0008,18,0.74485689,-0.45572997,-185.96651,RMS_baseline
2022-07-17 10:52:14.467,A0008,19,0.70486659,-0.014377775,-98.943722,RMS_baseline
2022-07-17 10:52:14.567,A0008,20,0.28476417,0.38180219,-70.333489,RMS_baseline
2022-07-17 10:52:14.667,A0008,21,-0.19848606,0.43896479,-120.4014,RMS_baseline
2022-07-17 10:52:14.767,A0008,22,-0.35238748,0.29983712,-185.96651,RMS_baseline
2022-07-17 10:52:14.867,A0008,23,-0.59300263,0.27615729,-107.28837,RMS_baseline
2022-07-17 10:52:14.967,A0008,24,-0.72322776,0.19169229,-94.17535,RMS_baseline
2022-07-17 10:52:21.018,A0009,0,-0.43752279,-0.039955694,-33.378605,not_evaluable
2022-07-17 10:52:21.118,A0009,1,0.026874711,-0.52731342,-50.067908,not_evaluable
2022-07-17 10:52:21.218,A0009,2,0.54211278,-0.71433314,-175.23767999999998,not_evaluable
2022-07-17 10:52:21.318,A0009,3,0.78196631,-0.25027331,-140.66698,not_evaluable
2022-07-17 10:52:21.418,A0009,4,0.52067718,0.28664308,-114.44093,not_evaluable
2022-07-17 10:52:21.518,A0009,5,0.14722092,0.41908114,-168.08512000000002,not_evaluable
2022-07-17 10:52:21.618,A0009,6,-0.21849777,0.30170049,-59.604652,not_evaluable
2022-07-17 10:52:21.718,A0009,7,-0.56633507,0.28952493,-128.74605,not_evaluable
2022-07-17 10:52:29.326,A0010,0,-0.75195941,0.25165573,-209.80837,not_evaluable
2022-07-17 10:52:29.426,A0010,1,-0.64600662,-0.33873124,-249.14744,not_evaluable
2022-07-17 10:52:29.526,A0010,2,0.0045229669,-0.74273505,-221.7293,not_evaluable
2022-07-17 10:52:29.626,A0010,3,0.67336443,-0.3104798,-58.412559,not_evaluable
2022-07-17 10:52:38.172,A0011,0,0.9721493,0.17281555,-107.28837,not_evaluable
2022-07-17 10:52:38.272,A0011,1,0.66219407,0.17252621,-104.90419,not_evaluable
2022-07-17 10:52:38.372,A0011,2,0.023232205,0.070376568,-3.5762791000000003,not_evaluable
2022-07-17 10:52:38.472,A0011,3,0.21169328,-0.069133039,-58.412559,not_evaluable
2022-07-17 10:52:38.572,A0011,4,0.12444973,0.030655565,-107.28837,not_evaluable
2022-07-17 10:52:38.672,A0011,5,0.087395509,0.10703054,47.683722,not_evaluable
2022-07-17 10:52:38.772,A0011,6,0.11428383,0.098743753,-59.604652,not_evaluable
2022-07-17 10:52:38.872,A0011,7,-0.11046986,0.17758393,9.5367443,not_evaluable
2022-07-17 10:52:38.972,A0011,8,-0.026283808,0.14789734,-14.305116,not_evaluable
2022-07-17 10:52:39.072,A0011,9,-0.073978567,0.2081154,-35.762791,RMS_baseline
2022-07-17 10:52:39.172,A0011,10,-0.084122396,0.23674878,26.226047,RMS_baseline
2022-07-17 10:52:39.272,A0011,11,-0.10777661,0.24605405,-30.994419,H1_전류-진동_관계이탈
2022-07-17 10:52:39.372,A0011,12,-0.094564248,0.23074202,-5.9604652,H1_전류-진동_관계이탈
2022-07-17 10:52:39.472,A0011,13,0.099228136,-0.17311133,-11.92093,H1_전류-진동_관계이탈
2022-07-17 10:52:39.572,A0011,14,0.043817886,-0.16101679,102.52,H1_전류-진동_관계이탈
2022-07-17 10:52:39.672,A0011,15,0.11422864,-0.13041588,42.915349000000006,H1_전류-진동_관계이탈
2022-07-17 10:52:39.772,A0011,16,0.039789053,-0.15354017,44.107442000000006,H1_전류-진동_관계이탈
2022-07-17 10:52:39.872,A0011,17,0.066467653,-0.15468597,-61.988838,H1_전류-진동_관계이탈
2022-07-17 10:52:39.972,A0011,18,0.079381995,-0.14164239,41.723256000000006,H1_전류-진동_관계이탈
2022-07-17 10:52:40.072,A0011,19,0.11023292,-0.15038054,-85.83069900000001,H1_전류-진동_관계이탈
2022-07-17 10:52:40.172,A0011,20,0.12435039,-0.19228898,52.452094,H1_전류-진동_관계이탈
2022-07-17 10:52:40.272,A0011,21,0.091788592,-0.14764915,-25.033954,H1_전류-진동_관계이탈
2022-07-17 10:52:40.372,A0011,22,0.079646904,-0.16171122,34.570698,H1_전류-진동_관계이탈
2022-07-17 10:52:40.472,A0011,23,0.033585754,-0.15734792,60.796745,H1_전류-진동_관계이탈
2022-07-17 10:52:40.572,A0011,24,0.053211137,-0.16878276,-23.841861,H1_전류-진동_관계이탈
2022-07-17 10:52:40.672,A0011,25,0.097439996,-0.15297306,33.378605,H1_전류-진동_관계이탈
2022-07-17 10:52:40.772,A0011,26,0.088300617,-0.18746274,120.4014,H1_전류-진동_관계이탈
2022-07-17 10:52:40.872,A0011,27,0.089614126,-0.17785655,-33.378605,H1_전류-진동_관계이탈
2022-07-17 10:52:40.972,A0011,28,0.053189061,-0.15369063,40.53116300000001,H1_전류-진동_관계이탈
2022-07-17 10:52:41.072,A0011,29,0.078763872,-0.1548943,20.265582,H1_전류-진동_관계이탈
2022-07-17 10:52:41.172,A0011,30,0.05661081,-0.16859758,-10.728837,H1_전류-진동_관계이탈
2022-07-17 10:52:41.272,A0011,31,0.073719553,-0.15893352,56.028373,H1_전류-진동_관계이탈
2022-07-17 10:52:41.372,A0011,32,0.056688075,-0.13642264,151.39582,H1_전류-진동_관계이탈
2022-07-17 10:52:41.472,A0011,33,0.047405203,-0.16635228,-1.192093,H1_전류-진동_관계이탈
2022-07-17 10:52:41.572,A0011,34,0.05030817,-0.16121355,-54.83628,H1_전류-진동_관계이탈
2022-07-17 10:52:41.672,A0011,35,0.057328273,-0.18203467,95.367443,H1_전류-진동_관계이탈
2022-07-17 10:52:41.772,A0011,36,0.059988407,-0.19440697,-25.033954,H1_전류-진동_관계이탈
2022-07-17 10:52:41.872,A0011,37,0.02546186,-0.18518272,-66.75721,H1_전류-진동_관계이탈
2022-07-17 10:52:41.972,A0011,38,0.0067195087,-0.12889972,21.457675,H1_전류-진동_관계이탈
2022-07-17 10:52:42.072,A0011,39,0.04242711,-0.076181434,41.723256000000006,H1_전류-진동_관계이탈
2022-07-17 10:52:42.172,A0011,40,0.1782926,-0.13204777,32.186512,H1_전류-진동_관계이탈
2022-07-17 10:52:42.272,A0011,41,-0.28763917,0.09194998,-60.796745,H1_전류-진동_관계이탈
2022-07-17 10:52:42.372,A0011,42,-0.48794391,0.22085806,-98.943722,RMS_baseline
2022-07-17 10:52:42.472,A0011,43,-0.96386498,0.1775492,-123.97768,RMS_baseline
2022-07-17 10:52:42.572,A0011,44,-0.99543337,-0.0439602,-46.491628000000006,RMS_baseline
2022-07-17 10:52:42.672,A0011,45,-0.2890741,-0.58445287,-96.559536,RMS_baseline
2022-07-17 10:52:42.772,A0011,46,0.49622823,-0.70132428,-69.141396,RMS_baseline
2022-07-17 10:52:42.872,A0011,47,1.0064882,-0.28811937,-22.649768,RMS_baseline
2022-07-17 10:52:42.972,A0011,48,0.91458666,0.13657824,-33.378605,RMS_baseline
2022-07-17 10:52:43.072,A0011,49,0.48363399,0.40670884,-84.638606,RMS_baseline
2022-07-17 10:52:45.655,A0012,0,0.05099252,0.30350599,-121.59349,not_evaluable
2022-07-17 10:52:45.755,A0012,1,-0.37009227,0.22240894,-60.796745,not_evaluable
2022-07-17 10:52:45.855,A0012,2,-0.94285986,0.23284843,-187.15861,not_evaluable
2022-07-17 10:52:45.955,A0012,3,-1.1426237,0.032449491,50.067908,not_evaluable
2022-07-17 10:52:46.055,A0012,4,-0.70564438,-0.38987551,-69.141396,not_evaluable
2022-07-17 10:52:46.155,A0012,5,0.28981953,-0.67905645,-121.59349,not_evaluable
2022-07-17 10:52:46.255,A0012,6,1.1314041,-0.32013228,-102.52,not_evaluable
2022-07-17 10:52:46.355,A0012,7,1.125852,0.14355719,25.033954,not_evaluable
2022-07-17 10:52:46.455,A0012,8,0.46330218,0.41129203,-109.67256,not_evaluable
2022-07-17 10:52:46.555,A0012,9,-0.22116894,0.31135297,-35.762791,RMS_baseline
2022-07-17 10:52:46.655,A0012,10,-1.0267589,0.23571871,-82.25442,RMS_baseline
2022-07-17 10:52:46.755,A0012,11,-1.3702583,0.17536177,-38.146977,RMS_baseline
2022-07-17 10:52:46.855,A0012,12,-0.37811682,-0.11337937,-60.796745,RMS_baseline
2022-07-17 10:52:46.955,A0012,13,-0.028667994,0.11418309,-51.260001,RMS_baseline
2022-07-17 10:52:47.055,A0012,14,0.033188389,0.031674052,-33.378605,RMS_baseline
2022-07-17 10:52:47.155,A0012,15,-0.055313481,0.043907473,0.0,RMS_baseline
2022-07-17 10:52:47.255,A0012,16,-0.14841815,0.11519001,-33.378605,RMS_baseline
2022-07-17 10:52:47.355,A0012,17,-0.14532754,0.16518847,-23.841861,RMS_baseline
2022-07-17 10:52:47.455,A0012,18,-0.1112094,0.18936597,61.988838,RMS_baseline
2022-07-17 10:52:47.555,A0012,19,-0.18424717,0.23619324,2.3841861,RMS_baseline
2022-07-17 10:52:47.655,A0012,20,-0.18753647,0.23327666,4.7683722,RMS_baseline
2022-07-17 10:52:47.755,A0012,21,-0.18690731,0.2617943,72.717675,RMS_baseline
2022-07-17 10:52:47.855,A0012,22,-0.21126795,0.24416753,157.35628000000003,RMS_baseline
2022-07-17 10:52:47.955,A0012,23,-0.23867505,0.27229167,-13.113023,RMS_baseline
2022-07-17 10:52:48.055,A0012,24,0.063829596,-0.068716385,10.728837,RMS_baseline
2022-07-17 10:52:48.155,A0012,25,0.04920438,-0.14322799,71.525582,RMS_baseline
2022-07-17 10:52:48.255,A0012,26,0.032172903,-0.096528031,8.344651299999999,RMS_baseline
2022-07-17 10:52:48.355,A0012,27,0.055473906,-0.13626061,112.05675,RMS_baseline
2022-07-17 10:52:48.455,A0012,28,0.098002929,-0.12149254,88.21488500000001,RMS_baseline
2022-07-17 10:52:48.555,A0012,29,0.075132404,-0.10890034,19.073489,RMS_baseline
2022-07-17 10:52:48.655,A0012,30,0.080066344,-0.095567413,-1.192093,H1_전류-진동_관계이탈
2022-07-17 10:52:48.755,A0012,31,0.046864346,-0.12818215,45.299535000000006,H1_전류-진동_관계이탈
2022-07-17 10:52:48.855,A0012,32,0.059580005,-0.14729036,78.67814000000001,H1_전류-진동_관계이탈
2022-07-17 10:52:48.955,A0012,33,0.058023661,-0.10798601,4.7683722,H1_전류-진동_관계이탈
2022-07-17 10:52:49.055,A0012,34,0.086920879,-0.11391176,64.373024,H1_전류-진동_관계이탈
2022-07-17 10:52:49.155,A0012,35,-0.011537175,-0.099433035,29.802326,H1_전류-진동_관계이탈
2022-07-17 10:52:49.255,A0012,36,-0.01755283,-0.095856756,87.022792,H1_전류-진동_관계이탈
2022-07-17 10:52:49.355,A0012,37,0.021168118,-0.12003425,123.97768,H1_전류-진동_관계이탈
2022-07-17 10:52:49.455,A0012,38,0.024755435,-0.12576324,-3.5762791000000003,H1_전류-진동_관계이탈
2022-07-17 10:52:49.555,A0012,39,0.028166146,-0.096354425,17.881396,H1_전류-진동_관계이탈
2022-07-17 10:52:49.655,A0012,40,0.0120177,-0.062339266,2.3841861,H1_전류-진동_관계이탈
2022-07-17 10:52:49.755,A0012,41,-0.10889144,-0.1277655,90.599071,H1_전류-진동_관계이탈
2022-07-17 10:52:53.769,A0013,0,-0.18935772,-0.17257894,46.491628000000006,not_evaluable
2022-07-17 10:52:53.869,A0013,1,-0.096606259,0.0969614,137.0907,not_evaluable
2022-07-17 10:52:53.969,A0013,2,1.1976205,-0.57166391,137.0907,not_evaluable
2022-07-17 10:52:54.069,A0013,3,1.7322521,-0.38215584,184.77442,not_evaluable
2022-07-17 10:52:54.169,A0013,4,1.7014895,-0.050383614,67.949303,not_evaluable
2022-07-17 10:52:54.269,A0013,5,0.63208269,0.37061041,91.791164,not_evaluable
2022-07-17 10:52:54.369,A0013,6,-0.29920689,0.32041519,102.52,not_evaluable
2022-07-17 10:52:54.469,A0013,7,-1.140957,0.12966873,79.870234,not_evaluable
2022-07-17 10:52:54.569,A0013,8,-1.2157167,0.26427108,128.74605,not_evaluable
2022-07-17 10:52:54.669,A0013,9,-1.0898847,0.12224998,79.870234,RMS_baseline
2022-07-17 10:52:54.769,A0013,10,-0.028789411,-0.19154826,-116.82512,RMS_baseline
2022-07-17 10:52:54.869,A0013,11,-0.042388102,0.079299905,52.452094,RMS_baseline
2022-07-17 10:52:54.969,A0013,12,-0.37124021,-0.13426993,141.85907,RMS_baseline
2022-07-17 10:52:55.069,A0013,13,0.12527758,-0.33771276,92.983257,RMS_baseline
2022-07-17 10:52:55.169,A0013,14,1.0739298,-0.56628213,8.344651299999999,RMS_baseline
2022-07-17 10:52:55.269,A0013,15,1.1273863,-0.19621247,70.333489,RMS_baseline
2022-07-17 10:52:55.369,A0013,16,0.72017615,0.19315058,115.63302,RMS_baseline
2022-07-17 10:52:55.469,A0013,17,0.093808528,0.42053943,157.35628000000003,RMS_baseline
2022-07-17 10:52:55.569,A0013,18,-0.4873589,0.25747731,119.2093,RMS_baseline
2022-07-17 10:52:55.669,A0013,19,-0.94513367,0.16392694,78.67814000000001,RMS_baseline
2022-07-17 10:52:55.769,A0013,20,-0.93209791,0.26225725,112.05675,RMS_baseline
2022-07-17 10:52:55.869,A0013,21,-0.71619662,-0.036460431,141.85907,RMS_baseline
2022-07-17 10:52:55.969,A0013,22,-0.036813963,-0.60066765,103.71209,RMS_baseline
2022-07-17 10:52:56.069,A0013,23,0.87371332,-0.59676731,122.78558,RMS_baseline
2022-07-17 10:52:56.169,A0013,24,0.87611958,-0.095521118,47.683722,RMS_baseline
2022-07-17 10:52:56.269,A0013,25,0.44824649,0.36779799,156.16419,RMS_baseline
2022-07-17 10:52:56.369,A0013,26,-0.12838437,0.29427016,137.0907,RMS_baseline
2022-07-17 10:52:56.469,A0013,27,-0.69726662,0.27921275,125.16977,RMS_baseline
2022-07-17 10:53:01.909,A0014,0,-0.82649834,0.21663365,118.01721,not_evaluable
2022-07-17 10:53:02.009,A0014,1,-0.1667521,-0.25984478,34.570698,not_evaluable
2022-07-17 10:53:02.109,A0014,2,0.081986939,-0.12645767,75.101861,not_evaluable
2022-07-17 10:53:02.209,A0014,3,0.18235455,-0.13033486,-32.186512,not_evaluable
2022-07-17 10:53:02.309,A0014,4,-0.050103593,-0.12848307,138.28279,not_evaluable
2022-07-17 10:53:02.409,A0014,5,0.0014213174,-0.029620363,56.028373,not_evaluable
2022-07-17 10:53:02.509,A0014,6,0.13161333,-0.059191214,-14.305116,not_evaluable
2022-07-17 10:53:02.609,A0014,7,-0.085998839,-0.054469137,87.022792,not_evaluable
2022-07-17 10:53:02.709,A0014,8,-0.089045299,-0.011507493,38.146977,not_evaluable
2022-07-17 10:53:02.809,A0014,9,-0.038944277,-0.02724775,-15.497209,RMS_baseline
2022-07-17 10:53:02.909,A0014,10,-0.027453825,0.0023115274,30.994419,H1_전류-진동_관계이탈
2022-07-17 10:53:03.009,A0014,11,-0.13069129,0.038236351,67.949303,H3b_전류_시간구조
2022-07-17 10:53:03.109,A0014,12,-0.10844992,0.052321566,-17.881396,H3b_전류_시간구조
2022-07-17 10:53:03.209,A0014,13,-0.016736026,-0.021727087,60.796745,H3a_전류_크기
2022-07-17 10:53:03.309,A0014,14,-0.026868816,-0.00098698244,78.67814000000001,H3a_전류_크기
2022-07-17 10:53:11.764,A0015,0,-0.043072451,0.0020106107,109.67256,not_evaluable
2022-07-17 10:53:11.864,A0015,1,-0.002662705,0.019035551,23.841861,not_evaluable
2022-07-17 10:53:11.964,A0015,2,0.019026766,0.011570502,-10.728837,not_evaluable
2022-07-17 10:53:12.064,A0015,3,0.020770754,0.032183296,77.486047,not_evaluable
2022-07-17 10:53:12.164,A0015,4,0.028949836,0.019892006,108.48047,not_evaluable
2022-07-17 10:53:12.264,A0015,5,0.048619371,0.010123788,-3.5762791000000003,not_evaluable
2022-07-17 10:53:12.364,A0015,6,-0.036074424,-0.0062298771,-34.570698,not_evaluable
2022-07-17 10:53:12.464,A0015,7,-0.028127137,0.016963855,34.570698,not_evaluable
2022-07-17 10:53:12.564,A0015,8,-0.011537175,0.042229284,42.915349000000006,not_evaluable
2022-07-17 10:53:12.664,A0015,9,-0.016128941,0.01209132,70.333489,H3b_전류_시간구조
2022-07-17 10:53:12.764,A0015,10,-0.027553166,0.029278292,139.47489000000002,H3b_전류_시간구조
2022-07-17 10:53:12.864,A0015,11,0.031632046,0.0671475,47.683722,H3b_전류_시간구조
2022-07-17 10:53:12.964,A0015,12,-0.047940165,0.031535167,42.915349000000006,H3b_전류_시간구조
2022-07-17 10:53:13.064,A0015,13,-0.10146293,0.039034937,96.559536,H3b_전류_시간구조
2022-07-17 10:53:13.164,A0015,14,-0.10050264,0.060411596,63.180931,H3a_전류_크기
2022-07-17 10:53:13.264,A0015,15,-0.089332284,0.036824357,47.683722,H3a_전류_크기
2022-07-17 10:53:13.364,A0015,16,-0.064761922,0.032842998,66.75721,H3a_전류_크기
2022-07-17 10:53:13.464,A0015,17,-0.089376436,-0.086979713,109.67256,H3a_전류_크기
2022-07-17 10:53:13.564,A0015,18,-0.056450384,0.098130345,146.62744,H3a_전류_크기
2022-07-17 10:53:13.664,A0015,19,-0.18893828,0.078235123,21.457675,H3a_전류_크기
2022-07-17 10:53:13.764,A0015,20,-0.1520717,0.13398573,154.97209,H3a_전류_크기
2022-07-17 10:53:13.864,A0015,21,-0.17575903,0.13112702,103.71209,H3a_전류_크기
2022-07-17 10:53:13.964,A0015,22,-0.084917125,0.13077981,15.497209,H1_전류-진동_관계이탈
2022-07-17 10:53:14.064,A0015,23,-0.12433346,0.091741653,149.01163,H1_전류-진동_관계이탈
2022-07-17 10:53:14.164,A0015,24,-0.086407241,0.14264287,109.67256,H3a_전류_크기
2022-07-17 10:53:14.264,A0015,25,-0.093405269,0.13130062,52.452094,H3a_전류_크기
2022-07-17 10:53:14.364,A0015,26,-0.083713994,0.13947167,88.21488500000001,H1_전류-진동_관계이탈
2022-07-17 10:53:14.464,A0015,27,-0.12021632,0.10153302,71.525582,H1_전류-진동_관계이탈
2022-07-17 10:53:14.564,A0015,28,-0.093614989,0.10873187,94.17535,H1_전류-진동_관계이탈
2022-07-17 10:53:14.664,A0015,29,-0.055622542,0.089496351,97.751629,H3a_전류_크기
2022-07-17 10:53:14.764,A0015,30,-0.069541332,0.17106792,143.05116,H3a_전류_크기
2022-07-17 10:53:14.864,A0015,31,0.022095301,0.19453942,-41.723256000000006,H1_전류-진동_관계이탈
2022-07-17 10:53:14.964,A0015,32,-0.01208907,-0.031877238,284.91024,H3b_전류_시간구조
2022-07-17 10:53:15.064,A0015,33,0.24429924,-0.35367292,226.49768,H2_진동채널_관계
2022-07-17 10:53:15.164,A0015,34,0.73759396,-0.5940822,263.45256,RMS_baseline
2022-07-17 10:53:15.264,A0015,35,1.1404441,-0.45469991,189.54279,RMS_baseline
2022-07-17 10:53:15.364,A0015,36,0.76366547,-0.027872731,382.66187,RMS_baseline
2022-07-17 10:53:15.464,A0015,37,0.26580106,0.29221004,330.20977,RMS_baseline
2022-07-17 10:53:15.564,A0015,38,-0.20956811,0.37389734,259.87628,RMS_baseline
2022-07-17 10:53:15.664,A0015,39,-0.49886039,0.32943112,277.75768,RMS_baseline
2022-07-17 10:53:15.764,A0015,40,-0.7178523,0.21701559,287.29442,RMS_baseline
2022-07-17 10:53:15.864,A0015,41,-0.60400742,0.21536054,251.53163,RMS_baseline
2022-07-17 10:53:15.964,A0015,42,-0.37771946,0.045145861,385.04605,RMS_baseline
2022-07-17 10:53:16.064,A0015,43,0.15031153,-0.46829903,362.3962800000001,RMS_baseline
2022-07-17 10:53:16.164,A0015,44,0.66510808,-0.65263365,319.48092999999994,RMS_baseline
2022-07-17 10:53:16.264,A0015,45,0.85930886,-0.349761,385.04605,RMS_baseline
2022-07-17 10:53:16.364,A0015,46,0.55706913,0.22486257,321.86512,RMS_baseline
2022-07-17 10:53:16.464,A0015,47,0.070198463,0.42498374,331.40186,RMS_baseline
2022-07-17 10:53:16.564,A0015,48,-0.25465793,0.37279784,334.97814,RMS_baseline
2022-07-17 10:53:16.664,A0015,49,-0.59642438,0.37741575,334.97814,RMS_baseline
2022-07-17 10:53:18.444,A0016,0,-0.67080878,0.1929654,429.15349,not_evaluable
2022-07-17 10:53:18.544,A0016,1,-0.31407494,-0.36077918,338.55442,not_evaluable
2022-07-17 10:53:18.644,A0016,2,0.30293255,-0.66757532,317.09675,not_evaluable
2022-07-17 10:53:18.744,A0016,3,0.61133144,-0.3145306,325.4414,not_evaluable
2022-07-17 10:53:18.844,A0016,4,0.11217559,0.01439449,175.23767999999998,not_evaluable
2022-07-17 10:53:18.944,A0016,5,-0.18146562,0.026049225,160.93256,not_evaluable
2022-07-17 10:53:19.044,A0016,6,-0.20489908,-0.13146909,97.751629,not_evaluable
2022-07-17 10:53:19.144,A0016,7,-0.047973278,-0.11031233,227.68977,not_evaluable
2022-07-17 10:53:19.244,A0016,8,0.01590304,-0.12458273,193.11907,not_evaluable
2022-07-17 10:53:19.344,A0016,9,0.067405875,-0.13688559,213.38465,RMS_baseline
2022-07-17 10:53:19.444,A0016,10,-0.01492581,-0.16565785,165.70093,RMS_baseline
2022-07-17 10:53:19.544,A0016,11,-0.085546285,-0.24234531,228.88186,RMS_baseline
2022-07-17 10:53:19.644,A0016,12,0.071622352,-0.19208065,234.84233,RMS_baseline
2022-07-17 10:53:19.744,A0016,13,0.09358777,-0.20371224,30.994419,H1_전류-진동_관계이탈
2022-07-17 10:53:19.844,A0016,14,-0.039838347,-0.25909249,182.39023,H3a_전류_크기
2022-07-17 10:53:19.944,A0016,15,-0.013380504,0.081394748,257.4921,H3a_전류_크기
2022-07-17 10:53:20.044,A0016,16,-0.035544605,0.049023057,262.26047,H1_전류-진동_관계이탈
2022-07-17 10:53:20.144,A0016,17,-0.043204906,0.052159534,123.97768,H1_전류-진동_관계이탈
2022-07-17 10:53:20.244,A0016,18,0.026907825,0.067529433,147.81954,H1_전류-진동_관계이탈
2022-07-17 10:53:20.344,A0016,19,0.0090264295,0.083165527,150.20372,H1_전류-진동_관계이탈
2022-07-17 10:53:20.444,A0016,20,0.0047658007,0.051245211,162.12464999999997,H1_전류-진동_관계이탈
2022-07-17 10:53:20.544,A0016,21,-0.046924678,0.075434283,165.70093,H1_전류-진동_관계이탈
2022-07-17 10:53:20.644,A0016,22,-0.050556147,0.023445138,234.84233,H1_전류-진동_관계이탈
2022-07-17 10:53:20.744,A0016,23,0.02567158,0.040759421,184.77442,H1_전류-진동_관계이탈
2022-07-17 10:53:20.844,A0016,24,-0.010488575,0.055689519,195.50326,H1_전류-진동_관계이탈
2022-07-17 10:53:20.944,A0016,25,0.048387576,0.025539981,232.45814,H1_전류-진동_관계이탈
2022-07-17 10:53:21.044,A0016,26,0.024402222,0.054485852,276.56558,H1_전류-진동_관계이탈
2022-07-17 10:53:21.144,A0016,27,-0.046306556,0.079195741,219.34512,H1_전류-진동_관계이탈
2022-07-17 10:53:21.244,A0016,28,-0.036714622,0.079531379,239.6107,H1_전류-진동_관계이탈
2022-07-17 10:53:21.344,A0016,29,0.059083299,0.04533104,205.04,H1_전류-진동_관계이탈
2022-07-17 10:53:21.444,A0016,30,0.050539966,0.033548994,188.3507,H1_전류-진동_관계이탈
2022-07-17 10:53:21.544,A0016,31,-0.032917585,0.04081729,131.13022999999998,H1_전류-진동_관계이탈
2022-07-17 10:53:21.644,A0016,32,-0.0076959867,0.086313579,70.333489,H1_전류-진동_관계이탈
2022-07-17 10:53:21.744,A0016,33,-0.0036340401,0.054809916,226.49768,H1_전류-진동_관계이탈
2022-07-17 10:53:21.844,A0016,34,-0.0033912063,0.0094525119,267.02884,H1_전류-진동_관계이탈
2022-07-17 10:53:21.944,A0016,35,0.026698105,0.074809302,152.58791,H1_전류-진동_관계이탈
2022-07-17 10:53:22.044,A0016,36,0.014909629,0.046905066,104.90419,H1_전류-진동_관계이탈
2022-07-17 10:53:22.144,A0016,37,0.019026766,0.082945626,258.68419,H1_전류-진동_관계이탈
2022-07-17 10:53:22.244,A0016,38,-0.0027178945,0.11931025,283.71814,H1_전류-진동_관계이탈
2022-07-17 10:53:22.344,A0016,39,0.0020946293,0.065145247,94.17535,H1_전류-진동_관계이탈
2022-07-17 10:53:22.444,A0016,40,0.011918359,0.055909419,267.02884,H1_전류-진동_관계이탈
2022-07-17 10:53:22.544,A0016,41,-0.092897525,0.079461937,115.63302,H1_전류-진동_관계이탈
2022-07-17 10:53:22.644,A0016,42,-0.15679592,-0.20951067,52.452094,H1_전류-진동_관계이탈
2022-07-17 10:53:22.744,A0016,43,0.47744173,0.215511,383.85396,RMS_baseline
2022-07-17 10:53:22.844,A0016,44,0.1864165,0.43976338,355.24373,RMS_baseline
2022-07-17 10:53:22.944,A0016,45,-0.02343603,0.4960348,432.72977,RMS_baseline
2022-07-17 10:53:23.044,A0016,46,-0.24456929,0.31695465,411.2721,RMS_baseline
2022-07-17 10:53:23.144,A0016,47,-0.41086627,0.24864656,538.82605,RMS_baseline
2022-07-17 10:53:23.244,A0016,48,-0.6133234,0.2879972,432.72977,RMS_baseline
2022-07-17 10:53:23.344,A0016,49,-0.63048733,0.027831577,448.22698,RMS_baseline
2022-07-17 10:53:26.553,A0017,0,-0.31886538,-0.41567333,457.76373,not_evaluable
2022-07-17 10:53:26.653,A0017,1,0.25406778,-0.65090916,382.66187,not_evaluable
2022-07-17 10:53:26.753,A0017,2,0.68218371,-0.52260292,402.92745,not_evaluable
2022-07-17 10:53:26.853,A0017,3,0.75948211,0.084322899,368.35675,not_evaluable
2022-07-17 10:53:26.953,A0017,4,0.4565801,0.45182319,454.18745,not_evaluable
2022-07-17 10:53:27.053,A0017,5,0.06007671,0.39253103,410.08,not_evaluable
2022-07-17 10:53:27.153,A0017,6,-0.29582929,0.30458234,468.49256,not_evaluable
2022-07-17 10:53:27.253,A0017,7,-0.61527711,0.33549574,318.28884,not_evaluable
2022-07-17 10:53:27.353,A0017,8,-0.75875875,0.11450716,474.45303,not_evaluable
2022-07-17 10:53:27.453,A0017,9,-0.55825533,-0.40349778,382.66187,RMS_baseline
2022-07-17 10:53:27.553,A0017,10,0.26328442,-0.67675328,350.47535,RMS_baseline
2022-07-17 10:53:27.653,A0017,11,0.90092174,-0.28637174,443.45861,RMS_baseline
2022-07-17 10:53:27.753,A0017,12,0.89157264,0.22558014,431.53768,RMS_baseline
2022-07-17 10:53:27.853,A0017,13,0.36699652,0.36381663,365.97256,RMS_baseline
2022-07-17 10:53:27.953,A0017,14,-0.16605672,0.10501671,268.22093,RMS_baseline
2022-07-17 10:53:28.053,A0017,15,-0.42697056,0.14444837,247.95535,RMS_baseline
2022-07-17 10:53:28.153,A0017,16,-0.070976259,0.11019016,132.32233,RMS_baseline
2022-07-17 10:53:28.253,A0017,17,0.088940815,0.10410238,154.97209,RMS_baseline
2022-07-17 10:53:28.353,A0017,18,0.089117421,0.13039787,203.84791,RMS_baseline
2022-07-17 10:53:28.453,A0017,19,0.064160732,0.10674119,227.68977,RMS_baseline
2022-07-17 10:53:28.553,A0017,20,0.13810361,0.050157281,209.80837,RMS_baseline
2022-07-17 10:53:28.653,A0017,21,0.10369848,0.039312706,207.42419,RMS_baseline
2022-07-17 10:53:28.753,A0017,22,0.11662386,0.018873519,224.11349,RMS_baseline
2022-07-17 10:53:28.853,A0017,23,0.11132567,-0.018359134,196.69535,RMS_baseline
2022-07-17 10:53:28.953,A0017,24,0.13738615,-0.033613296,239.6107,RMS_baseline
2022-07-17 10:53:29.053,A0017,25,0.12090657,-0.017213336,146.62744,H1_전류-진동_관계이탈
2022-07-17 10:53:29.153,A0017,26,-0.13596741,0.044312553,203.84791,H1_전류-진동_관계이탈
2022-07-17 10:53:29.253,A0017,27,-0.13058091,0.11691449,156.16419,H1_전류-진동_관계이탈
2022-07-17 10:53:29.353,A0017,28,-0.10275437,0.10159089,79.870234,H1_전류-진동_관계이탈
2022-07-17 10:53:29.453,A0017,29,-0.098272982,0.10772496,115.63302,H1_전류-진동_관계이탈
2022-07-17 10:53:29.553,A0017,30,-0.057642477,0.089820415,222.9214,H1_전류-진동_관계이탈
2022-07-17 10:53:29.653,A0017,31,-0.10319588,0.09475082,219.34512,H1_전류-진동_관계이탈
2022-07-17 10:53:29.753,A0017,32,-0.063923042,0.16942445,114.44093,H1_전류-진동_관계이탈
2022-07-17 10:53:29.853,A0017,33,-0.15829707,0.11801399,201.46372,H1_전류-진동_관계이탈
2022-07-17 10:53:29.953,A0017,34,-0.065159286,0.04321305,174.04558,H1_전류-진동_관계이탈
2022-07-17 10:53:30.053,A0017,35,-0.056858787,0.040111293,149.01163,H1_전류-진동_관계이탈
2022-07-17 10:53:34.639,A0018,0,-0.073084497,0.018885093,146.62744,not_evaluable
2022-07-17 10:53:34.739,A0018,1,-0.032332576,0.067807202,160.93256,not_evaluable
2022-07-17 10:53:34.839,A0018,2,-0.045699471,0.052599336,176.42977000000002,not_evaluable
2022-07-17 10:53:34.939,A0018,3,-0.027012309,0.076163427,84.638606,not_evaluable
2022-07-17 10:53:35.039,A0018,4,-0.094575286,0.022820157,110.86465,not_evaluable
2022-07-17 10:53:35.139,A0018,5,-0.10566837,0.054902506,77.486047,not_evaluable
2022-07-17 10:53:35.239,A0018,6,0.041941443,0.10583844,209.80837,not_evaluable
2022-07-17 10:53:35.339,A0018,7,0.021587558,0.113697,134.70651,not_evaluable
2022-07-17 10:53:35.439,A0018,8,0.11250673,-0.13987161,228.88186,not_evaluable
2022-07-17 10:53:35.539,A0018,9,-1.5027352,0.0074849797,280.14186,RMS_baseline
2022-07-17 10:53:35.639,A0018,10,-1.4833858,-0.2185729,345.70698,RMS_baseline
2022-07-17 10:53:35.739,A0018,11,-0.62321336,-0.30910252,348.09117000000003,RMS_baseline
2022-07-17 10:53:35.839,A0018,12,1.064967,-0.50931629,312.32838,RMS_baseline
2022-07-17 10:53:35.939,A0018,13,1.8032037,-0.18107405,385.04605,RMS_baseline
2022-07-17 10:53:36.039,A0018,14,1.1108515,0.36313379,336.17024000000004,RMS_baseline
2022-07-17 10:53:36.139,A0018,15,0.18429722,0.37380475,365.97256,RMS_baseline
2022-07-17 10:53:36.239,A0018,16,-0.048834234,0.078871677,238.41861,RMS_baseline
2022-07-17 10:53:36.339,A0018,17,-0.24813453,0.2462045,175.23767999999998,RMS_baseline
2022-07-17 10:53:36.439,A0018,18,-0.1031407,0.22549912,216.96093,RMS_baseline
2022-07-17 10:53:36.539,A0018,19,-0.029396495,0.24326478,203.84791,RMS_baseline
2022-07-17 10:53:36.639,A0018,20,-0.035257619,0.21590451,216.96093,RMS_baseline
2022-07-17 10:53:36.739,A0018,21,-0.11350528,0.21503648,284.91024,RMS_baseline
2022-07-17 10:53:36.839,A0018,22,-0.028491387,0.18850952,218.15303,RMS_baseline
2022-07-17 10:53:36.939,A0018,23,-0.064331444,0.20661081,154.97209,RMS_baseline
2022-07-17 10:53:42.668,A0019,0,-0.0037775327,0.15133473,168.08512000000002,not_evaluable
2022-07-17 10:53:42.768,A0019,1,0.0018738713,0.10913695,59.604652,not_evaluable
2022-07-17 10:53:42.868,A0019,2,0.017834673,0.073258424,197.88744,not_evaluable
2022-07-17 10:53:42.968,A0019,3,0.027735667,0.019290173,174.04558,not_evaluable
2022-07-17 10:53:43.068,A0019,4,-0.035798476,-0.0613555,252.72372,not_evaluable
2022-07-17 10:53:43.168,A0019,5,-0.037630767,0.0080173708,209.80837,not_evaluable
2022-07-17 10:53:43.268,A0019,6,-0.032431917,-0.037907145,188.3507,not_evaluable
2022-07-17 10:53:43.368,A0019,7,-0.0243301,-0.023833503,301.59954,not_evaluable
2022-07-17 10:53:43.468,A0019,8,-0.053348735,-0.0077576079,205.04,not_evaluable
2022-07-17 10:53:43.568,A0019,9,-0.045048235,0.00086481257,227.68977,H1_전류-진동_관계이탈
2022-07-17 10:53:52.140,A0020,0,-0.013424656,0.0044989603,149.01163,not_evaluable
2022-07-17 10:53:52.240,A0020,1,-0.0033691305,0.0026124441,163.31675,not_evaluable
2022-07-17 10:53:52.340,A0020,2,-0.03992665,0.0042906333,140.66698,not_evaluable
2022-07-17 10:53:52.440,A0020,3,-0.055754997,-0.011970442,244.37907,not_evaluable
2022-07-17 10:53:52.540,A0020,4,-0.050478881,-0.024898286,232.45814,not_evaluable
2022-07-17 10:53:52.640,A0020,5,-0.02101873,-0.0084983259,101.32791,not_evaluable
2022-07-17 10:53:52.740,A0020,6,0.0049975966,0.018850372,196.69535,not_evaluable
2022-07-17 10:53:52.840,A0020,7,-0.029749708,0.049115646,156.16419,not_evaluable
2022-07-17 10:53:52.940,A0020,8,-0.056969166,-0.0041929025,201.46372,not_evaluable
2022-07-17 10:53:53.040,A0020,9,-0.069143968,-0.010697333,191.92698,H1_전류-진동_관계이탈
2022-07-17 10:53:53.140,A0020,10,-0.036184803,-0.017074452,172.85349,H1_전류-진동_관계이탈
2022-07-17 10:53:53.240,A0020,11,-0.04323802,0.042993149,194.31117,H1_전류-진동_관계이탈
2022-07-17 10:53:53.340,A0020,12,-0.032542296,0.016003237,189.54279,H1_전류-진동_관계이탈
2022-07-17 10:53:53.440,A0020,13,-0.068095367,0.029590783,171.6614,H1_전류-진동_관계이탈
2022-07-17 10:53:53.540,A0020,14,-0.048900462,-0.0070631848,195.50326,H1_전류-진동_관계이탈
