model,features,threshold,CV_PR_AUC,CV_F1,CV_Recall,CV_Precision,CV_FalseAlarmRate,CV_AbnSegDetect,CV_NormSegFalseAlarm,TEST_PR_AUC,TEST_F1,TEST_Recall,TEST_Precision,TEST_FalseAlarmRate,TEST_AbnSegDetect,TEST_NormSegFalseAlarm
RMS-IQR,F0_RMS,0.0,0.5463942871918538,0.5737051792828686,0.4816053511705686,0.7093596059113301,0.004986477349560514,0.7692307692307693,0.02830188679245283,0.7773251350088836,0.7615062761506276,0.7054263565891473,0.8272727272727273,0.006252056597564989,1.0,0.03773584905660377
LogReg,F1_진동,0.946547877620478,0.95023882404527,0.9139784946236559,0.8528428093645485,0.9845559845559846,0.0003380662609871535,0.8461538461538461,0.007075471698113208,0.9999403697078117,0.9699248120300752,1.0,0.9416058394160584,0.0026324448831852583,1.0,0.03773584905660377
RandomForest,F1_진동,0.30099081347676865,0.9734926353995305,0.9117647058823529,0.9331103678929766,0.8913738019169329,0.0028735632183908046,0.9230769230769231,0.018867924528301886,0.9910348299840209,0.86,1.0,0.7543859649122807,0.013820335636722606,1.0,0.0660377358490566
HistGB,F1_진동,0.056354277576964484,0.9703012012129845,0.9204737732656514,0.9096989966555183,0.9315068493150684,0.0016903313049357674,0.9230769230769231,0.01650943396226415,0.9960422127279132,0.927536231884058,0.9922480620155039,0.8707482993197279,0.006252056597564989,1.0,0.03773584905660377
IsolationForest,F1_진동,0.5689917333901785,0.8408101743757185,0.7799642218246869,0.7290969899665551,0.8384615384615385,0.0035496957403651115,0.9230769230769231,0.02358490566037736,0.9586215905696355,0.8571428571428571,0.9069767441860465,0.8125,0.008884501480750246,1.0,0.05660377358490566
LogReg,F2_+전류크기,0.3747572491290321,0.9811272388124297,0.9541595925297114,0.939799331103679,0.9689655172413794,0.0007606490872210953,1.0,0.014150943396226415,1.0,0.9961389961389961,1.0,0.9923076923076923,0.0003290556103981573,1.0,0.009433962264150943
RandomForest,F2_+전류크기,0.41835582375441976,0.9972346009570632,0.9834437086092715,0.9933110367892977,0.9737704918032787,0.000676132521974307,1.0,0.0047169811320754715,1.0,1.0,1.0,1.0,0.0,1.0,0.0
HistGB,F2_+전류크기,0.31664420329601334,0.9884148220058759,0.9767441860465116,0.9832775919732442,0.9702970297029703,0.0007606490872210953,1.0,0.007075471698113208,0.9972563387748421,0.9554655870445344,0.9147286821705426,1.0,0.0,1.0,0.0
IsolationForest,F2_+전류크기,0.5651194372532068,0.9352011652127029,0.8441330998248686,0.8060200668896321,0.8860294117647058,0.0026200135226504394,1.0,0.02122641509433962,0.9833957510441895,0.9311740890688259,0.8914728682170543,0.9745762711864406,0.0009871668311944718,1.0,0.018867924528301886
LogReg,F3_+채널관계,0.38766479054042385,0.9783000988318952,0.9433962264150944,0.919732441471572,0.9683098591549296,0.0007606490872210953,1.0,0.01179245283018868,0.9998816498017635,0.9922480620155039,0.9922480620155039,0.9922480620155039,0.0003290556103981573,1.0,0.009433962264150943
RandomForest,F3_+채널관계,0.40781081244160017,0.9957253344485104,0.9834437086092715,0.9933110367892977,0.9737704918032787,0.000676132521974307,1.0,0.0047169811320754715,1.0,0.9921875,0.9844961240310077,1.0,0.0,1.0,0.0
HistGB,F3_+채널관계,0.2745347814572665,0.9896944676634496,0.9767441860465116,0.9832775919732442,0.9702970297029703,0.0007606490872210953,1.0,0.007075471698113208,0.9967256405186784,0.9554655870445344,0.9147286821705426,1.0,0.0,1.0,0.0
IsolationForest,F3_+채널관계,0.5565828886722053,0.9359454540877374,0.8631921824104235,0.8862876254180602,0.8412698412698413,0.0042258282623394185,1.0,0.0330188679245283,0.9573934057351668,0.8444444444444444,0.8837209302325582,0.8085106382978723,0.008884501480750246,1.0,0.04716981132075472
LogReg,F4_+H1잔차,0.3433061697313741,0.9764972673869723,0.9363166953528399,0.9096989966555183,0.9645390070921985,0.0008451656524678837,1.0,0.01650943396226415,0.9999403697078116,0.9923076923076923,1.0,0.9847328244274809,0.0006581112207963146,1.0,0.018867924528301886
RandomForest,F4_+H1잔차,0.4150058984620581,0.996182487531833,0.9834437086092715,0.9933110367892977,0.9737704918032787,0.000676132521974307,1.0,0.0047169811320754715,1.0,0.9961389961389961,1.0,0.9923076923076923,0.0003290556103981573,1.0,0.009433962264150943
HistGB,F4_+H1잔차,0.0015098664953594812,0.9888771881138481,0.9802631578947368,0.9966555183946488,0.9644012944983819,0.0009296822177146721,1.0,0.01179245283018868,0.9997045590068846,0.9885057471264368,1.0,0.9772727272727273,0.0009871668311944718,1.0,0.018867924528301886
IsolationForest,F4_+H1잔차,0.556116420312196,0.9322788677738829,0.8576158940397351,0.8662207357859532,0.8491803278688524,0.003887762001352265,1.0,0.030660377358490566,0.962188957565369,0.8673835125448028,0.937984496124031,0.8066666666666666,0.009542612701546561,1.0,0.04716981132075472
LogReg,F5_+전류시간구조,0.0716585182482982,0.9973614253914375,0.9916247906197655,0.9899665551839465,0.9932885906040269,0.00016903313049357674,1.0,0.0023584905660377358,1.0,0.9961389961389961,1.0,0.9923076923076923,0.0003290556103981573,1.0,0.009433962264150943
RandomForest,F5_+전류시간구조,0.44988982215094475,0.9999888517279821,0.998330550918197,1.0,0.9966666666666667,8.451656524678837e-05,1.0,0.0023584905660377358,1.0,1.0,1.0,1.0,0.0,1.0,0.0
HistGB,F5_+전류시간구조,0.012369237918205881,0.9998993647627955,0.9966666666666667,1.0,0.9933554817275747,0.00016903313049357674,1.0,0.0023584905660377358,1.0,0.9662921348314607,1.0,0.9347826086956522,0.0029615004935834156,1.0,0.0660377358490566
IsolationForest,F5_+전류시간구조,0.5599141118172217,0.974995783731267,0.9346733668341709,0.9331103678929766,0.9362416107382551,0.001605814739688979,1.0,0.018867924528301886,0.9857185739499637,0.917910447761194,0.9534883720930233,0.8848920863309353,0.0052648897663705166,1.0,0.03773584905660377
