source,segment_id,source_row,RMS_Detected,Outlier_Category,H1_Residual_AI0,H1_Residual_AI1,H2_ND,H3_Current_Amplitude
abnormal,A0000,0,False,not_evaluable,,,,
abnormal,A0000,1,False,not_evaluable,,,,
abnormal,A0000,2,False,not_evaluable,,,,
abnormal,A0000,3,False,not_evaluable,,,,
abnormal,A0001,4,False,not_evaluable,,,,
abnormal,A0001,5,False,not_evaluable,,,,
abnormal,A0001,6,False,not_evaluable,,,,
abnormal,A0001,7,False,not_evaluable,,,,
abnormal,A0001,8,False,not_evaluable,,,,
abnormal,A0001,9,False,not_evaluable,,,,
abnormal,A0001,10,False,not_evaluable,,,,
abnormal,A0001,11,False,not_evaluable,,,,
abnormal,A0001,12,False,not_evaluable,,,,
abnormal,A0001,13,True,RMS 검출,0.3671532190391965,0.1208668758190141,0.3322443452361214,111.64382430739246
abnormal,A0001,14,True,RMS 검출,0.3888461080852171,0.1054555945890193,0.3753382330236485,115.42883609514791
abnormal,A0001,15,True,RMS 검출,0.3792301143567923,0.1235177716932652,0.3309334143418718,114.76209713874202
abnormal,A0001,16,True,RMS 검출,0.4419697678831521,0.2044596387289045,0.2690614362346492,105.13016939708112
abnormal,A0001,17,True,RMS 검출,0.5387365465307831,0.2230458298335424,0.3420841532641372,94.17836595642116
abnormal,A0001,18,True,RMS 검출,0.5773179794604791,0.229817481496797,0.3722612013215342,87.61762009163826
abnormal,A0001,19,True,RMS 검출,0.5790361856721803,0.2470708449647129,0.3492114366958564,87.09053329373575
abnormal,A0001,20,True,RMS 검출,0.5964961243174748,0.2868454692771895,0.3465847130730615,64.5559918722434
abnormal,A0001,21,True,RMS 검출,0.6415606534529498,0.3125461020369403,0.3580806928201531,55.05095376185552
abnormal,A0001,22,True,RMS 검출,0.6371107760824062,0.2903216649426989,0.3535204709377122,72.97420734544525
abnormal,A0001,23,True,RMS 검출,0.566301779480478,0.2817188582472607,0.2980742561323452,83.56053528920465
abnormal,A0001,24,True,RMS 검출,0.5586030620291891,0.3368593169863736,0.223653434434229,81.97405936062584
abnormal,A0001,25,True,RMS 검출,0.6319573096426994,0.3279195354448175,0.287889653483418,81.72665087711843
abnormal,A0001,26,True,RMS 검출,0.5954185371075802,0.2651940885519488,0.3136023553804019,99.37509568945904
abnormal,A0001,27,True,RMS 검출,0.5281744093280369,0.2593127064701457,0.2458827004528699,114.7014058322361
abnormal,A0001,28,True,RMS 검출,0.4963578140347098,0.2476270697995895,0.2302323665752858,117.80207695272414
abnormal,A0001,29,True,RMS 검출,0.4989494836872908,0.2295752430188218,0.2567722509445231,118.01901721894524
abnormal,A0001,30,True,RMS 검출,0.4891133637063372,0.2157158149680973,0.2641498197727061,120.28921724594116
abnormal,A0001,31,True,RMS 검출,0.4314884816141219,0.1943529060020543,0.2327693273546049,126.57816581314502
abnormal,A0001,32,True,RMS 검출,0.3777436645209332,0.2066504596161958,0.1786384055267364,116.45290803682391
abnormal,A0001,33,True,RMS 검출,0.3617553545082269,0.2067879126077553,0.1635397784872956,114.91925319617565
abnormal,A0001,34,True,RMS 검출,0.3377432116687731,0.1525567928310209,0.2311119449826734,114.10018150005268
abnormal,A0001,35,True,RMS 검출,0.1926829065208564,0.1446825777643101,0.0216986663761555,116.73750287014433
abnormal,A0001,36,True,RMS 검출,0.1557647909480264,0.1519315693996578,-0.03664416444487,101.6492637830694
abnormal,A0001,37,True,RMS 검출,0.0892729165391887,0.1368719221413253,-0.1562658546103923,88.71367087602883
abnormal,A0001,38,False,RMS 미검출,0.0571266315627666,0.1556327070825799,-0.3126315645370063,85.67492341362299
abnormal,A0001,39,False,RMS 미검출,0.034472697259334,0.1585689443548485,-0.4199007364418463,88.06574748859876
abnormal,A0001,40,False,RMS 미검출,0.0281555219123991,0.1654602359413806,-0.4617120166883429,87.76266384272294
abnormal,A0001,41,False,RMS 미검출,0.0096725680149317,0.1686110715804614,-0.5597104234163266,86.92884304553063
abnormal,A0001,42,False,RMS 미검출,0.0210679485755803,0.1693306680278113,-0.5002641905653268,83.76606266894831
abnormal,A0001,43,False,RMS 미검출,0.0348105559588593,0.1762970970984478,-0.4365751271456505,73.24148158576781
abnormal,A0001,44,False,RMS 미검출,0.0376116153263698,0.1502344608839613,-0.3808537483377442,81.74577554302738
abnormal,A0001,45,False,RMS 미검출,0.0408898282362843,0.1358624835526573,-0.3309729599009288,80.68189257682326
abnormal,A0001,46,False,RMS 미검출,0.0433179791036183,0.1198896334704992,-0.2857398945741543,84.0970735376301
abnormal,A0001,47,False,RMS 미검출,0.0448442902234161,0.111585203167332,-0.2567463671940336,84.48904228211792
abnormal,A0001,48,False,RMS 미검출,0.0442305469145343,0.0996046486290299,-0.228195673676893,85.86463363452243
abnormal,A0001,49,False,RMS 미검출,0.0435238402724291,0.0993902670096241,-0.226440832498513,84.19755750071505
abnormal,A0001,50,False,RMS 미검출,0.0370652808886577,0.0914748514426414,-0.2403194435002606,86.42880064990766
abnormal,A0001,51,False,RMS 미검출,0.0382960246142237,0.0917002703878812,-0.2398904592444794,88.31631651510024
abnormal,A0001,52,False,RMS 미검출,0.02522473022497,0.0653524421756854,-0.2665829681727371,103.50567103536804
abnormal,A0001,53,False,RMS 미검출,0.0219068023594404,0.0610919419769183,-0.2754064322031418,105.05106472819352
abnormal,A0002,54,False,not_evaluable,,,,
abnormal,A0002,55,False,not_evaluable,,,,
abnormal,A0002,56,False,not_evaluable,,,,
abnormal,A0002,57,False,not_evaluable,,,,
abnormal,A0002,58,False,not_evaluable,,,,
abnormal,A0002,59,False,not_evaluable,,,,
abnormal,A0002,60,False,not_evaluable,,,,
abnormal,A0002,61,False,not_evaluable,,,,
abnormal,A0002,62,False,not_evaluable,,,,
abnormal,A0002,63,False,RMS 미검출,0.0108712166575826,0.0360956005522351,-0.2851332318229798,115.28531973221472
abnormal,A0002,64,False,RMS 미검출,0.0190225428065933,0.0491530512594886,-0.2461333598597812,103.03573911141368
abnormal,A0002,65,False,RMS 미검출,0.0104949219238975,0.0400653458391578,-0.2727062055414235,105.29832718551286
abnormal,A0002,66,False,RMS 미검출,0.0035802813394384,0.0269443370913857,-0.2835665479055249,109.89197011414468
abnormal,A0002,67,True,RMS 검출,0.2283783002033167,0.057626592109671,0.3142101593259139,111.41255863410316
abnormal,A0002,68,True,RMS 검출,0.3304197425934005,0.0911588250380266,0.3928327776020269,100.75478418849444
abnormal,A0002,69,True,RMS 검출,0.3848774317316681,0.0963561569895649,0.4361900460767648,100.21383874328016
abnormal,A0002,70,True,RMS 검출,0.3857867738617374,0.1673648361973737,0.2940240953615456,98.23743579712034
abnormal,A0002,71,True,RMS 검출,0.4263267288275047,0.2453149956887937,0.2093821946026797,95.52675310734968
abnormal,A0002,72,True,RMS 검출,0.5067572124435683,0.2713509947078256,0.2621492852918838,85.70311698988944
abnormal,A0002,73,True,RMS 검출,0.5594468206732848,0.2796850876967882,0.3021259570261081,79.98313635375487
abnormal,A0002,74,True,RMS 검출,0.5692398576656673,0.2922913938616078,0.2890166681820302,81.80920389307171
abnormal,A0002,75,True,RMS 검출,0.5675793454605741,0.2994185923489348,0.2709321320714272,86.2395071954469
abnormal,A0002,76,True,RMS 검출,0.5889160234364533,0.3232909761025109,0.2657613463162063,80.34300212827279
abnormal,A0002,77,True,RMS 검출,0.5730729002873628,0.3211046589642198,0.2568465771646734,80.34300212827279
abnormal,A0002,78,True,RMS 검출,0.5664378271733321,0.2915038452898819,0.2659544900199434,94.96650419262194
abnormal,A0002,79,True,RMS 검출,0.5469789892156056,0.3050152203308653,0.2337374986661137,95.07792118320744
abnormal,A0002,80,True,RMS 검출,0.5474326436105527,0.3155561837821459,0.2118799631001066,101.0428078248543
abnormal,A0002,81,True,RMS 검출,0.5813259297054179,0.2909428025788381,0.2758913380289272,96.01197575077286
abnormal,A0002,82,True,RMS 검출,0.5933517070118374,0.2687552585818894,0.2995231740572003,104.12985653207916
abnormal,A0002,83,True,RMS 검출,0.5714228480056947,0.2852561278712238,0.2621806087536192,104.50040240683929
abnormal,A0002,84,True,RMS 검출,0.5578301888730852,0.2731990967657089,0.255323832276092,111.9742846564194
abnormal,A0002,85,True,RMS 검출,0.5767216187546405,0.2770550139014717,0.2598437072081697,114.88153249852908
abnormal,A0002,86,True,RMS 검출,0.603730829243727,0.2670023163416758,0.2825104650457015,120.47573368220378
abnormal,A0002,87,True,RMS 검출,0.609755236066272,0.2533523986654506,0.2920069329057641,127.6892482918449
abnormal,A0002,88,True,RMS 검출,0.5635636436977167,0.314805328122323,0.1987156811822778,119.24506190184808
abnormal,A0002,89,True,RMS 검출,0.6209092240343128,0.3243294923458363,0.2290897598873319,119.6115532514672
abnormal,A0002,90,True,RMS 검출,0.7128481840856769,0.2649032590509482,0.3487892212203397,123.05495523632104
abnormal,A0002,91,True,RMS 검출,0.6852361474119468,0.2567787940593392,0.3398378083162203,124.78373085186615
abnormal,A0002,92,True,RMS 검출,0.623139272166306,0.2698211523540317,0.2949284700490632,118.6991887064384
abnormal,A0002,93,True,RMS 검출,0.605011776999184,0.2529774455843393,0.3036950843349681,118.6991887064384
abnormal,A0002,94,True,RMS 검출,0.6136505381374854,0.2555924084359372,0.3196468946281071,110.51223217200928
abnormal,A0002,95,True,RMS 검출,0.6025915318687312,0.2410488399205805,0.341192729881848,104.8662493957428
abnormal,A0002,96,True,RMS 검출,0.5559179797903752,0.2319043176265794,0.3292875702662754,100.60587213834324
abnormal,A0002,97,True,RMS 검출,0.4954988320084449,0.2302342415583436,0.2978266623263562,93.94419301173532
abnormal,A0002,98,True,RMS 검출,0.4963856204858621,0.1562980017432845,0.4285411375619506,91.24302275879616
abnormal,A0002,99,True,RMS 검출,0.4002903599992984,0.1011073508498159,0.4677828345454506,90.9997325614061
abnormal,A0002,100,True,RMS 검출,0.2078388938875004,0.1115642931715667,0.231387456952821,82.03817727094822
abnormal,A0003,101,False,not_evaluable,,,,
abnormal,A0003,102,False,not_evaluable,,,,
abnormal,A0003,103,False,not_evaluable,,,,
abnormal,A0003,104,False,not_evaluable,,,,
abnormal,A0003,105,False,not_evaluable,,,,
abnormal,A0003,106,False,not_evaluable,,,,
abnormal,A0003,107,False,not_evaluable,,,,
abnormal,A0003,108,False,not_evaluable,,,,
abnormal,A0003,109,False,not_evaluable,,,,
abnormal,A0003,110,False,RMS 미검출,0.0062062494464425,0.0010224217117787,-0.2268663664515684,108.5282703925526
abnormal,A0003,111,False,RMS 미검출,0.0069202580876669,0.0023990266140408,-0.2425508290377207,106.7172976851634
abnormal,A0003,112,False,RMS 미검출,0.0057421723797274,0.0030922144936963,-0.1736596242352257,101.53665987074857
abnormal,A0003,113,False,RMS 미검출,0.0020980468187517,0.000311000157604,-0.1238912655168586,101.36576742258984
abnormal,A0003,114,False,RMS 미검출,0.0005023917400869,0.0010683008813947,-0.1642236127750938,105.4776689714744
abnormal,A0003,115,False,RMS 미검출,0.0052636192000706,0.0062583113209237,-0.2374864003887727,104.27918569892144
abnormal,A0003,116,False,RMS 미검출,0.0062035699601366,0.0109918533661845,-0.2737010733764615,105.37117991931942
abnormal,A0003,117,False,RMS 미검출,0.0057422386530836,0.0436218234618469,-0.3388726633667581,82.23454945351742
abnormal,A0003,118,False,RMS 미검출,0.0167638984217648,0.0037343270263729,-0.3569852555196359,112.10429289129102
abnormal,A0003,119,False,RMS 미검출,0.0162416406143423,0.0053849484091824,-0.3556078970428213,110.8550389700483
abnormal,A0003,120,False,RMS 미검출,0.0140202419595623,0.0063972418838287,-0.3398569729858628,110.8550389700483
abnormal,A0003,121,False,RMS 미검출,0.0145485953928628,0.0026003320745381,-0.3352162106001167,113.17352376086434
abnormal,A0003,122,False,RMS 미검출,0.0141576720767881,0.0032281238522052,-0.3299996063350414,111.79392352399236
abnormal,A0003,123,False,RMS 미검출,0.0291407512525712,0.008166386069435,-0.4983621820885198,111.94889829482808
abnormal,A0003,124,False,RMS 미검출,0.0310313552084821,0.0179234379882011,-0.5483108148632202,107.0689366718296
abnormal,A0003,125,False,RMS 미검출,0.0316486808827672,0.0123328113921268,-0.5377395262959346,108.81987880742838
abnormal,A0003,126,False,RMS 미검출,0.0276914340056618,0.0179266074220825,-0.5066791031448895,102.9060115646661
abnormal,A0003,127,False,RMS 미검출,0.0312229907840398,0.0176356807990539,-0.5482277462653681,104.99423284403932
abnormal,A0003,128,False,RMS 미검출,0.0172698652122444,0.0697238224537157,-0.5394968240388367,69.12083928607309
abnormal,A0003,129,False,RMS 미검출,0.0265804300329149,0.0505858131779987,-0.5931984059573595,84.36027149209838
abnormal,A0003,130,False,RMS 미검출,0.0310946940530051,0.0636761836426316,-0.6889513124790897,79.15892590050478
abnormal,A0003,131,False,RMS 미검출,0.0190706310103185,0.0872631943232161,-0.6136131556383042,66.9463984894943
abnormal,A0004,132,False,not_evaluable,,,,
abnormal,A0004,133,False,not_evaluable,,,,
abnormal,A0004,134,False,not_evaluable,,,,
abnormal,A0004,135,False,not_evaluable,,,,
abnormal,A0004,136,False,not_evaluable,,,,
abnormal,A0004,137,False,not_evaluable,,,,
abnormal,A0004,138,False,not_evaluable,,,,
abnormal,A0004,139,False,not_evaluable,,,,
abnormal,A0004,140,False,not_evaluable,,,,
abnormal,A0004,141,True,RMS 검출,0.5918483032072186,0.13758745784933,0.4320179603336398,132.0164323977022
abnormal,A0004,142,True,RMS 검출,0.6780704122571951,0.1254381928548759,0.4853026564013802,138.47842397508077
abnormal,A0004,143,True,RMS 검출,0.6889701100944263,0.1236460266505516,0.4613550534834537,155.04772864156385
abnormal,A0004,144,True,RMS 검출,0.6864278489410731,0.130672342380301,0.4359860490967073,162.92122351457286
abnormal,A0004,145,True,RMS 검출,0.6934936505135542,0.1404016067715391,0.42561243670541,163.6066809449964
abnormal,A0004,146,True,RMS 검출,0.7272462211709368,0.1542006611909648,0.4361761351757669,157.22844041018948
abnormal,A0004,147,True,RMS 검출,0.7337453785843324,0.1462962344041899,0.4414394334399085,161.92204621941133
abnormal,A0004,148,True,RMS 검출,0.6891083566374017,0.1417468300437288,0.4049008982287367,173.27227076391054
abnormal,A0004,149,True,RMS 검출,0.7010790306978023,0.1635309061487082,0.3753171852698507,178.89857387283573
abnormal,A0005,150,False,not_evaluable,,,,
abnormal,A0005,151,False,not_evaluable,,,,
abnormal,A0005,152,False,not_evaluable,,,,
abnormal,A0006,153,False,not_evaluable,,,,
abnormal,A0006,154,False,not_evaluable,,,,
abnormal,A0006,155,False,not_evaluable,,,,
abnormal,A0006,156,False,not_evaluable,,,,
abnormal,A0006,157,False,not_evaluable,,,,
abnormal,A0006,158,False,not_evaluable,,,,
abnormal,A0006,159,False,not_evaluable,,,,
abnormal,A0006,160,False,not_evaluable,,,,
abnormal,A0006,161,False,not_evaluable,,,,
abnormal,A0006,162,True,RMS 검출,0.5242850733890384,0.061019983479292,0.5502229196532821,122.11944495739016
abnormal,A0006,163,True,RMS 검출,0.5184347135814867,0.1001499519415324,0.5627916828878691,88.27125039734534
abnormal,A0006,164,True,RMS 검출,0.400629663346723,0.1261438041172625,0.4597752661765357,75.09145383078264
abnormal,A0006,165,True,RMS 검출,0.2614779114169999,0.2006013712130572,0.2222899687086774,40.64320618275384
abnormal,A0006,166,True,RMS 검출,0.2065339945678346,0.2273011738240084,0.068359509094282,36.941423405990825
abnormal,A0006,167,True,RMS 검출,0.2136510265662849,0.2507619807841759,0.0296856867353976,37.16578354003312
abnormal,A0006,168,True,RMS 검출,0.2071013148160966,0.2506161412364615,0.0163157231510891,37.31841571312459
abnormal,A0006,169,True,RMS 검출,0.1906194105114605,0.2406427244676469,-0.0082473890039975,41.8779423316778
abnormal,A0006,170,True,RMS 검출,0.1710413786220158,0.230223553257357,-0.0363161604742468,44.41566592656028
abnormal,A0006,171,True,RMS 검출,0.1589653255183209,0.2097750761868261,-0.0384301459824047,52.14504474767864
abnormal,A0006,172,True,RMS 검출,0.1362686705846434,0.2021769515827645,-0.0814612837821294,52.5035461296954
abnormal,A0006,173,True,RMS 검출,0.1063223287982742,0.1908498618404246,-0.1467852754925583,53.19193501124135
abnormal,A0006,174,False,RMS 미검출,0.084539867726641,0.1753154499858082,-0.1849076053371654,53.27735822400651
abnormal,A0006,175,False,RMS 미검출,0.0588621117884474,0.1481138893451449,-0.2255487706040885,56.42769684215057
abnormal,A0006,176,False,RMS 미검출,0.0347213509124191,0.1157580719062422,-0.2490869704268823,56.92415981082231
abnormal,A0006,177,False,RMS 미검출,0.0079627427651608,0.0663673247415595,-0.3899408244455172,56.78418626843476
abnormal,A0006,178,False,RMS 미검출,0.0044233514338415,0.0743543125651401,-0.3890530377834129,56.615008195804926
abnormal,A0006,179,False,RMS 미검출,0.0069879327442701,0.0731989599053413,-0.4204368484672565,59.611804953759055
abnormal,A0006,180,False,RMS 미검출,0.0007096889917085,0.0806798660941514,-0.3669422245157119,57.158344860361595
abnormal,A0006,181,False,RMS 미검출,0.0007972017860103,0.1052096100648532,-0.4407719781420887,45.36693283774307
abnormal,A0006,182,False,RMS 미검출,0.0005581271618241,0.1043977398241379,-0.4558356840130659,47.64496292397658
abnormal,A0006,183,False,RMS 미검출,0.0647675729185563,0.1044006416018832,-0.0041875902891511,48.60319905026652
abnormal,A0006,184,False,RMS 미검출,0.0650548652048318,0.1294795919218132,-0.1086992874365663,48.509545543437504
abnormal,A0006,185,True,RMS 검출,0.4373499243516464,0.1939678707210077,0.3160191741206282,89.52134685139754
abnormal,A0006,186,True,RMS 검출,0.6222983193351115,0.1636593353624573,0.4031569483810159,136.47773366909308
abnormal,A0006,187,True,RMS 검출,0.7118354174069979,0.1433663908918969,0.4553805636232622,149.979328180233
abnormal,A0006,188,True,RMS 검출,0.7087675359019139,0.1651551312356887,0.4098266940785642,158.99008852891436
abnormal,A0006,189,True,RMS 검출,0.727787862264409,0.1431909470859743,0.4055654239026391,184.08093677687677
abnormal,A0006,190,True,RMS 검출,0.7830920301329729,0.1341548775741689,0.4300977490951916,192.3467147670001
abnormal,A0006,191,True,RMS 검출,0.8420798225228444,0.1195445244420564,0.45623867607394,203.16427220745584
abnormal,A0006,192,True,RMS 검출,0.8526025164623212,0.0940561374082412,0.4653509558395221,218.89665341940872
abnormal,A0006,193,True,RMS 검출,0.8621061332605237,0.0927974546309564,0.4703123373248973,219.09911145265875
abnormal,A0006,194,True,RMS 검출,0.8621366576506471,0.0882171035355425,0.4697673715335806,222.84711851338724
abnormal,A0006,195,True,RMS 검출,0.7399045546985169,0.0463708851801774,0.4897985340380072,209.83207876872743
abnormal,A0006,196,True,RMS 검출,0.6009184884519818,0.0729751810562622,0.4324072343719508,182.66778840829951
abnormal,A0006,197,True,RMS 검출,0.5051024399678485,0.0743527656170585,0.3583075976956482,187.2694304826356
abnormal,A0006,198,True,RMS 검출,0.5484083977260426,0.1030169338283851,0.3387684771112335,191.5371150958432
abnormal,A0006,199,True,RMS 검출,0.5919054811879841,0.1030036347036787,0.3776735883481125,185.89963664525965
abnormal,A0006,200,True,RMS 검출,0.529369447930476,0.0558093001527929,0.3439839542675388,217.70177819359023
abnormal,A0006,201,True,RMS 검출,0.4306501333702185,0.0693053090630438,0.2421617559480189,220.5127242137388
abnormal,A0006,202,True,RMS 검출,0.4152537080283651,0.1032503244534024,0.1994313338045434,209.62168817489496
abnormal,A0007,203,False,not_evaluable,,,,
abnormal,A0007,204,False,not_evaluable,,,,
abnormal,A0007,205,False,not_evaluable,,,,
abnormal,A0007,206,False,not_evaluable,,,,
abnormal,A0007,207,False,not_evaluable,,,,
abnormal,A0007,208,False,not_evaluable,,,,
abnormal,A0007,209,False,not_evaluable,,,,
abnormal,A0007,210,False,not_evaluable,,,,
abnormal,A0007,211,False,not_evaluable,,,,
abnormal,A0007,212,True,RMS 검출,0.4770839403033103,0.0085781078199511,0.2842023667794442,279.4986619456982
abnormal,A0007,213,True,RMS 검출,0.4766944394274139,0.022496628345556,0.2940500079520944,284.5888368600731
abnormal,A0007,214,True,RMS 검출,0.4519159897899863,0.0145536073310846,0.2853101673101672,272.6045962689921
abnormal,A0007,215,True,RMS 검출,0.4154340121722634,0.0229172815423774,0.2392369834490036,251.557617323644
abnormal,A0007,216,True,RMS 검출,0.4210755905040633,0.0173599212113826,0.2754546175450924,239.30803706228912
abnormal,A0007,217,True,RMS 검출,0.3699422086497526,0.0032522222701283,0.2853280149716621,228.1882177162125
abnormal,A0007,218,True,RMS 검출,0.262537106008303,0.00586212574887,0.1683118211949054,219.11856827130063
abnormal,A0007,219,True,RMS 검출,0.2458362477204003,0.0552192784957315,0.1203971544070118,189.3068507432334
abnormal,A0007,220,True,RMS 검출,0.2639557968347576,0.0870736526961274,0.1629343697579235,155.70213639268556
abnormal,A0007,221,True,RMS 검출,0.2525944307518687,0.1235807021778759,0.1638812850905165,118.66925463455368
abnormal,A0007,222,True,RMS 검출,0.1987667697846332,0.1195451010116164,0.1249769753618683,102.8963444510226
abnormal,A0007,223,True,RMS 검출,0.1587298356598615,0.2173214626783522,-0.0380756861881297,44.79478944891337
abnormal,A0007,224,True,RMS 검출,0.1325550529273891,0.2372407921469563,-0.1542755810597643,45.47018522803652
abnormal,A0007,225,True,RMS 검출,0.1443658074597508,0.2630646497132004,-0.1640420664246502,40.64320539962457
abnormal,A0007,226,True,RMS 검출,0.1495029071280263,0.2682751243201342,-0.1529458645753329,36.64789483631765
abnormal,A0007,227,True,RMS 검출,0.1514827511097105,0.2668890093521013,-0.141324470908056,34.73678112515315
abnormal,A0007,228,True,RMS 검출,0.1474541082469835,0.270966072710151,-0.1474747379258658,28.23776288061251
abnormal,A0007,229,True,RMS 검출,0.1336061462381971,0.2556738191870479,-0.1617658827039744,31.634295285339583
abnormal,A0007,230,True,RMS 검출,0.1223437773127778,0.2410134280026255,-0.1692184047305439,34.12385862595172
abnormal,A0007,231,True,RMS 검출,0.110390385718302,0.2314567424879425,-0.1860380480862153,34.05090200366577
abnormal,A0007,232,False,RMS 미검출,0.0957158183424347,0.2246407573084186,-0.2159502432965539,31.413404737214076
abnormal,A0007,233,False,RMS 미검출,0.0814594075658805,0.1896816001302679,-0.2216650653980591,48.15672179802105
abnormal,A0007,234,False,RMS 미검출,0.07030267706733,0.1581301553483924,-0.1958157505146815,53.50625557457741
abnormal,A0007,235,False,RMS 미검출,0.0486316168751929,0.1049363330055489,-0.1540409365587824,63.65151663629757
abnormal,A0007,236,False,RMS 미검출,0.0363608826379101,0.0930756403707463,-0.2069726390196814,72.45140925417384
abnormal,A0007,237,False,RMS 미검출,0.0306798743279364,0.0831045078283264,-0.220784291467361,77.89304079026198
abnormal,A0007,238,False,RMS 미검출,0.032588180821442,0.0813795624580067,-0.204275451122085,78.18440092832799
abnormal,A0007,239,False,RMS 미검출,0.0330500724093155,0.0807020315177159,-0.2052878645968674,79.98135846675822
abnormal,A0007,240,False,RMS 미검출,0.0319989252773214,0.0773231198204759,-0.211764524825527,83.8533863605127
abnormal,A0007,241,False,RMS 미검출,0.0297663560564646,0.0739275303244826,-0.2210570260213372,86.61357809714029
abnormal,A0007,242,False,RMS 미검출,0.0233722996088453,0.0758792377247574,-0.2647568151880687,86.45839109047714
abnormal,A0008,243,False,not_evaluable,,,,
abnormal,A0008,244,False,not_evaluable,,,,
abnormal,A0008,245,False,not_evaluable,,,,
abnormal,A0008,246,False,not_evaluable,,,,
abnormal,A0008,247,False,not_evaluable,,,,
abnormal,A0008,248,False,not_evaluable,,,,
abnormal,A0008,249,False,not_evaluable,,,,
abnormal,A0008,250,False,not_evaluable,,,,
abnormal,A0008,251,False,not_evaluable,,,,
abnormal,A0008,252,False,RMS 미검출,0.0321761189504252,0.1146594667395139,-0.3090902116509769,75.37102028862273
abnormal,A0008,253,False,RMS 미검출,0.030613542088984,0.1175261313525364,-0.3203722718141868,72.77823269326272
abnormal,A0008,254,False,RMS 미검출,0.0366556921924354,0.1241483644740177,-0.2899613036452127,65.69719850429148
abnormal,A0008,255,False,RMS 미검출,0.0371776850106717,0.1109349302096417,-0.271018460400065,75.4021228030147
abnormal,A0008,256,False,RMS 미검출,0.0398227125756936,0.0971175666795653,-0.2381730414746767,84.32741835677137
abnormal,A0008,257,False,RMS 미검출,0.0545246253719924,0.1234416794442593,-0.1986324566166945,66.568550499469
abnormal,A0008,258,False,RMS 미검출,0.0542689011607135,0.120687128617181,-0.1894629333213153,66.05852124877921
abnormal,A0008,259,False,RMS 미검출,0.0487033186559919,0.1166717032415807,-0.2036024830037811,66.07572903055393
abnormal,A0008,260,True,RMS 검출,0.1788336908748032,0.2404851749027912,-0.0946614839941017,70.70227355580742
abnormal,A0008,261,True,RMS 검출,0.270063688004585,0.2398788774050914,0.032782063658793,91.95975932864488
abnormal,A0008,262,True,RMS 검출,0.3366006577933607,0.2286013937718639,0.1336372672887558,96.87250460816132
abnormal,A0008,263,True,RMS 검출,0.3468050753779228,0.2490660930605814,0.1159934171390971,95.72143309618396
abnormal,A0008,264,True,RMS 검출,0.3487467698804081,0.2669784734781823,0.0822570793665989,101.13348042327132
abnormal,A0008,265,True,RMS 검출,0.3591497899311532,0.2628431289024922,0.0859292510602442,109.95273157323676
abnormal,A0008,266,True,RMS 검출,0.3972526431892114,0.2726680872020718,0.1173954160289306,108.58652265334746
abnormal,A0008,267,True,RMS 검출,0.4470590853455354,0.2698770779808653,0.1660049386084691,111.94826202886912
abnormal,A0009,268,False,not_evaluable,,,,
abnormal,A0009,269,False,not_evaluable,,,,
abnormal,A0009,270,False,not_evaluable,,,,
abnormal,A0009,271,False,not_evaluable,,,,
abnormal,A0009,272,False,not_evaluable,,,,
abnormal,A0009,273,False,not_evaluable,,,,
abnormal,A0009,274,False,not_evaluable,,,,
abnormal,A0009,275,False,not_evaluable,,,,
abnormal,A0010,276,False,not_evaluable,,,,
abnormal,A0010,277,False,not_evaluable,,,,
abnormal,A0010,278,False,not_evaluable,,,,
abnormal,A0010,279,False,not_evaluable,,,,
abnormal,A0011,280,False,not_evaluable,,,,
abnormal,A0011,281,False,not_evaluable,,,,
abnormal,A0011,282,False,not_evaluable,,,,
abnormal,A0011,283,False,not_evaluable,,,,
abnormal,A0011,284,False,not_evaluable,,,,
abnormal,A0011,285,False,not_evaluable,,,,
abnormal,A0011,286,False,not_evaluable,,,,
abnormal,A0011,287,False,not_evaluable,,,,
abnormal,A0011,288,False,not_evaluable,,,,
abnormal,A0011,289,True,RMS 검출,0.3383796289866342,0.1087403935017478,0.4746995147636418,66.9718668656777
abnormal,A0011,290,True,RMS 검출,0.1900576966106812,0.1308608031746693,0.2292901305187851,58.33465583915782
abnormal,A0011,291,False,RMS 미검출,0.0689616440379378,0.1549847403922353,-0.1796015195387287,48.97457059364723
abnormal,A0011,292,False,RMS 미검출,0.0727446574107661,0.169676904557009,-0.2063928545984183,48.99777854303262
abnormal,A0011,293,False,RMS 미검출,0.0572982697446545,0.1820383807916726,-0.3008879933833411,45.53888947334694
abnormal,A0011,294,False,RMS 미검출,0.050367680680231,0.1905642111237383,-0.353326033046851,44.42686192766735
abnormal,A0011,295,False,RMS 미검출,0.053556346481258,0.1927854010177217,-0.3421958481337588,43.93796814079903
abnormal,A0011,296,False,RMS 미검출,0.047769861622232,0.1992368617252501,-0.3825740418197906,42.06923144432397
abnormal,A0011,297,False,RMS 미검출,0.0414518151770542,0.1908957597486334,-0.4021565499360685,46.31400316093139
abnormal,A0011,298,False,RMS 미검출,0.0442498657541237,0.1879829068441161,-0.3834727388475874,47.943782324067534
abnormal,A0011,299,False,RMS 미검출,0.0458732193978408,0.1734785267706895,-0.3507813460508853,53.920306291873594
abnormal,A0011,300,False,RMS 미검출,0.0498165660918836,0.1653680765689084,-0.3146583782789516,55.80090584375245
abnormal,A0011,301,False,RMS 미검출,0.0481866756586447,0.1545212040469329,-0.2934160741875046,55.50086105058174
abnormal,A0011,302,False,RMS 미검출,0.0463477976694275,0.1445982553343202,-0.2769943328943331,56.53588399270556
abnormal,A0011,303,False,RMS 미검출,0.0401540581271454,0.1383688931858869,-0.2987580486343178,59.59630644502789
abnormal,A0011,304,False,RMS 미검출,0.0441229789158304,0.1526544544311131,-0.2982341213734155,50.57200940722056
abnormal,A0011,305,False,RMS 미검출,0.0422731522099281,0.1557630016190063,-0.3155700227305187,49.847452740129334
abnormal,A0011,306,False,RMS 미검출,0.0416584965890976,0.1424952172180997,-0.306006099990346,61.15448971986514
abnormal,A0011,307,False,RMS 미검출,0.0445922173622343,0.148244080501484,-0.3017848328446074,58.88143286650444
abnormal,A0011,308,False,RMS 미검출,0.0426351843040838,0.1494455805191044,-0.3150416969719706,58.79810919325359
abnormal,A0011,309,False,RMS 미검출,0.0414918349863578,0.1591828070473512,-0.3347657605735061,52.55089092488142
abnormal,A0011,310,False,RMS 미검출,0.0347014433650153,0.1604256208788008,-0.3709931622434225,49.979843085363505
abnormal,A0011,311,False,RMS 미검출,0.0317490195959782,0.157819288854257,-0.3854424233666534,52.43312586192873
abnormal,A0011,312,False,RMS 미검출,0.0228388194343564,0.1290677569108537,-0.3922952011831027,70.15546167604757
abnormal,A0011,313,False,RMS 미검출,0.0246446760505805,0.1339693865356265,-0.3899537921209119,67.47078250096068
abnormal,A0011,314,False,RMS 미검출,0.023756847417542,0.13054078336066,-0.3892011632142192,69.25434873075805
abnormal,A0011,315,False,RMS 미검출,0.0171635357678296,0.1252438662453598,-0.4238523196260219,74.79469639875992
abnormal,A0011,316,False,RMS 미검출,0.0177229125863077,0.1408628914242791,-0.445765875366951,64.86344719851145
abnormal,A0011,317,False,RMS 미검출,0.0106775386944289,0.1378901383675157,-0.486907930055446,67.39069790407197
abnormal,A0011,318,False,RMS 미검출,0.0085442873966479,0.1370965459017666,-0.4986691978517367,66.50768247522385
abnormal,A0011,319,False,RMS 미검출,0.0040185059835472,0.1300035518428142,-0.5148595398365151,67.5002626363
abnormal,A0011,320,False,RMS 미검출,0.0266480937805784,0.1255024760173838,-0.3565147285158621,68.17896902348139
abnormal,A0011,321,False,RMS 미검출,0.067451630689802,0.119403361442612,-0.1336150970730068,68.58628419196964
abnormal,A0011,322,True,RMS 검출,0.148052947481846,0.1445765839183785,0.0896727628919345,58.23225017321341
abnormal,A0011,323,True,RMS 검출,0.3116541578137362,0.1279189458461029,0.3810478689439989,70.19899832249665
abnormal,A0011,324,True,RMS 검출,0.4299171829382604,0.1211779081578133,0.5135057987729492,69.59414309025642
abnormal,A0011,325,True,RMS 검출,0.4381847552924494,0.2006700206519197,0.3513640506770057,69.75832734007311
abnormal,A0011,326,True,RMS 검출,0.461428674494901,0.2789892357972918,0.2352813599992166,72.6746696730041
abnormal,A0011,327,True,RMS 검출,0.5535357749251062,0.2907343654243576,0.3003855681860996,69.90891432733906
abnormal,A0011,328,True,RMS 검출,0.6192817786413636,0.2903538759562266,0.3465006339328307,70.37489785400241
abnormal,A0011,329,True,RMS 검출,0.6350246446282706,0.3085214401133218,0.3263656144264347,74.12767770137847
abnormal,A0012,330,False,not_evaluable,,,,
abnormal,A0012,331,False,not_evaluable,,,,
abnormal,A0012,332,False,not_evaluable,,,,
abnormal,A0012,333,False,not_evaluable,,,,
abnormal,A0012,334,False,not_evaluable,,,,
abnormal,A0012,335,False,not_evaluable,,,,
abnormal,A0012,336,False,not_evaluable,,,,
abnormal,A0012,337,False,not_evaluable,,,,
abnormal,A0012,338,False,not_evaluable,,,,
abnormal,A0012,339,True,RMS 검출,0.6974510483992391,0.2685303246111857,0.3721371557456129,100.01298318855908
abnormal,A0012,340,True,RMS 검출,0.7655599817011765,0.2693189599732339,0.4142946177267826,95.92016516974223
abnormal,A0012,341,True,RMS 검출,0.8656794396462696,0.2683175009994792,0.4636716463537655,94.74477743577732
abnormal,A0012,342,True,RMS 검출,0.8312965851803329,0.2894574304057178,0.4528472771692002,76.44189127632356
abnormal,A0012,343,True,RMS 검출,0.7538764531860533,0.2911394140815221,0.4133447260539142,76.52085971160822
abnormal,A0012,344,True,RMS 검출,0.7232978863673705,0.2713339943737797,0.4268642712541312,74.08644838359676
abnormal,A0012,345,True,RMS 검출,0.7221316896118806,0.2015560936784388,0.5472757445940578,63.326962291407426
abnormal,A0012,346,True,RMS 검출,0.638267802738128,0.1925346860178301,0.5392480406699562,55.413736927154986
abnormal,A0012,347,True,RMS 검출,0.5395685700308241,0.1942455869187649,0.478284182600622,55.36113969689263
abnormal,A0012,348,True,RMS 검출,0.524947808285367,0.1706066243441823,0.5372778598230866,47.39525662450331
abnormal,A0012,349,True,RMS 검출,0.5241377690190551,0.1600598244091841,0.563276621752667,46.032391452405555
abnormal,A0012,350,True,RMS 검출,0.4279267349409145,0.1716677796052955,0.4943457101127153,38.008891581018695
abnormal,A0012,351,True,RMS 검출,0.1377846168564894,0.1761974279198228,0.0199074653510976,42.754446313036766
abnormal,A0012,352,True,RMS 검출,0.0994651957121822,0.1597441828702042,-0.1140338817505473,62.72494037317757
abnormal,A0012,353,True,RMS 검출,0.1184779158924063,0.1788002051285412,-0.0971694941160418,60.73594085701261
abnormal,A0012,354,True,RMS 검출,0.1197025294590835,0.1809729198538939,-0.0967493911903017,59.907864082682735
abnormal,A0012,355,True,RMS 검출,0.117939120817268,0.1794326997282292,-0.1086965167586907,64.03548287467707
abnormal,A0012,356,True,RMS 검출,0.1117042662500017,0.1796844435327862,-0.1264695511935,63.21466016953914
abnormal,A0012,357,True,RMS 검출,0.1024841956981389,0.1642976813610067,-0.1398455774411793,72.07580279686266
abnormal,A0012,358,True,RMS 검출,0.1005483796454077,0.1549584229010417,-0.1295790901571086,74.75858705666884
abnormal,A0012,359,True,RMS 검출,0.090726481079288,0.1429946093073992,-0.1323230752977098,74.997717982862
abnormal,A0012,360,False,RMS 미검출,0.0800992036402029,0.1302258064301091,-0.1354573014307029,74.98350534527707
abnormal,A0012,361,False,RMS 미검출,0.0676538356574115,0.1174732118068199,-0.1399767450777118,72.7938516307954
abnormal,A0012,362,False,RMS 미검출,0.0538325123543952,0.1257594771327727,-0.1854160294035848,58.66745197371686
abnormal,A0012,363,False,RMS 미검출,0.0207511445957691,0.1018789457192164,-0.2934169143708596,58.54014452674587
abnormal,A0012,364,False,RMS 미검출,0.0221310281581959,0.1003410271524071,-0.288165070299006,61.88559080081158
abnormal,A0012,365,False,RMS 미검출,0.0217365442953911,0.1011207558188992,-0.2829436320315623,58.369969369725126
abnormal,A0012,366,False,RMS 미검출,0.0188562356420237,0.0919514555246255,-0.2866824300173445,64.47779956262711
abnormal,A0012,367,False,RMS 미검출,0.0159755232549429,0.0869530615230346,-0.2944353341695903,66.6240319119183
abnormal,A0012,368,False,RMS 미검출,0.0106515248678065,0.096530067271861,-0.3544416361883171,60.51325484440656
abnormal,A0012,369,False,RMS 미검출,0.0060602157903089,0.0954627224714548,-0.3879364647785873,60.476843881701235
abnormal,A0012,370,False,RMS 미검출,0.0006012425392734,0.0931371898222169,-0.4382103564242134,60.48036848147952
abnormal,A0012,371,False,RMS 미검출,0.007464227727233,0.085790446255401,-0.3518055587337885,65.37193091182348
abnormal,A0013,372,False,not_evaluable,,,,
abnormal,A0013,373,False,not_evaluable,,,,
abnormal,A0013,374,False,not_evaluable,,,,
abnormal,A0013,375,False,not_evaluable,,,,
abnormal,A0013,376,False,not_evaluable,,,,
abnormal,A0013,377,False,not_evaluable,,,,
abnormal,A0013,378,False,not_evaluable,,,,
abnormal,A0013,379,False,not_evaluable,,,,
abnormal,A0013,380,False,not_evaluable,,,,
abnormal,A0013,381,True,RMS 검출,1.0236290773205152,0.1960704636259338,0.5760409147077699,112.5956960674339
abnormal,A0013,382,True,RMS 검출,1.0201216243075135,0.1898020461482047,0.574200529244674,117.58594512866898
abnormal,A0013,383,True,RMS 검출,1.022446595801365,0.1997646448497304,0.5746987383386599,110.55401713936872
abnormal,A0013,384,True,RMS 검출,0.9607781858393136,0.1403934754417968,0.6270773906524588,111.15396653799326
abnormal,A0013,385,True,RMS 검출,0.8075197802668861,0.1515790964024423,0.5835620990992267,99.02340257095032
abnormal,A0013,386,True,RMS 검출,0.7012731536403207,0.216553625256151,0.4481458008001768,96.69998345109356
abnormal,A0013,387,True,RMS 검출,0.7573275526751719,0.2016461954659817,0.499748814716003,94.88416616109134
abnormal,A0013,388,True,RMS 검출,0.782682977212774,0.1871104766343209,0.5283112606634175,96.37981883941072
abnormal,A0013,389,True,RMS 검출,0.6984362048736882,0.2027218989575292,0.4494066096595113,105.48575229451605
abnormal,A0013,390,True,RMS 검출,0.6123102653033539,0.2037887378137627,0.400760280868048,104.35887656892798
abnormal,A0013,391,True,RMS 검출,0.5901020181810976,0.205986949432752,0.3835276682926783,104.26828214847136
abnormal,A0013,392,True,RMS 검출,0.6538585110055433,0.2122487224718668,0.4148100363629519,103.7436037447516
abnormal,A0013,393,True,RMS 검출,0.6857067948682182,0.1993818958278492,0.4355118298141904,111.8034555618745
abnormal,A0013,394,True,RMS 검출,0.6781702868212289,0.2590803307048568,0.360431229317926,107.53247352621612
abnormal,A0013,395,True,RMS 검출,0.7259301367997681,0.2878721052411801,0.3485608081551117,110.48200812814366
abnormal,A0013,396,True,RMS 검출,0.7007249843025911,0.2430704309564745,0.3868841037009411,111.47503995905394
abnormal,A0013,397,True,RMS 검출,0.6240026544032959,0.2445593862082193,0.3249989954485175,119.87797958848394
abnormal,A0013,398,True,RMS 검출,0.5857989205789736,0.2481491675001411,0.2910215278407756,122.11886202153184
abnormal,A0013,399,True,RMS 검출,0.6227917161254432,0.2397396286905777,0.3329493654702983,118.33707664158084
abnormal,A0014,400,False,not_evaluable,,,,
abnormal,A0014,401,False,not_evaluable,,,,
abnormal,A0014,402,False,not_evaluable,,,,
abnormal,A0014,403,False,not_evaluable,,,,
abnormal,A0014,404,False,not_evaluable,,,,
abnormal,A0014,405,False,not_evaluable,,,,
abnormal,A0014,406,False,not_evaluable,,,,
abnormal,A0014,407,False,not_evaluable,,,,
abnormal,A0014,408,False,not_evaluable,,,,
abnormal,A0014,409,True,RMS 검출,0.2315000934445513,0.0935088564499501,0.3628191078688332,73.16674292345459
abnormal,A0014,410,False,RMS 미검출,0.0570383514893515,0.0883460301735487,-0.0435262887871569,63.69169086563206
abnormal,A0014,411,False,RMS 미검출,0.0506692258776902,0.0494370473127795,0.1164468508527108,66.32366807649512
abnormal,A0014,412,False,RMS 미검출,0.0548010063952345,0.0464549765082092,0.1909855578872474,62.183393497345
abnormal,A0014,413,False,RMS 미검출,0.0358188205440898,0.0297786886955454,0.2013880528928348,64.2868702896053
abnormal,A0014,414,False,RMS 미검출,0.0388944877460799,0.0278796629101787,0.3828201330454183,53.2880255029222
abnormal,A0015,415,False,not_evaluable,,,,
abnormal,A0015,416,False,not_evaluable,,,,
abnormal,A0015,417,False,not_evaluable,,,,
abnormal,A0015,418,False,not_evaluable,,,,
abnormal,A0015,419,False,not_evaluable,,,,
abnormal,A0015,420,False,not_evaluable,,,,
abnormal,A0015,421,False,not_evaluable,,,,
abnormal,A0015,422,False,not_evaluable,,,,
abnormal,A0015,423,False,not_evaluable,,,,
abnormal,A0015,424,False,RMS 미검출,0.0163817647248364,0.0017993432423138,0.1647602273911024,62.98832867658661
abnormal,A0015,425,False,RMS 미검출,0.0204894191588007,0.0082512115950939,0.0855163815426954,68.62978217818815
abnormal,A0015,426,False,RMS 미검출,0.0191713316470069,0.0022884875439678,-0.0299460612788589,69.86112869549525
abnormal,A0015,427,False,RMS 미검출,0.0164421368814405,0.002735927912273,0.0006546797654124,71.08613948056592
abnormal,A0015,428,False,RMS 미검출,0.0044503203066489,0.0054078751782653,0.1570070008520432,73.38395517778652
abnormal,A0015,429,False,RMS 미검출,0.0070071528533686,0.0074619546017336,0.1844513216847719,67.87920627553012
abnormal,A0015,430,False,RMS 미검출,0.0113423115421319,0.0066518914014262,0.2058436030273599,69.5246819608201
abnormal,A0015,431,False,RMS 미검출,0.0128645682453479,0.004522907948242,0.2089983058123343,71.83189120739392
abnormal,A0015,432,False,RMS 미검출,0.0157330666804787,0.002014408629699,0.1614303269956788,79.01338063964555
abnormal,A0015,433,False,RMS 미검출,0.013567718847499,0.0077633767120162,0.1067363719395129,90.60299232487688
abnormal,A0015,434,False,RMS 미검출,0.0365728602170225,0.0010886700511696,0.198882538180613,88.09236875218502
abnormal,A0015,435,False,RMS 미검출,0.0471159546497325,0.0099606275015195,0.1650264900802793,90.64532975402838
abnormal,A0015,436,False,RMS 미검출,0.0590051401484205,0.0113010733382637,0.1744982565217922,95.2093579069622
abnormal,A0015,437,False,RMS 미검출,0.0614155802584348,0.0218682179041239,0.1306210462765072,94.36453498934765
abnormal,A0015,438,False,RMS 미검출,0.0610672212357536,0.0157317237307702,0.1199009880327203,100.95908900157517
abnormal,A0015,439,False,RMS 미검출,0.0584878509905451,0.0183288507112936,0.0732735741504481,104.86353841789176
abnormal,A0015,440,False,RMS 미검출,0.0587120182081685,0.0254093104927621,0.0400058416072428,105.09096141743976
abnormal,A0015,441,False,RMS 미검출,0.0592823320604509,0.0310720098265793,0.0099681391059417,106.66135315333165
abnormal,A0015,442,False,RMS 미검출,0.0631719118728483,0.0371323474753961,0.0159256241909817,103.3703444071279
abnormal,A0015,443,False,RMS 미검출,0.0677989516702577,0.0474463213740215,0.021077056821066,97.0688783365458
abnormal,A0015,444,False,RMS 미검출,0.0523810118748868,0.0413960003429577,-0.0395657970953328,101.64576753160917
abnormal,A0015,445,False,RMS 미검출,0.0445917435571016,0.0485924464152042,-0.0968569484747299,99.88288455450054
abnormal,A0015,446,False,RMS 미검출,0.0305050471301111,0.0634211565380044,-0.207346808327344,95.2630771854186
abnormal,A0015,447,False,RMS 미검출,0.012806878636881,0.003913966161412,-0.2077906418368393,131.02832522718825
abnormal,A0015,448,False,RMS 미검출,0.0319057215630394,0.0274886244689185,-0.219899642456487,141.69719591034385
abnormal,A0015,449,True,RMS 검출,0.172809319167995,0.0793074710529942,0.0151361015987609,160.67362392195668
abnormal,A0015,450,True,RMS 검출,0.3546203506913155,0.1000666263009884,0.2175504971017564,170.68549479031395
abnormal,A0015,451,True,RMS 검출,0.4018023620962399,0.0420253435159448,0.2838744873491762,207.360464441628
abnormal,A0015,452,True,RMS 검출,0.3983629815150379,0.019757034799925,0.2678431801858913,231.06410484051625
abnormal,A0015,453,True,RMS 검출,0.3971168029568808,0.022383646602275,0.2385205723692161,243.42820087584488
abnormal,A0015,454,True,RMS 검출,0.4154931938887795,0.0178363133719039,0.2368637435558687,256.93712025383473
abnormal,A0015,455,True,RMS 검출,0.4568010239821392,0.0029088993025543,0.2715049731873168,268.74547196727355
abnormal,A0015,456,True,RMS 검출,0.4831288519797551,0.0125420839846444,0.2933717241314666,279.95867870604434
abnormal,A0015,457,True,RMS 검출,0.4902267309904836,0.0299005438715099,0.3017046146529449,291.6942292182151
abnormal,A0015,458,True,RMS 검출,0.4821446706193905,0.0360869378190589,0.2809421266123082,305.10409671201444
abnormal,A0015,459,True,RMS 검출,0.4718658140092704,0.0336617087915853,0.2611419627089744,310.4103592935735
abnormal,A0015,460,True,RMS 검출,0.4173094788500475,0.0719072124199954,0.2388741314060378,328.006082709951
abnormal,A0015,461,True,RMS 검출,0.3950505055313853,0.0549453153064061,0.2078429186296846,321.4104776867098
abnormal,A0015,462,True,RMS 검출,0.3888666891204142,0.0418952327170533,0.1846503589892883,321.5331479452774
abnormal,A0015,463,True,RMS 검출,0.3882171635617739,0.0522640142062886,0.1865742026496588,328.4068095590007
abnormal,A0015,464,True,RMS 검출,0.3961125777362167,0.0555647483174294,0.1894149885223006,333.7021652800735
abnormal,A0016,465,False,not_evaluable,,,,
abnormal,A0016,466,False,not_evaluable,,,,
abnormal,A0016,467,False,not_evaluable,,,,
abnormal,A0016,468,False,not_evaluable,,,,
abnormal,A0016,469,False,not_evaluable,,,,
abnormal,A0016,470,False,not_evaluable,,,,
abnormal,A0016,471,False,not_evaluable,,,,
abnormal,A0016,472,False,not_evaluable,,,,
abnormal,A0016,473,False,not_evaluable,,,,
abnormal,A0016,474,True,RMS 검출,0.2106732836071375,0.0463570281257083,0.0887798842474557,265.72312596446494
abnormal,A0016,475,True,RMS 검출,0.1463074530942468,0.0013603518903129,-0.0378705655348738,234.38683344995164
abnormal,A0016,476,True,RMS 검출,0.1330520687919483,0.0058313045632371,-0.0506954628267401,220.7124118581637
abnormal,A0016,477,True,RMS 검출,0.1181209012115476,0.0728517256394275,0.128725974006014,210.17617814151615
abnormal,A0016,478,False,RMS 미검출,0.0166495489403404,0.0509825095892784,-0.1685366552315254,183.51806661931977
abnormal,A0016,479,False,RMS 미검출,0.011153840111194,0.0313307210374261,-0.2534587845391697,184.2136692171896
abnormal,A0016,480,False,RMS 미검출,0.0103630698016886,0.0455150186982253,-0.3430152458247537,194.87166339898107
abnormal,A0016,481,False,RMS 미검출,0.044768451123433,0.0717041982136492,-0.5020569543137873,209.51726065203437
abnormal,A0016,482,False,RMS 미검출,0.0417778281563321,0.0612460148303966,-0.4983861639963944,200.6246891304394
abnormal,A0016,483,False,RMS 미검출,0.0398803133149534,0.0587680722300103,-0.4879250385840847,196.73797297293711
abnormal,A0016,484,False,RMS 미검출,0.0417483130110913,0.0535831794483292,-0.508026437010452,190.8104946645276
abnormal,A0016,485,False,RMS 미검출,0.0418238895921329,0.0610948559316779,-0.4901909069618191,190.5030321742871
abnormal,A0016,486,False,RMS 미검출,0.0444822153862125,0.0697841543112573,-0.4803800585869107,183.84339668363944
abnormal,A0016,487,False,RMS 미검출,0.0473240106438806,0.0842246080357232,-0.4600920642651981,183.84339668363944
abnormal,A0016,488,False,RMS 미검출,0.0611586231466593,0.1155603341748496,-0.5011329723164124,192.6563981078669
abnormal,A0016,489,False,RMS 미검출,0.0639369308499819,0.1572051848805266,-0.3226768823701323,193.93818757277887
abnormal,A0016,490,False,RMS 미검출,0.0594230169991193,0.1575841392428615,-0.2354493009465374,190.7497867049904
abnormal,A0016,491,False,RMS 미검출,0.0611719683078288,0.1600767440884419,-0.2533794695874533,192.75963716403615
abnormal,A0016,492,False,RMS 미검출,0.0639179183861607,0.1694003964432011,-0.2725588294356874,201.07326866735437
abnormal,A0016,493,False,RMS 미검출,0.0662970464071123,0.1808445830109151,-0.2716513771796326,209.7301277533629
abnormal,A0016,494,False,RMS 미검출,0.0634390045529027,0.1918505218280869,-0.1789966935551429,214.3239391604635
abnormal,A0016,495,False,RMS 미검출,0.0611533672650936,0.1963787202071599,-0.1302673131461572,216.4576385867332
abnormal,A0016,496,False,RMS 미검출,0.0615867953176889,0.1966009445766462,-0.1110887158631855,214.0741535175221
abnormal,A0016,497,False,RMS 미검출,0.0601617422264371,0.1722684642738356,-0.2066338874572744,202.0082453162545
abnormal,A0016,498,False,RMS 미검출,0.0626201043675247,0.177388506331059,-0.2270005625426901,206.2117660359288
abnormal,A0016,499,False,RMS 미검출,0.0657441253593941,0.1917517064671915,-0.2070323512847401,214.08311498987592
abnormal,A0016,500,False,RMS 미검출,0.065242224750203,0.1766104403234747,-0.2712224876817991,206.77574438593925
abnormal,A0016,501,False,RMS 미검출,0.0595182225953002,0.1526402357982351,-0.273607268507404,190.28359196273664
abnormal,A0016,502,False,RMS 미검출,0.0640924863365305,0.1594142483885356,-0.3153890696126633,195.16241497546457
abnormal,A0016,503,False,RMS 미검출,0.0685193544920018,0.1618750201106608,-0.3903644615158537,200.98914836406567
abnormal,A0016,504,False,RMS 미검출,0.0720714934229004,0.1476728196913457,-0.5049409346649976,192.56011335392031
abnormal,A0016,505,False,RMS 미검출,0.0817725493146539,0.1597833528561147,-0.6228744078957121,201.64880057912617
abnormal,A0016,506,False,RMS 미검출,0.0657106566744508,0.1551039669497944,-0.3914319609110164,200.69834225634983
abnormal,A0016,507,False,RMS 미검출,0.0384861547592927,0.1325344809035653,-0.2328253364803965,200.1506103749227
abnormal,A0016,508,True,RMS 검출,0.0560459421677412,0.1457264839957966,0.168430322819006,222.8554087063719
abnormal,A0016,509,True,RMS 검출,0.0618743039174851,0.0983136092021997,-0.0232284623231157,234.84868281712968
abnormal,A0016,510,True,RMS 검출,0.0494238997269964,0.0895944410170526,-0.1600014227501479,267.4903777288993
abnormal,A0016,511,True,RMS 검출,0.0552465083130467,0.1116907103323443,-0.1544255377207165,295.57585708821796
abnormal,A0016,512,True,RMS 검출,0.0819944997939451,0.1544364649895201,-0.0786787714227555,331.219998631875
abnormal,A0016,513,True,RMS 검출,0.1470645141213436,0.1654149589034358,0.0333811480983915,346.96194976051567
abnormal,A0016,514,True,RMS 검출,0.1971085360527184,0.2058009771936791,0.1251682686143064,373.612683787433
abnormal,A0017,515,False,not_evaluable,,,,
abnormal,A0017,516,False,not_evaluable,,,,
abnormal,A0017,517,False,not_evaluable,,,,
abnormal,A0017,518,False,not_evaluable,,,,
abnormal,A0017,519,False,not_evaluable,,,,
abnormal,A0017,520,False,not_evaluable,,,,
abnormal,A0017,521,False,not_evaluable,,,,
abnormal,A0017,522,False,not_evaluable,,,,
abnormal,A0017,523,False,not_evaluable,,,,
abnormal,A0017,524,True,RMS 검출,0.3477260526871381,0.145499621783487,0.1342370349880453,414.8247412461019
abnormal,A0017,525,True,RMS 검출,0.348668117546161,0.0956697183102999,0.0912341765626293,404.2376773574012
abnormal,A0017,526,True,RMS 검출,0.4133757942308878,0.1459865824767645,0.1985832650801485,410.403025084404
abnormal,A0017,527,True,RMS 검출,0.4395404004739341,0.1795271333435481,0.2563982422666057,413.30142381566736
abnormal,A0017,528,True,RMS 검출,0.4027449908893921,0.1624698922162422,0.2061080678425607,413.0895651893146
abnormal,A0017,529,True,RMS 검출,0.3932699663326084,0.1638485250452522,0.2267247303406307,396.49541185687536
abnormal,A0017,530,True,RMS 검출,0.4140630469938262,0.1626324018243048,0.2655319745238003,382.8057425678402
abnormal,A0017,531,True,RMS 검출,0.4173149982555878,0.1339873565176665,0.2768448200374899,355.4470826537236
abnormal,A0017,532,True,RMS 검출,0.3882433832297083,0.1335569111855172,0.2726465699717524,344.40308487016387
abnormal,A0017,533,True,RMS 검출,0.3434295588558956,0.0914940138093957,0.2209583596159024,316.63593311815384
abnormal,A0017,534,True,RMS 검출,0.3164365652999875,0.094166857391457,0.2285510317114135,301.32966432576734
abnormal,A0017,535,True,RMS 검출,0.3159290335117269,0.1708417025884714,0.4089895147655957,287.9552477714602
abnormal,A0017,536,True,RMS 검출,0.2254931501211448,0.1518670613837168,0.3550282920803207,259.9137362674883
abnormal,A0017,537,True,RMS 검출,0.0936294713551144,0.12678933676158,0.1561097018808284,232.28292880568137
abnormal,A0017,538,True,RMS 검출,0.069075031730668,0.1492312282912812,0.2900969052526762,210.78584776595437
abnormal,A0017,539,True,RMS 검출,0.0678248201131213,0.1494783286990904,0.3103199914529746,207.310770691864
abnormal,A0017,540,False,RMS 미검출,0.0105687903075601,0.1472605394262178,0.1698925187224974,197.4323446185749
abnormal,A0017,541,False,RMS 미검출,0.0144042447831933,0.1632451172878292,0.2430494551987501,203.43059711130388
abnormal,A0017,542,False,RMS 미검출,0.0183431543242136,0.161354016453674,0.2456469354747035,203.52173937199055
abnormal,A0017,543,False,RMS 미검출,0.0228123417987417,0.1530572108962276,0.2832522840384057,194.68853788496412
abnormal,A0017,544,False,RMS 미검출,0.0289896410836787,0.1377599412687737,0.291076205391347,184.54393292371293
abnormal,A0017,545,False,RMS 미검출,0.021681804640584,0.1359724913218486,0.2365673708648747,186.07499301233943
abnormal,A0017,546,False,RMS 미검출,0.0211185253303496,0.1328976446046585,0.2029651150445656,187.4370607206803
abnormal,A0017,547,False,RMS 미검출,0.0207218371895014,0.100785940307137,0.0851665828698269,177.25585670870362
abnormal,A0017,548,False,RMS 미검출,0.0261609634786833,0.0944894507554899,0.0733331248404036,177.79059512245877
abnormal,A0017,549,False,RMS 미검출,0.022580246257793,0.0824823140375525,0.0422977488734387,169.99221555795637
abnormal,A0017,550,False,RMS 미검출,0.0171216587993401,0.0821353554090047,0.0136161656559166,170.19941046235454
abnormal,A0018,551,False,not_evaluable,,,,
abnormal,A0018,552,False,not_evaluable,,,,
abnormal,A0018,553,False,not_evaluable,,,,
abnormal,A0018,554,False,not_evaluable,,,,
abnormal,A0018,555,False,not_evaluable,,,,
abnormal,A0018,556,False,not_evaluable,,,,
abnormal,A0018,557,False,not_evaluable,,,,
abnormal,A0018,558,False,not_evaluable,,,,
abnormal,A0018,559,False,not_evaluable,,,,
abnormal,A0018,560,True,RMS 검출,0.3930162474418988,0.107709166827375,0.7204131952244195,172.34177497520685
abnormal,A0018,561,True,RMS 검출,0.5737801973704848,0.1210682648013843,0.7314171165390854,198.75376320357185
abnormal,A0018,562,True,RMS 검출,0.5934479486145953,0.117803547811436,0.6639990641427875,221.42690840086044
abnormal,A0018,563,True,RMS 검출,0.664700660681646,0.0671047941538624,0.5683382418060748,235.94921293592017
abnormal,A0018,564,True,RMS 검출,0.8409830805156013,0.1029743729459947,0.6283442548137013,264.1622754758486
abnormal,A0018,565,True,RMS 검출,0.8956353951591343,0.1023700767594066,0.6103975197941032,282.5838879851108
abnormal,A0018,566,True,RMS 검출,0.8884659558614466,0.1086939163715781,0.578263370150704,304.3794284574902
abnormal,A0018,567,True,RMS 검출,0.8876987769106479,0.1127368838693257,0.5793797489604757,306.4787506750442
abnormal,A0018,568,True,RMS 검출,0.8898976096143949,0.1071892249364833,0.5699729073074065,308.52141689172265
abnormal,A0018,569,True,RMS 검출,0.8901271575339698,0.1004028410943654,0.5633780314839821,307.6588672731807
abnormal,A0018,570,True,RMS 검출,0.7760952575343474,0.0812445219651994,0.508300860174679,301.5981257908071
abnormal,A0018,571,True,RMS 검출,0.6509502059771601,0.0631473791821752,0.4494413077312164,289.33942419432225
abnormal,A0018,572,True,RMS 검출,0.629225597636801,0.0611245289363865,0.4482702700598266,282.34365694237016
abnormal,A0018,573,True,RMS 검출,0.5537621816164437,0.0895059023231032,0.4666446045369239,273.3534586758808
abnormal,A0018,574,True,RMS 검출,0.252946944692021,0.0520573866962875,0.1945122958632822,249.59507642560385
abnormal,A0019,575,False,not_evaluable,,,,
abnormal,A0019,576,False,not_evaluable,,,,
abnormal,A0019,577,False,not_evaluable,,,,
abnormal,A0019,578,False,not_evaluable,,,,
abnormal,A0019,579,False,not_evaluable,,,,
abnormal,A0019,580,False,not_evaluable,,,,
abnormal,A0019,581,False,not_evaluable,,,,
abnormal,A0019,582,False,not_evaluable,,,,
abnormal,A0019,583,False,not_evaluable,,,,
abnormal,A0019,584,False,RMS 미검출,0.067949326102471,0.1696040213768807,-0.3592322216445895,207.2360387063011
abnormal,A0020,585,False,not_evaluable,,,,
abnormal,A0020,586,False,not_evaluable,,,,
abnormal,A0020,587,False,not_evaluable,,,,
abnormal,A0020,588,False,not_evaluable,,,,
abnormal,A0020,589,False,not_evaluable,,,,
abnormal,A0020,590,False,not_evaluable,,,,
abnormal,A0020,591,False,not_evaluable,,,,
abnormal,A0020,592,False,not_evaluable,,,,
abnormal,A0020,593,False,not_evaluable,,,,
abnormal,A0020,594,False,RMS 미검출,0.0496782965694464,0.1814532237373507,0.3567643801583177,182.53470878097943
abnormal,A0020,595,False,RMS 미검출,0.0491182826956261,0.1838864145691252,0.3558190524610367,184.6247714223346
abnormal,A0020,596,False,RMS 미검출,0.0481108462427636,0.1841827692475632,0.2941046459848684,187.6026471518191
abnormal,A0020,597,False,RMS 미검출,0.0503322742845179,0.1900446432404874,0.2787461590581074,191.8558839760624
abnormal,A0020,598,False,RMS 미검출,0.0455646814662755,0.1765903710676677,0.2703054030225976,183.80242342206975
abnormal,A0020,599,False,RMS 미검출,0.0440826411383807,0.1712052108428105,0.28854363932566,179.44861280506632
