segment_id,source_row,Equipment_state,RMS_Detected,Outlier_Category,H1_Residual_AI0,H1_Residual_AI1,H2_ND,H3_Current_Amplitude
0,0,1,True,RMS 검출,0.2589612420910037,0.557813898940289,-0.2958554646470132,21.457675
0,1,1,True,RMS 검출,0.7458076890703321,0.5495167963672765,0.1767671811567861,34.683557027711196
0,2,1,True,RMS 검출,0.790088603633943,0.4539107191632413,0.2961086554558099,31.794114282694448
0,3,1,True,RMS 검출,0.6804797841487817,0.436704311267138,0.2193251467768177,57.66268822651092
1,4,1,True,RMS 검출,0.2765692049532687,0.2059421833485388,0.2116205291473671,34.570698
1,5,1,True,RMS 검출,0.2636790140267868,0.2366087576062487,0.0820414258359816,55.41630100936152
1,6,1,True,RMS 검출,0.2203561418122866,0.1770934311762113,0.0415676683689933,98.4253137300778
1,7,1,True,RMS 검출,0.1836996505388219,0.1576334338727428,-0.0168817908696857,112.81981602804127
1,8,1,True,RMS 검출,0.1576727044093246,0.1593490381917385,-0.0749001630941869,112.4315028575415
1,9,1,True,RMS 검출,0.1417320349925704,0.1575457625296891,-0.0928851884253075,103.47317343862044
1,10,1,True,RMS 검출,0.1257037409100593,0.1310213162344503,-0.1062595331719656,118.81782488350636
1,11,1,True,RMS 검출,0.1346565760119438,0.1185270865049367,-0.0539308286976916,117.43855995135816
1,12,1,True,RMS 검출,0.2404280891971652,0.1166142314271839,0.1643246317757209,115.99363992131352
1,13,1,True,RMS 검출,0.3672361210104132,0.1188502644098701,0.3322443452361214,111.64382430739246
1,14,1,True,RMS 검출,0.3891540621457261,0.104285998666855,0.3753382330236485,115.42883609514791
1,15,1,True,RMS 검출,0.3794984249489144,0.1221989719499462,0.3309334143418718,114.76209713874202
1,16,1,True,RMS 검출,0.4416653760416423,0.2009853920744163,0.2690614362346492,105.13016939708112
1,17,1,True,RMS 검출,0.5377809740895688,0.2171207725489246,0.3420841532641372,94.17836595642116
1,18,1,True,RMS 검출,0.5759723132370048,0.2224242508840044,0.3722612013215342,87.61762009163826
1,19,1,True,RMS 검출,0.5776591795238237,0.2395596620955362,0.3492114366958564,87.09053329373575
1,20,1,True,RMS 검출,0.5937792423873423,0.2742914736913556,0.3465847130730615,64.5559918722434
1,21,1,True,RMS 검출,0.6382786137887079,0.2978650550876531,0.3580806928201531,55.05095376185552
1,22,1,True,RMS 검출,0.6348944307652601,0.2796515099572036,0.3535204709377122,72.97420734544525
1,23,1,True,RMS 검출,0.5647148840449369,0.2734177272493838,0.2980742561323452,83.56053528920465
1,24,1,True,RMS 검출,0.5569218367097905,0.3282031620793048,0.223653434434229,81.97405936062584
1,25,1,True,RMS 검출,0.630261373722847,0.3192080151045896,0.287889653483418,81.72665087711843
1,26,1,True,RMS 검출,0.594771955747369,0.2604319630657921,0.3136023553804019,99.37509568945904
1,27,1,True,RMS 검출,0.5284391112906233,0.2579803251372788,0.2458827004528699,114.7014058322361
1,28,1,True,RMS 검출,0.4968068780423844,0.2469885611958857,0.2302323665752858,117.80207695272414
1,29,1,True,RMS 검출,0.4994114466931462,0.2289852816259439,0.2567722509445231,118.01901721894524
1,30,1,True,RMS 검출,0.4897103099798377,0.2156338822655469,0.2641498197727061,120.28921724594116
1,31,1,True,RMS 검출,0.4324593609409037,0.1956783234299509,0.2327693273546049,126.57816581314502
1,32,1,True,RMS 검출,0.3781125086243228,0.2057100320145073,0.1786384055267364,116.45290803682391
1,33,1,True,RMS 검출,0.3620330094038952,0.2055042814773717,0.1635397784872956,114.91925319617565
1,34,1,True,RMS 검출,0.3379721655809757,0.1510898686356573,0.2311119449826734,114.10018150005268
1,35,1,True,RMS 검출,0.1930686722787696,0.1438058372116598,0.0216986663761555,116.73750287014433
1,36,1,True,RMS 검출,0.1552534287917618,0.147678360583593,-0.03664416444487,101.6492637830694
1,37,1,True,RMS 검출,0.087992420130983,0.1297239673799575,-0.1562658546103923,88.71367087602883
1,38,1,False,RMS 미검출,0.0556654550130991,0.1478047369590395,-0.3126315645370063,85.67492341362299
1,39,1,False,RMS 미검출,0.0331536761330509,0.1512759963479366,-0.4199007364418463,88.06574748859876
1,40,1,False,RMS 미검출,0.0268184798098128,0.1580994634318509,-0.4617120166883429,87.76266384272294
1,41,1,False,RMS 미검출,0.00828594796569,0.1610637054304912,-0.5597104234163266,86.92884304553063
1,42,1,False,RMS 미검출,0.0194932735421969,0.1610755302482923,-0.5002641905653268,83.76606266894831
1,43,1,False,RMS 미검출,0.032610102435338,0.1656867531342964,-0.4365751271456505,73.24148158576781
1,44,1,False,RMS 미검출,0.0359168165353459,0.1415272202895087,-0.3808537483377442,81.74577554302738
1,45,1,False,RMS 미검출,0.0391317722884184,0.126917165668294,-0.3309729599009288,80.68189257682326
1,46,1,False,RMS 미검출,0.0417629855644422,0.111708569788461,-0.2857398945741543,84.0970735376301
1,47,1,False,RMS 미검출,0.0433126026578619,0.1034918548255913,-0.2567463671940336,84.48904228211792
1,48,1,False,RMS 미검출,0.042780650298449,0.091819132136852,-0.228195673676893,85.86463363452243
1,49,1,False,RMS 미검출,0.0419748213846149,0.0912316897761622,-0.226440832498513,84.19755750071505
1,50,1,False,RMS 미검출,0.0356489289410283,0.0838155850722783,-0.2403194435002606,86.42880064990766
1,51,1,False,RMS 미검출,0.0369919020103464,0.0844633950850732,-0.2398904592444794,88.31631651510024
1,52,1,False,RMS 미검출,0.0248237477330591,0.0615146628961746,-0.2665829681727371,103.50567103536804
1,53,1,False,RMS 미검출,0.0215977070527886,0.057599993163653,-0.2754064322031418,105.05106472819352
2,54,1,False,RMS 미검출,0.0618538586504975,0.0048006911298809,-0.7893618598260649,164.50884
2,55,1,False,RMS 미검출,0.0142777677931458,0.0415521173374439,-0.2999575244986694,120.6548927921322
2,56,1,False,RMS 미검출,0.0267074761607788,0.0669217537699163,-0.2626875502220998,98.75443429947288
2,57,1,False,RMS 미검출,0.037025476973042,0.070488521180843,-0.2092669719214147,94.1376181386675
2,58,1,False,RMS 미검출,0.0224397234449075,0.0495998978042845,-0.2534926039007216,108.71600893639015
2,59,1,False,RMS 미검출,0.0172339483907263,0.0482720919886102,-0.2731617203170507,106.4306108402002
2,60,1,False,RMS 미검출,0.0130927009860921,0.0526850734687666,-0.3011655961459086,101.3879956158065
2,61,1,False,RMS 미검출,0.0075165338122601,0.040367508507847,-0.3173924448164059,111.47504080947924
2,62,1,False,RMS 미검출,0.0099113289418388,0.0368811532590972,-0.2968059434283043,114.13421832588006
2,63,1,False,RMS 미검출,0.0111706374138016,0.0348938883279677,-0.2851332318229798,115.28531973221472
2,64,1,False,RMS 미검출,0.0185936187474584,0.0452101099250793,-0.2461333598597812,103.03573911141368
2,65,1,False,RMS 미검출,0.0102005285351639,0.036628729781097,-0.2727062055414235,105.29832718551286
2,66,1,False,RMS 미검출,0.0035590202410442,0.0245356931825249,-0.2835665479055249,109.89197011414468
2,67,1,True,RMS 검출,0.2284474514054806,0.0555582277291051,0.3142101593259139,111.41255863410316
2,68,1,True,RMS 검출,0.3298551957938965,0.0867054482669126,0.3928327776020269,100.75478418849444
2,69,1,True,RMS 검출,0.3842807209893642,0.0917817266536535,0.4361900460767648,100.21383874328016
2,70,1,True,RMS 검출,0.3850725486604943,0.1623481235126133,0.2940240953615456,98.23743579712034
2,71,1,True,RMS 검출,0.4254513298078035,0.239691682457649,0.2093821946026797,95.52675310734968
2,72,1,True,RMS 검출,0.50529771224885,0.2635293337841161,0.2621492852918838,85.70311698988944
2,73,1,True,RMS 검출,0.5576472175502116,0.2705834011203968,0.3021259570261081,79.98313635375487
2,74,1,True,RMS 검출,0.567548830245381,0.2835983473563189,0.2890166681820302,81.80920389307171
2,75,1,True,RMS 검출,0.5661517383597762,0.291716965611814,0.2709321320714272,86.2395071954469
2,76,1,True,RMS 검출,0.5871378174843698,0.3142698208167318,0.2657613463162063,80.34300212827279
2,77,1,True,RMS 검출,0.5712946943352792,0.3120835036784407,0.2568465771646734,80.34300212827279
2,78,1,True,RMS 검출,0.5655291164505628,0.2857551587352317,0.2659544900199434,94.96650419262194
2,79,1,True,RMS 검출,0.5460769032084039,0.2992914668337142,0.2337374986661137,95.07792118320744
2,80,1,True,RMS 검출,0.546885222337933,0.3111672613626411,0.2118799631001066,101.0428078248543
2,81,1,True,RMS 검출,0.5804793814200863,0.285428073182212,0.2758913380289272,96.01197575077286
2,82,1,True,RMS 검출,0.5929878378125706,0.2650571604479361,0.2995231740572003,104.12985653207916
2,83,1,True,RMS 검출,0.5710810110028831,0.2816409510363729,0.2621806087536192,104.50040240683929
2,84,1,True,RMS 검출,0.5579327396052959,0.2712564362579502,0.255323832276092,111.9742846564194
2,85,1,True,RMS 검출,0.5769970308245815,0.2757629415780672,0.2598437072081697,114.88153249852908
2,86,1,True,RMS 검출,0.6043388655523508,0.2669621225606796,0.2825104650457015,120.47573368220378
2,87,1,True,RMS 검출,0.6107921789741545,0.2549264557593622,0.2920069329057641,127.6892482918449
2,88,1,True,RMS 검출,0.564098505794229,0.3144897328060601,0.1987156811822778,119.24506190184808
2,89,1,True,RMS 검출,0.6214658772502626,0.3240959110010954,0.2290897598873319,119.6115532514672
2,90,1,True,RMS 검출,0.7136095776972765,0.2654402472506677,0.3487892212203397,123.05495523632104
2,91,1,True,RMS 검출,0.6861003318696555,0.2577026502008223,0.3398378083162203,124.78373085186615
2,92,1,True,RMS 검출,0.6236416773221258,0.2693834007338083,0.2949284700490632,118.6991887064384
2,93,1,True,RMS 검출,0.6055141821550037,0.2525396939641159,0.3036950843349681,118.6991887064384
2,94,1,True,RMS 검출,0.6136661570489454,0.2533225676797367,0.3196468946281071,110.51223217200928
2,95,1,True,RMS 검출,0.6022714476724712,0.2375155328612659,0.341192729881848,104.8662493957428
2,96,1,True,RMS 검출,0.5553445788657358,0.2274176170985661,0.3292875702662754,100.60587213834324
2,97,1,True,RMS 검출,0.4945293359354397,0.2242567807088486,0.2978266623263562,93.94419301173532
2,98,1,True,RMS 검출,0.4952555161920518,0.1497160690544652,0.4285411375619506,91.24302275879616
2,99,1,True,RMS 검출,0.3991457899732005,0.0944709743239427,0.4677828345454506,90.9997325614061
2,100,1,True,RMS 검출,0.2061614809392351,0.1029224866644714,0.231387456952821,82.03817727094822
3,101,1,False,RMS 미검출,0.0213336732293671,0.037783328285313,-0.2766177688865038,133.51442
3,102,1,False,RMS 미검출,0.0259198916562651,0.0336823848843965,-0.5573825605795527,126.00429001450804
3,103,1,False,RMS 미검출,0.0143542392557911,0.0277609561926458,-0.4334221122821164,111.3804531174334
3,104,1,False,RMS 미검출,0.0072932241588993,0.0290536993939664,-0.3581217128739662,99.96003973453487
3,105,1,False,RMS 미검출,0.0010581200469356,0.0297613187682108,-0.2732710339719966,92.56968939540646
3,106,1,False,RMS 미검출,0.0030502237056384,0.021293028649465,-0.2723169717041105,94.08602652074876
3,107,1,False,RMS 미검출,0.0018216214937917,0.0076186141910157,-0.2066997989973097,117.49397224649236
3,108,1,False,RMS 미검출,0.0049290756889665,0.0075617610205474,-0.2207154110517344,114.83838162143304
3,109,1,False,RMS 미검출,0.0046558010468126,0.0032541625745268,-0.2216357716296727,110.00750388363292
3,110,1,False,RMS 미검출,0.0063085944327401,0.0037362363436252,-0.2268663664515684,108.5282703925526
3,111,1,False,RMS 미검출,0.007130281256835,0.0007200501452891,-0.2425508290377207,106.7172976851634
3,112,1,False,RMS 미검출,0.0062602298244485,0.0073706219783461,-0.1736596242352257,101.53665987074857
3,113,1,False,RMS 미검출,0.0015698283217911,0.0046276502048442,-0.1238912655168586,101.36576742258984
3,114,1,False,RMS 미검출,0.000786121689473,0.0044647835716644,-0.1642236127750938,105.4776689714744
3,115,1,False,RMS 미검출,0.0056186094729628,0.0025936302868544,-0.2374864003887727,104.27918569892144
3,116,1,False,RMS 미검출,0.0064936316160056,0.0075715403997026,-0.2737010733764615,105.37117991931942
3,117,1,False,RMS 미검출,0.0074079755558188,0.0350239614096637,-0.3388726633667581,82.23454945351742
3,118,1,False,RMS 미검출,0.0166536175617438,0.0018207599520157,-0.3569852555196359,112.10429289129102
3,119,1,False,RMS 미검출,0.0162056388373989,0.0031918214608281,-0.3556078970428213,110.8550389700483
3,120,1,False,RMS 미검출,0.0139842401826189,0.0042041149354743,-0.3398569729858628,110.8550389700483
3,121,1,False,RMS 미검출,0.0143747393963226,0.000926039051748,-0.3352162106001167,113.17352376086434
3,122,1,False,RMS 미검출,0.0140658453929968,0.0012451018658088,-0.3299996063350414,111.79392352399236
3,123,1,False,RMS 미검출,0.0290397099618197,0.006218044564461,-0.4983621820885198,111.94889829482808
3,124,1,False,RMS 미검출,0.0312204703612257,0.0148830515168368,-0.5483108148632202,107.0689366718296
3,125,1,False,RMS 미검출,0.0317336871957124,0.0096842533188814,-0.5377395262959346,108.81987880742838
3,126,1,False,RMS 미검출,0.0281280715032406,0.0139546354670715,-0.5066791031448895,102.9060115646661
3,127,1,False,RMS 미검출,0.0315354652437787,0.0141310140634326,-0.5482277462653681,104.99423284403932
3,128,1,False,RMS 미검출,0.0197153269975028,0.0581913551145629,-0.5394968240388367,69.12083928607309
3,129,1,False,RMS 미검출,0.0281197741493488,0.0424636483200797,-0.5931984059573595,84.36027149209838
3,130,1,False,RMS 미검출,0.0329433037036459,0.0543900540426565,-0.6889513124790897,79.15892590050478
3,131,1,False,RMS 미검출,0.0216453823385833,0.0752441274347088,-0.6136131556383042,66.9463984894943
4,132,1,True,RMS 검출,0.10436608807248,0.1295015944431979,0.0312798543199713,40.53116300000001
4,133,1,False,RMS 미검출,0.0605306357115296,0.0861781070960178,-0.0228237932708652,54.50486098210075
4,134,1,False,RMS 미검출,0.0372946741373318,0.0707301789646498,-0.1226950263811436,66.60447590611525
4,135,1,True,RMS 검출,0.1559144684690643,0.0437370105961316,0.3182443715460782,86.87978599600206
4,136,1,True,RMS 검출,0.2332654164502658,0.0100864457484717,0.4273032333751255,139.80562918958796
4,137,1,True,RMS 검출,0.4404837378938829,0.0049763366164193,0.6111538795325605,128.07281477524748
4,138,1,True,RMS 검출,0.5277377665061596,0.0129690479697348,0.6644026967845081,119.2416553405461
4,139,1,True,RMS 검출,0.5004779179455089,0.0960319668272407,0.4838976674874985,114.27861034189
4,140,1,True,RMS 검출,0.5032611184481336,0.1497460512308129,0.3747019786122203,121.44016076460711
4,141,1,True,RMS 검출,0.593142535095528,0.1401298585464321,0.4320179603336398,132.0164323977022
4,142,1,True,RMS 검출,0.6797488661207656,0.1294266675009361,0.4853026564013802,138.47842397508077
4,143,1,True,RMS 검출,0.6916337541878861,0.1313424045867413,0.4613550534834537,155.04772864156385
4,144,1,True,RMS 검출,0.6895596412387036,0.1401306625423164,0.4359860490967073,162.92122351457286
4,145,1,True,RMS 검출,0.6966661992567357,0.1500133196022676,0.42561243670541,163.6066809449964
4,146,1,True,RMS 검출,0.7300395276715947,0.1623850420038272,0.4361761351757669,157.22844041018948
4,147,1,True,RMS 검출,0.736817761043775,0.155530957206224,0.4414394334399085,161.92204621941133
4,148,1,True,RMS 검출,0.6928556093194258,0.1535215227346254,0.4049008982287367,173.27227076391054
4,149,1,True,RMS 검출,0.7051608163590238,0.1765646611979094,0.3753171852698507,178.89857387283573
5,150,1,True,RMS 검출,1.1966992038328648,0.2544069241174475,0.5125432111260175,158.54837
5,151,1,True,RMS 검출,1.096554378679928,0.1569584008719849,0.583205647943337,155.01335417171208
5,152,1,True,RMS 검출,0.890648313748225,0.2096453825026212,0.471163857250602,143.0958597787391
6,153,1,True,RMS 검출,0.4474847243589082,0.0038750328385399,0.3178792738621947,267.02884
6,154,1,True,RMS 검출,0.8064189718064633,0.036958953837092,0.5447990032462011,215.81823115478127
6,155,1,True,RMS 검출,0.8755093148655485,0.0054136027474384,0.6340573488883249,210.7634879672901
6,156,1,True,RMS 검출,0.804122106998389,0.0061736982676451,0.6398743268106227,184.48674910363147
6,157,1,True,RMS 검출,0.7179445182021188,0.0121983452930585,0.6371509174020772,165.01340959004787
6,158,1,True,RMS 검출,0.6566337530047672,0.0153542243086076,0.6379016176070688,150.68625032082838
6,159,1,True,RMS 검출,0.6132701856687002,0.0262372688966091,0.6233571275720323,139.86007382674313
6,160,1,True,RMS 검출,0.5796319265290834,0.0409931713188538,0.599046324562455,131.15529311516582
6,161,1,True,RMS 검출,0.5472391098507228,0.0499971366765063,0.5705709438792704,128.50359976650745
6,162,1,True,RMS 검출,0.5249908427239822,0.061347621817263,0.5502229196532821,122.11944495739016
6,163,1,True,RMS 검출,0.5171279114023464,0.0929029916768227,0.5627916828878691,88.27125039734534
6,164,1,True,RMS 검출,0.3985392068700326,0.1159474496543009,0.4597752661765357,75.09145383078264
6,165,1,True,RMS 검출,0.2573392050165639,0.1826961373876623,0.2222899687086774,40.64320618275384
6,166,1,True,RMS 검출,0.2021751847714959,0.2085675496217337,0.068359509094282,36.941423405990825
6,167,1,True,RMS 검출,0.2093055569442314,0.2320785642216262,0.0296856867353976,37.16578354003312
6,168,1,True,RMS 검출,0.2027649205130575,0.2319668809253766,0.0163157231510891,37.31841571312459
6,169,1,True,RMS 검출,0.1865541199854317,0.2230138017078756,-0.0082473890039975,41.8779423316778
6,170,1,True,RMS 검출,0.1671269779819638,0.2131625260041447,-0.0363161604742468,44.41566592656028
6,171,1,True,RMS 검출,0.1555105041213907,0.1944437406580623,-0.0384301459824047,52.14504474767864
6,172,1,True,RMS 검출,0.132835165233623,0.1869258420188587,-0.0814612837821294,52.5035461296954
6,173,1,True,RMS 검출,0.1029297541932396,0.1757528009496618,-0.1467852754925583,53.19193501124135
6,174,1,False,RMS 미검출,0.081152372279502,0.160237505226835,-0.1849076053371654,53.27735822400651
6,175,1,False,RMS 미검출,0.0556619315539809,0.1337409319807765,-0.2255487706040885,56.42769684215057
6,176,1,False,RMS 미검출,0.0315506897480694,0.1014962137528557,-0.2490869704268823,56.92415981082231
6,177,1,False,RMS 미검출,0.0111417265821009,0.0520741431036456,-0.3899408244455172,56.78418626843476
6,178,1,False,RMS 미검출,0.0076123943683861,0.0600232720101052,-0.3890530377834129,56.615008195804926
6,179,1,False,RMS 미검출,0.0099987898740192,0.0595385469223339,-0.4204368484672565,59.611804953759055
6,180,1,False,RMS 미검출,0.0024470478211105,0.066470414214484,-0.3669422245157119,57.158344860361595
6,181,1,False,RMS 미검출,0.0030606377076461,0.0883614587156552,-0.4407719781420887,45.36693283774307
6,182,1,False,RMS 미검출,0.00428051782226,0.088059369387403,-0.4558356840130659,47.64496292397658
6,183,1,False,RMS 미검출,0.0611021577853709,0.0882767066503366,-0.0041875902891511,48.60319905026652
6,184,1,False,RMS 미검출,0.0613838815507109,0.1133346990512053,-0.1086992874365663,48.509545543437504
6,185,1,True,RMS 검출,0.4361174513515357,0.1870006588735226,0.3160191741206282,89.52134685139754
6,186,1,True,RMS 검출,0.6238578146435606,0.167200092598679,0.4031569483810159,136.47773366909308
6,187,1,True,RMS 검출,0.7141977007182052,0.1499285547421885,0.4553805636232622,149.979328180233
6,188,1,True,RMS 검출,0.7116655878067999,0.1737337362472698,0.4098266940785642,158.99008852891436
6,189,1,True,RMS 검출,0.7321777847728652,0.1573844189035809,0.4055654239026391,184.08093677687677
6,190,1,True,RMS 검출,0.7879734255114269,0.1501980773086661,0.4300977490951916,192.3467147670001
6,191,1,True,RMS 검출,0.8476044164009409,0.1380084930399427,0.45623867607394,203.16427220745584
6,192,1,True,RMS 검출,0.8590625381435084,0.1160407213386086,0.4653509558395221,218.89665341940872
6,193,1,True,RMS 검출,0.8685781928443468,0.1148273449168233,0.4703123373248973,219.09911145265875
6,194,1,True,RMS 검출,0.8688315690687571,0.1110857283363234,0.4697673715335806,222.84711851338724
6,195,1,True,RMS 검출,0.7458256080546171,0.0663269853058577,0.4897985340380072,209.83207876872743
6,196,1,True,RMS 검출,0.6052243869175389,0.0868524164601654,0.4324072343719508,182.66778840829951
6,197,1,True,RMS 검출,0.5096819463429912,0.0892597632307147,0.3583075976956482,187.2694304826356
6,198,1,True,RMS 검출,0.5532416553158446,0.1188789601615359,0.3387684771112335,191.5371150958432
6,199,1,True,RMS 검출,0.5964035413266848,0.1176040978441847,0.3776735883481125,185.89963664525965
6,200,1,True,RMS 검출,0.5357584238181247,0.0775264931533484,0.3439839542675388,217.70177819359023
6,201,1,True,RMS 검출,0.4372062446091411,0.0916515396850494,0.2421617559480189,220.5127242137388
6,202,1,True,RMS 검출,0.4211622518216515,0.1231593430635463,0.1994313338045434,209.62168817489496
7,203,1,True,RMS 검출,0.4329427699164372,0.0311752465814497,0.4014492581098096,240.80279
7,204,1,True,RMS 검출,0.5079225325542431,0.0265049712964987,0.4291815938469018,249.90347519366372
7,205,1,True,RMS 검출,0.5293894361710132,0.1127269857089784,0.5260610362492986,282.5612553820714
7,206,1,True,RMS 검출,0.4449917460531759,0.0314966269463451,0.345368180943705,275.1321273587172
7,207,1,True,RMS 검출,0.4903859562750308,0.0371384140605192,0.2912029181676999,267.14323381736364
7,208,1,True,RMS 검출,0.5709546744760988,0.0372920605669447,0.3596892606281713,258.7963225496538
7,209,1,True,RMS 검출,0.5424927957026348,0.0043085605805482,0.3640301069579271,273.56169716944095
7,210,1,True,RMS 검출,0.4972984988374954,0.0039099160998961,0.3183628009742867,283.0427156345099
7,211,1,True,RMS 검출,0.480713581848298,0.0062403321998654,0.2961435686473432,287.3197010733145
7,212,1,True,RMS 검출,0.4871472819736903,0.026968082425594,0.2842023667794442,279.4986619456982
7,213,1,True,RMS 검출,0.4870604365619193,0.0141886487049124,0.2940500079520944,284.5888368600731
7,214,1,True,RMS 검출,0.4615694188970078,0.0194498187901013,0.2853101673101672,272.6045962689921
7,215,1,True,RMS 검출,0.4238360141106129,0.0522107838586978,0.2392369834490036,251.557617323644
7,216,1,True,RMS 검출,0.4287492476484311,0.0439121944979984,0.2754546175450924,239.30803706228912
7,217,1,True,RMS 검출,0.3769546951778272,0.0208116415407194,0.2853280149716621,228.1882177162125
7,218,1,True,RMS 검출,0.2690103224703426,0.0278963701101378,0.1683118211949054,219.11856827130063
7,219,1,True,RMS 검출,0.2505368965680439,0.0705822130023177,0.1203971544070118,189.3068507432334
7,220,1,True,RMS 검출,0.266658351198488,0.0949164749582748,0.1629343697579235,155.70213639268556
7,221,1,True,RMS 검출,0.2530950560650363,0.1231362518671605,0.1638812850905165,118.66925463455368
7,222,1,True,RMS 검출,0.1983295574925109,0.1155709657357416,0.1249769753618683,102.8963444510226
7,223,1,True,RMS 검출,0.154837977232513,0.200345276242796,-0.0380756861881297,44.79478944891337
7,224,1,True,RMS 검출,0.1287033526923302,0.220415746769034,-0.1542755810597643,45.47018522803652
7,225,1,True,RMS 검출,0.1402271010127508,0.2451594157125556,-0.1640420664246502,40.64320539962457
7,226,1,True,RMS 검출,0.1451266444883211,0.2494758138642027,-0.1529458645753329,36.64789483631765
7,227,1,True,RMS 검출,0.1469928560277064,0.2476620270680471,-0.141324470908056,34.73678112515315
7,228,1,True,RMS 검출,0.1425777896301799,0.2502847305952772,-0.1474747379258658,28.23776288061251
7,229,1,True,RMS 검출,0.1289317812101526,0.2357525580732793,-0.1617658827039744,31.634295285339583
7,230,1,True,RMS 검출,0.1178174386219412,0.2216492850231089,-0.1692184047305439,34.12385862595172
7,231,1,True,RMS 검출,0.1058597091175212,0.2120762731685307,-0.1860380480862153,34.05090200366577
7,232,1,False,RMS 미검출,0.0910283194373646,0.2046700649839483,-0.2159502432965539,31.413404737214076
7,233,1,False,RMS 미검출,0.0777674454510544,0.1734577518446442,-0.2216650653980591,48.15672179802105
7,234,1,False,RMS 미검출,0.066928791571723,0.1431034335741108,-0.1958157505146815,53.50625557457741
7,235,1,False,RMS 미검출,0.0458609559734278,0.0921799326253853,-0.1540409365587824,63.65151663629757
7,236,1,False,RMS 미검출,0.0341134523970395,0.0822884928619245,-0.2069726390196814,72.45140925417384
7,237,1,False,RMS 미검출,0.0287559967244227,0.0735350966024971,-0.220784291467361,77.89304079026198
7,238,1,False,RMS 미검출,0.0306816271290507,0.07187535223103,-0.204275451122085,78.18440092832799
7,239,1,False,RMS 미검출,0.0312503635752946,0.0715999470831659,-0.2052878645968674,79.98135846675822
7,240,1,False,RMS 미검출,0.0304294424019373,0.0690875234646784,-0.211764524825527,83.8533863605127
7,241,1,False,RMS 미검출,0.0283609907458354,0.0663096137221591,-0.2210570260213372,86.61357809714029
7,242,1,False,RMS 미검출,0.0219577070719778,0.0682265931465668,-0.2647568151880687,86.45839109047714
8,243,1,False,RMS 미검출,0.0230361851573889,0.0910209779235284,-0.3598538764541573,104.90419
8,244,1,False,RMS 미검출,0.0020688788336306,0.0821097840981519,-0.462763917709166,111.02476692740792
8,245,1,False,RMS 미검출,0.0032348639327983,0.094034055586346,-0.4681203629559677,94.7395290367996
8,246,1,False,RMS 미검출,0.0174237031774343,0.1044451196659541,-0.3927294590597067,82.41192051689711
8,247,1,False,RMS 미검출,0.0187041429456974,0.0717513668765498,-0.333716307682666,105.28010841421838
8,248,1,False,RMS 미검출,0.0219115725759407,0.0818303258127137,-0.3291600257379009,96.81429953856863
8,249,1,False,RMS 미검출,0.0280936082021577,0.0881348872457703,-0.3000808140163884,89.6326244582073
8,250,1,False,RMS 미검출,0.0308255468921103,0.0925568560765336,-0.2868939689345455,83.88176996498296
8,251,1,False,RMS 미검출,0.0310191864088283,0.0998287222323133,-0.297638842553839,79.08848420389376
8,252,1,False,RMS 미검출,0.0301022851473118,0.1045256740683534,-0.3090902116509769,75.37102028862273
8,253,1,False,RMS 미검출,0.0283855443629696,0.106812120872062,-0.3203722718141868,72.77823269326272
8,254,1,False,RMS 미검출,0.034006664988063,0.1118497497813994,-0.2899613036452127,65.69719850429148
8,255,1,False,RMS 미검출,0.0351057005243474,0.1008080977047505,-0.271018460400065,75.4021228030147
8,256,1,False,RMS 미검출,0.0382814150527289,0.0889880498988575,-0.2381730414746767,84.32741835677137
8,257,1,False,RMS 미검출,0.0519274076725885,0.1113380571785902,-0.1986324566166945,66.568550499469
8,258,1,False,RMS 미검출,0.0516413577569514,0.1084693712580508,-0.1894629333213153,66.05852124877921
8,259,1,False,RMS 미검출,0.0460767984055136,0.1044577966650839,-0.2036024830037811,66.07572903055393
8,260,1,True,RMS 검출,0.1764822592026434,0.2293066032430226,-0.0946614839941017,70.70227355580742
8,261,1,True,RMS 검출,0.2689761999750195,0.2334573370766632,0.032782063658793,91.95975932864488
8,262,1,True,RMS 검출,0.3358052754826973,0.2232792347845451,0.1336372672887558,96.87250460816132
8,263,1,True,RMS 검출,0.3459412517880188,0.2434863456027536,0.1159934171390971,95.72143309618396
8,264,1,True,RMS 검출,0.3482047398876204,0.2626098419056842,0.0822570793665989,101.13348042327132
8,265,1,True,RMS 검출,0.3591321416334804,0.2604480822820279,0.0859292510602442,109.95273157323676
8,266,1,True,RMS 검출,0.3971537618098279,0.2699673083465482,0.1173954160289306,108.58652265334746
8,267,1,True,RMS 검출,0.447160088804705,0.2679285940913622,0.1660049386084691,111.94826202886912
9,268,1,True,RMS 검출,0.3989362483294263,0.042095365129607,0.8326370227877687,33.378605
9,269,1,True,RMS 검출,0.2684324566101745,0.3644430370683947,-0.0935484575197268,42.54953985205063
9,270,1,True,RMS 검출,0.3403322261097654,0.4219303796114887,-0.1208221002318784,106.97222563984369
9,271,1,True,RMS 검출,0.4586408478396081,0.3586159146734343,0.0630528776537377,116.31462766710094
9,272,1,True,RMS 검출,0.4581351958998528,0.3297883019888386,0.0950359974639923,115.94231056573796
9,273,1,True,RMS 검출,0.4130494399401722,0.3146686686144932,0.0561474096106915,126.13861717836755
9,274,1,True,RMS 검출,0.3872378226217204,0.3078978941455081,0.0449196242094643,118.93480747395412
9,275,1,True,RMS 검출,0.4024608212909246,0.2928218187846477,0.0782623164489981,120.20501465863862
10,276,1,True,RMS 검출,0.6568245283375677,0.030012328263118,0.498501030483627,209.80837
10,277,1,True,RMS 검출,0.599278748047102,0.0507274113585532,0.4028523693614238,230.3193424146249
10,278,1,True,RMS 검출,0.471557258502836,0.249121979236324,0.0742942576488548,227.49203755963308
10,279,1,True,RMS 검출,0.5074852477470148,0.2463105503218748,0.1373802295278889,199.16695791974945
11,280,1,True,RMS 검출,0.909873589328162,0.081208259971777,0.6981289005257231,107.28837
11,281,1,True,RMS 검출,0.769841938700571,0.082567200213185,0.6561732756872066,106.10297690643038
11,282,1,True,RMS 검출,0.6235802925756447,0.0812845966711601,0.6447222630380502,86.65731973125351
11,283,1,True,RMS 검출,0.5439897506822337,0.0740166521024962,0.6389108593105144,80.53027417987377
11,284,1,True,RMS 검출,0.4818511339859004,0.0532789098848747,0.6385145076440972,86.54628192499025
11,285,1,True,RMS 검출,0.4379762057155602,0.0580012819878143,0.616438961216186,81.36853601461765
11,286,1,True,RMS 검출,0.4044056024495833,0.0590796381717028,0.6001061656722396,78.62909899287003
11,287,1,True,RMS 검출,0.378239453597466,0.0751057584345837,0.552073030038756,73.62803130504837
11,288,1,True,RMS 검출,0.3550549125129367,0.0831146337069027,0.5230792339378247,69.58075427925527
11,289,1,True,RMS 검출,0.3358063919763142,0.0967270259638014,0.4746995147636418,66.9718668656777
11,290,1,True,RMS 검출,0.1869709017843816,0.1169145878903985,0.2292901305187851,58.33465583915782
11,291,1,False,RMS 미검출,0.0653183101944361,0.1389439115091255,-0.1796015195387287,48.97457059364723
11,292,1,False,RMS 미검출,0.0691027034830454,0.1536412691828373,-0.2063928545984183,48.99777854303262
11,293,1,False,RMS 미검출,0.0534506545784982,0.1652287101504916,-0.3008879933833411,45.53888947334694
11,294,1,False,RMS 미검출,0.0464539457404679,0.1735056893280679,-0.353326033046851,44.42686192766735
11,295,1,False,RMS 미검출,0.0496135425255059,0.1756174738536704,-0.3421958481337588,43.93796814079903
11,296,1,False,RMS 미검출,0.0437159449087233,0.1816507459235511,-0.3825740418197906,42.06923144432397
11,297,1,False,RMS 미검출,0.0376502873058951,0.1742595451848357,-0.4021565499360685,46.31400316093139
11,298,1,False,RMS 미검출,0.0405452425232448,0.1717114066508256,-0.3834727388475874,47.943782324067534
11,299,1,False,RMS 미검출,0.0425239528424711,0.1585444618729544,-0.3507813460508853,53.920306291873594
11,300,1,False,RMS 미검출,0.0465791176448859,0.150854854995995,-0.3146583782789516,55.80090584375245
11,301,1,False,RMS 미검출,0.0449313869217429,0.1399408380103153,-0.2934160741875046,55.50086105058174
11,302,1,False,RMS 미검출,0.043154050108261,0.1302495082491137,-0.2769943328943331,56.53588399270556
11,303,1,False,RMS 미검출,0.0371422794753598,0.1247050119238737,-0.2987580486343178,59.59630644502789
11,304,1,False,RMS 미검출,0.0405746267956813,0.1369711027476718,-0.2982341213734155,50.57200940722056
11,305,1,False,RMS 미검출,0.0386817188522868,0.1399175075823481,-0.3155700227305187,49.847452740129334
11,306,1,False,RMS 미검출,0.038739365575197,0.129180028493745,-0.306006099990346,61.15448971986514
11,307,1,False,RMS 미검출,0.0415379332173491,0.1344202237820095,-0.3017848328446074,58.88143286650444
11,308,1,False,RMS 미검출,0.039575945837309,0.1356030775058711,-0.3150416969719706,58.79810919325359
11,309,1,False,RMS 미검출,0.0380611446979241,0.1439422923711233,-0.3347657605735061,52.55089092488142
11,310,1,False,RMS 미검출,0.0311178817725012,0.1446097533476934,-0.3709931622434225,49.979843085363505
11,311,1,False,RMS 미검출,0.028311327143496,0.1425524205395889,-0.3854424233666534,52.43312586192873
11,312,1,False,RMS 미검출,0.0204548750085011,0.1177668188869646,-0.3922952011831027,70.15546167604757
11,313,1,False,RMS 미검출,0.0221011039428808,0.1220676670699921,-0.3899537921209119,67.47078250096068
11,314,1,False,RMS 미검출,0.0213193239376711,0.1190381929607737,-0.3892011632142192,69.25434873075805
11,315,1,False,RMS 미검출,0.0150554344636368,0.1149811029691911,-0.4238523196260219,74.79469639875992
11,316,1,False,RMS 미검출,0.0150243115671526,0.1283776986421103,-0.445765875366951,64.86344719851145
11,317,1,False,RMS 미검출,0.0081292048562881,0.1259704974533794,-0.486907930055446,67.39069790407197
11,318,1,False,RMS 미검출,0.0059434505602912,0.1249793025003948,-0.4986691978517367,66.50768247522385
11,319,1,False,RMS 미검출,0.0014766867279978,0.1181084294850862,-0.5148595398365151,67.5002626363
11,320,1,False,RMS 미검출,0.0241466295619526,0.1137592355700146,-0.3565147285158621,68.17896902348139
11,321,1,False,RMS 미검출,0.0649743849240659,0.1077512705808022,-0.1336150970730068,68.58628419196964
11,322,1,True,RMS 검출,0.1449600637421246,0.1306074521440481,0.0896727628919345,58.23225017321341
11,323,1,True,RMS 검출,0.3092728020226841,0.1166277505167843,0.3810478689439989,70.19899832249665
11,324,1,True,RMS 검출,0.4274998632080271,0.1097513574378601,0.5135057987729492,69.59414309025642
11,325,1,True,RMS 검출,0.4357771977533324,0.1892802113240971,0.3513640506770057,69.75832734007311
11,326,1,True,RMS 검출,0.459194519040618,0.2682520498323127,0.2352813599992166,72.6746696730041
11,327,1,True,RMS 검출,0.5511371711008004,0.2793782546733173,0.3003855681860996,69.90891432733906
11,328,1,True,RMS 검출,0.6169108816174939,0.2791020436819504,0.3465006339328307,70.37489785400241
11,329,1,True,RMS 검출,0.6328768832226407,0.2981094104151527,0.3263656144264347,74.12767770137847
12,330,1,False,RMS 미검출,0.0158681924677898,0.1937541215253688,-0.71230978570323,121.59349
12,331,1,True,RMS 검출,0.2054684335110103,0.1886138025062622,-0.0035801495551269,96.1280942622268
12,332,1,True,RMS 검출,0.5148408132480583,0.1305515830264214,0.3924587325222422,133.5534428735144
12,333,1,True,RMS 검출,0.6980774179516694,0.1162168577493522,0.5498978243815816,118.33887962289032
12,334,1,True,RMS 검출,0.6893743970026802,0.1687537054456745,0.4804167922386739,110.26957364788576
12,335,1,True,RMS 검출,0.6332839675251176,0.2695342804285222,0.3097306329029114,112.23626209386208
12,336,1,True,RMS 검출,0.7108078592922978,0.26485307022029,0.3639613084664694,110.90035525694265
12,337,1,True,RMS 검출,0.7651561625696636,0.2539344899985865,0.4151769252943985,104.11467261251336
12,338,1,True,RMS 검출,0.732847717464917,0.2615732851828556,0.3883290547399338,104.74677976627484
12,339,1,True,RMS 검출,0.6968423950356778,0.2639109465247694,0.3721371557456129,100.01298318855908
12,340,1,True,RMS 검출,0.7647079744729832,0.2637836850701835,0.4142946177267826,95.92016516974223
12,341,1,True,RMS 검출,0.8647575453265451,0.262519196106114,0.4636716463537655,94.74477743577732
12,342,1,True,RMS 검출,0.8292864240331209,0.2795632788141636,0.4528472771692002,76.44189127632356
12,343,1,True,RMS 검출,0.751870987403703,0.2812629341621896,0.4133447260539142,76.52085971160822
12,344,1,True,RMS 검출,0.7211476735178278,0.2609127383184322,0.4268642712541312,74.08644838359676
12,345,1,True,RMS 검출,0.7193417311127757,0.1887270640511542,0.5472757445940578,63.326962291407426
12,346,1,True,RMS 검출,0.6350073337092998,0.1779348232171415,0.5392480406699562,55.413736927154986
12,347,1,True,RMS 검출,0.5363049736361579,0.1796339538327766,0.478284182600622,55.36113969689263
12,348,1,True,RMS 검출,0.5212105703992005,0.1542123742656628,0.5372778598230866,47.39525662450331
12,349,1,True,RMS 검출,0.5203194968662591,0.1433605903643883,0.563276621752667,46.032391452405555
12,350,1,True,RMS 검출,0.4236313954734715,0.1531730349962182,0.4943457101127153,38.008891581018695
12,351,1,True,RMS 검출,0.1337714421661143,0.1587646505060216,0.0199074653510976,42.754446313036766
12,352,1,True,RMS 검출,0.0966394417392202,0.1467804318954482,-0.1140338817505473,62.72494037317757
12,353,1,True,RMS 검출,0.1155338984841329,0.1653913529260328,-0.0971694941160418,60.73594085701261
12,354,1,True,RMS 검출,0.1167092756366039,0.1673787594168023,-0.0967493911903017,59.907864082682735
12,355,1,True,RMS 검출,0.1151912900700732,0.1667622238758139,-0.1086965167586907,64.03548287467707
12,356,1,True,RMS 검출,0.1089076304065249,0.1668302827720265,-0.1264695511935,63.21466016953914
12,357,1,True,RMS 검출,0.1002144323648739,0.1534264800885001,-0.1398455774411793,72.07580279686266
12,358,1,True,RMS 검출,0.0984381313246832,0.1446875790233608,-0.1295790901571086,74.75858705666884
12,359,1,True,RMS 검출,0.0886304511857633,0.1327772784989659,-0.1323230752977098,74.997717982862
12,360,1,False,RMS 미검출,0.0780023286809393,0.1200052950968003,-0.1354573014307029,74.98350534527707
12,361,1,False,RMS 미검출,0.0654267666139803,0.1067626965550851,-0.1399767450777118,72.7938516307954
12,362,1,False,RMS 미검출,0.0507655051719897,0.111887735455398,-0.1854160294035848,58.66745197371686
12,363,1,False,RMS 미검출,0.0176765678710398,0.0879787149947161,-0.2934169143708596,58.54014452674587
12,364,1,False,RMS 미검출,0.019255367504489,0.0871894452997965,-0.288165070299006,61.88559080081158
12,365,1,False,RMS 미검출,0.0186518491676605,0.0871824430482711,-0.2829436320315623,58.369969369725126
12,366,1,False,RMS 미검출,0.0161347044944957,0.0793799619491096,-0.2866824300173445,64.47779956262711
12,367,1,False,RMS 미검출,0.0133816044112596,0.0748618549691834,-0.2944353341695903,66.6240319119183
12,368,1,False,RMS 미검출,0.0076942668264245,0.0830713820669769,-0.3544416361883171,60.51325484440656
12,369,1,False,RMS 미검출,0.0031007927984091,0.0819958891679554,-0.3879364647785873,60.476843881701235
12,370,1,False,RMS 미검출,0.0035604559628578,0.0796711452588231,-0.4382103564242134,60.48036848147952
12,371,1,False,RMS 미검출,0.0047958605167076,0.0734190427040731,-0.3518055587337885,65.37193091182348
13,372,1,True,RMS 검출,0.1465682611916913,0.1580860855378569,0.046358204338283,46.491628000000006
13,373,1,True,RMS 검출,0.089618615890928,0.05461646462679,0.0356253279750669,102.36046966622511
13,374,1,True,RMS 검출,0.6374726107829264,0.2477526279867086,0.3356782651458522,115.10747373226232
13,375,1,True,RMS 검출,0.9868711998723024,0.2298642232696925,0.4946964543560945,135.9142908356281
13,376,1,True,RMS 검출,1.1464655807905175,0.2063402194334074,0.5821042731812608,125.30593409060288
13,377,1,True,RMS 검출,1.0718618429916045,0.2214257278458053,0.5509049376904204,120.36991829361374
13,378,1,True,RMS 검출,0.9942351661983004,0.2231503103472323,0.5269982223810866,117.98538273875133
13,379,1,True,RMS 검출,1.0060006096675052,0.2105038708104507,0.5502672972275862,113.92053593365104
13,380,1,True,RMS 검출,1.022547914042304,0.203501981336151,0.5611225138543172,115.66169703535525
13,381,1,True,RMS 검출,1.0237685764016875,0.1942668634747684,0.5760409147077699,112.5956960674339
13,382,1,True,RMS 검출,1.0205578373859725,0.1891151712480481,0.574200529244674,117.58594512866898
13,383,1,True,RMS 검출,1.0224646991949704,0.1975041547947856,0.5746987383386599,110.55401713936872
13,384,1,True,RMS 검출,0.96083196147734,0.1382672429428478,0.6270773906524588,111.15396653799326
13,385,1,True,RMS 검출,0.8068522876716382,0.1467382685146168,0.5835620990992267,99.02340257095032
13,386,1,True,RMS 검출,0.7004675134364137,0.2111928592313744,0.4481458008001768,96.69998345109356
13,387,1,True,RMS 검출,0.7564139462355427,0.1958790831859219,0.499748814716003,94.88416616109134
13,388,1,True,RMS 검출,0.7818583004195994,0.1816780637033561,0.5283112606634175,96.37981883941072
13,389,1,True,RMS 검출,0.6981529555486279,0.1993272251651406,0.4494066096595113,105.48575229451605
13,390,1,True,RMS 검출,0.6119600133503924,0.2001418901194163,0.400760280868048,104.35887656892798
13,391,1,True,RMS 검출,0.5897463795966684,0.2023198283861775,0.3835276682926783,104.26828214847136
13,392,1,True,RMS 검출,0.653471675696352,0.2084641881228893,0.4148100363629519,103.7436037447516
13,393,1,True,RMS 검출,0.6857991883151163,0.1974010069348648,0.4355118298141904,111.8034555618745
13,394,1,True,RMS 검출,0.6780087329928335,0.2561436751903474,0.360431229317926,107.53247352621612
13,395,1,True,RMS 검출,0.7259439586272032,0.2855955009041326,0.3485608081551117,110.48200812814366
13,396,1,True,RMS 검출,0.7007978505665595,0.2410160487384085,0.3868841037009411,111.47503995905394
13,397,1,True,RMS 검출,0.6245751489975955,0.2443854261397773,0.3249989954485175,119.87797958848394
13,398,1,True,RMS 검출,0.586504655253277,0.2484766753878711,0.2910215278407756,122.11886202153184
13,399,1,True,RMS 검출,0.623272590548646,0.2392208431015965,0.3329493654702983,118.33707664158084
14,400,1,True,RMS 검출,0.7607838779811981,0.1114179261369708,0.5846471119660399,118.01721
14,401,1,True,RMS 검출,0.5404393453805141,0.1733972998692493,0.4273099206952241,86.95744653677254
14,402,1,True,RMS 검출,0.4345372293182564,0.1474739352722363,0.4021883051575938,83.19351846158574
14,403,1,True,RMS 검출,0.3817172662743208,0.1428217331809467,0.3859018063937107,73.82319435106552
14,404,1,True,RMS 검출,0.3312886627433716,0.1108010165966364,0.3638153340268912,90.46721627967212
14,405,1,True,RMS 검출,0.2989978775078137,0.1015204198813744,0.3626575185521658,85.69399501325633
14,406,1,True,RMS 검출,0.2784405486018866,0.098677897690356,0.3630257698693784,79.52124696471778
14,407,1,True,RMS 검출,0.2581828424787287,0.0886978261120803,0.3613047909440846,80.4971795773311
14,408,1,True,RMS 검출,0.2429774404484075,0.0848803289805787,0.3633388010365946,76.95132603974717
14,409,1,True,RMS 검출,0.2292951960532041,0.0828817873583737,0.3628191078688332,73.16674292345459
14,410,1,False,RMS 미검출,0.0542700792972535,0.075598620041324,-0.0435262887871569,63.69169086563206
14,411,1,False,RMS 미검출,0.0480574477742475,0.037278624899481,0.1164468508527108,66.32366807649512
14,412,1,False,RMS 미검출,0.0519430527191566,0.0333700373796303,0.1909855578872474,62.183393497345
14,413,1,False,RMS 미검출,0.0330859369796579,0.0171644686873959,0.2013880528928348,64.2868702896053
14,414,1,False,RMS 미검출,0.0355076265620665,0.0128041052905202,0.3828201330454183,53.2880255029222
15,415,1,False,RMS 미검출,0.0199674277062125,0.0926207799639493,0.9107839611531718,109.67256
15,416,1,False,RMS 미검출,0.0228097829025477,0.0426499128311216,0.3854604598857833,79.36152957477861
15,417,1,False,RMS 미검출,0.0215221907243719,0.0251743707488381,0.3566186734555334,65.09381101218325
15,418,1,False,RMS 미검출,0.0240451977968187,0.0226886169255381,0.136030690193125,68.4026683981621
15,419,1,False,RMS 미검출,0.0264802232480742,0.034905872156303,0.1470705593502568,78.0816400280842
15,420,1,False,RMS 미검출,0.0194932511178199,0.0275384305171317,0.2584118821189233,71.29341054120137
15,421,1,False,RMS 미검출,0.0174742345802769,0.0236591808069127,0.3002873543359241,67.28578228059868
15,422,1,False,RMS 미검출,0.0169140859310495,0.019668927588584,0.2945510161265011,64.11588009221282
15,423,1,False,RMS 미검출,0.0178290591624747,0.0128558129473211,0.1654887191635983,62.118610397800815
15,424,1,False,RMS 미검출,0.0191918579571452,0.0147041527963856,0.1647602273911024,62.98832867658661
15,425,1,False,RMS 미검출,0.0229640785884229,0.0198935684137764,0.0855163815426954,68.62978217818815
15,426,1,False,RMS 미검출,0.0215727767454982,0.0136552918337595,-0.0299460612788589,69.86112869549525
15,427,1,False,RMS 미검출,0.018770744363553,0.0138285974926224,0.0006546797654124,71.08613948056592
15,428,1,False,RMS 미검출,0.0066423025277408,0.0159863361931176,0.1570070008520432,73.38395517778652
15,429,1,False,RMS 미검출,0.0044878651148963,0.0043483671928471,0.1844513216847719,67.87920627553012
15,430,1,False,RMS 미검출,0.0089208617396079,0.0047902034319075,0.2058436030273599,69.5246819608201
15,431,1,False,RMS 미검출,0.0105803022325959,0.0064028762173487,0.2089983058123343,71.83189120739392
15,432,1,False,RMS 미검출,0.013875803089803,0.0073042913021315,0.1614303269956788,79.01338063964555
15,433,1,False,RMS 미검출,0.0123995591408019,0.0144885363496715,0.1067363719395129,90.60299232487688
15,434,1,False,RMS 미검출,0.0352554219579339,0.006198320610348,0.198882538180613,88.09236875218502
15,435,1,False,RMS 미검출,0.0459503122738708,0.0032449421958297,0.1650264900802793,90.64532975402838
15,436,1,False,RMS 미검출,0.0581108692051999,0.0056067329438507,0.1744982565217922,95.2093579069622
15,437,1,False,RMS 미검출,0.060471077196174,0.0159848217986323,0.1306210462765072,94.36453498934765
15,438,1,False,RMS 미검출,0.0605148221461155,0.0113240665902538,0.1199009880327203,100.95908900157517
15,439,1,False,RMS 미검출,0.0581676056029168,0.0147949369853811,0.0732735741504481,104.86353841789176
15,440,1,False,RMS 미검출,0.0584052951089956,0.0219262898191078,0.0400058416072428,105.09096141743976
15,441,1,False,RMS 미검출,0.0590689824990602,0.0279404137178969,0.0099681391059417,106.66135315333165
15,442,1,False,RMS 미검출,0.0627628830280777,0.0332642846046186,0.0159256241909817,103.3703444071279
15,443,1,False,RMS 미검출,0.0670152454970369,0.0421681071875394,0.021077056821066,97.0688783365458
15,444,1,False,RMS 미검출,0.0518694418358625,0.0371420091306154,-0.0395657970953328,101.64576753160917
15,445,1,False,RMS 미검출,0.0439753546907068,0.0439439546657237,-0.0968569484747299,99.88288455450054
15,446,1,False,RMS 미검출,0.0296139702683174,0.057738837522481,-0.207346808327344,95.2630771854186
15,447,1,False,RMS 미검출,0.0140423589028339,0.0062352467872561,-0.2077906418368393,131.02832522718825
15,448,1,False,RMS 미검출,0.0337755595991322,0.032197400617617,-0.219899642456487,141.69719591034385
15,449,1,True,RMS 검출,0.1758074719916754,0.0882628200830216,0.0151361015987609,160.67362392195668
15,450,1,True,RMS 검출,0.3582137968939854,0.1112624464721028,0.2175504971017564,170.68549479031395
15,451,1,True,RMS 검출,0.4075764563411325,0.0614283421639318,0.2838744873491762,207.360464441628
15,452,1,True,RMS 검출,0.4055464647116003,0.0444644688477193,0.2678431801858913,231.06410484051625
15,453,1,True,RMS 검출,0.4050354399127955,0.0498579361875625,0.2385205723692161,243.42820087584488
15,454,1,True,RMS 검출,0.4242150543749174,0.0483336487407037,0.2368637435558687,256.93712025383473
15,455,1,True,RMS 검출,0.466224994362044,0.0360487249297313,0.2715049731873168,268.74547196727355
15,456,1,True,RMS 검출,0.4932195456740733,0.0231070494859507,0.2933717241314666,279.95867870604434
15,457,1,True,RMS 검출,0.5010152059097648,0.0083747882979105,0.3017046146529449,291.6942292182151
15,458,1,True,RMS 검출,0.4937304795671614,0.005189274158012,0.2809421266123082,305.10409671201444
15,459,1,True,RMS 검출,0.4837671267248701,0.0088019464053724,0.2611419627089744,310.4103592935735
15,460,1,True,RMS 검출,0.4302570113767122,0.0255059604402486,0.2388741314060378,328.006082709951
15,461,1,True,RMS 검출,0.4076058715936208,0.0100200374884201,0.2078429186296846,321.4104776867098
15,462,1,True,RMS 검출,0.4014293490035234,0.0030574964312388,0.1846503589892883,321.5331479452774
15,463,1,True,RMS 검출,0.4011885228080558,0.0057730869847654,0.1865742026496588,328.4068095590007
15,464,1,True,RMS 검출,0.4093987922419798,0.0078888186292493,0.1894149885223006,333.7021652800735
16,465,1,True,RMS 검출,0.5053705545604275,0.3068948036006081,0.5532034157313943,429.15349
16,466,1,True,RMS 검출,0.3719768799187063,0.1564738747448817,0.2883466873752724,386.5176666600871
16,467,1,True,RMS 검출,0.3171955851754247,0.0337571176288803,0.0109078052317891,364.8479875881091
16,468,1,True,RMS 검출,0.361716927959571,0.0155762690038149,0.0882009655939202,355.4061996417757
16,469,1,True,RMS 검출,0.3203201111123457,0.0066100896098639,0.0911869343744185,327.40266079157675
16,470,1,True,RMS 검출,0.2942752301701999,0.0010220761166715,0.0987721554835588,306.01247260397054
16,471,1,True,RMS 검출,0.2772410786348266,0.0050482638052373,0.1024593023673978,285.71143816978514
16,472,1,True,RMS 검출,0.2541200492885181,0.0049419938853151,0.0988854483691556,279.1191082383069
16,473,1,True,RMS 검출,0.2355449516524215,0.0089703720873158,0.0938169890326564,270.9150723561509
16,474,1,True,RMS 검출,0.2199175490559515,0.0138935475180295,0.0887798842474557,265.72312596446494
16,475,1,True,RMS 검출,0.1536885015977717,0.0240906472370742,-0.0378705655348738,234.38683344995164
16,476,1,True,RMS 검출,0.1396200532096358,0.0282222215790693,-0.0506954628267401,220.7124118581637
16,477,1,True,RMS 검출,0.1240624142880166,0.0528186224516285,0.128725974006014,210.17617814151615
16,478,1,False,RMS 미검출,0.0210060038898928,0.0369149976807405,-0.1685366552315254,183.51806661931977
16,479,1,False,RMS 미검출,0.0155516547253251,0.0171075461597303,-0.2534587845391697,184.2136692171896
16,480,1,False,RMS 미검출,0.0053315441206498,0.0289067822570962,-0.3430152458247537,194.87166339898107
16,481,1,False,RMS 미검출,0.0388661164606638,0.0518185485476698,-0.5020569543137873,209.51726065203437
16,482,1,False,RMS 미검출,0.0364042347267052,0.0433503578567075,-0.4983861639963944,200.6246891304394
16,483,1,False,RMS 미검출,0.0347378191898416,0.0417421902962693,-0.4879250385840847,196.73797297293711
16,484,1,False,RMS 미검출,0.0369582593676334,0.0378837573005791,-0.508026437010452,190.8104946645276
16,485,1,False,RMS 미검출,0.0370521172856134,0.0454642381907574,-0.4901909069618191,190.5030321742871
16,486,1,False,RMS 미검출,0.0401064167160086,0.0556438395639672,-0.4803800585869107,183.84339668363944
16,487,1,False,RMS 미검출,0.0429482119736768,0.0700842932884331,-0.4600920642651981,183.84339668363944
16,488,1,False,RMS 미검출,0.0562588143822532,0.0994478330483139,-0.5011329723164124,192.6563981078669
16,489,1,False,RMS 미검출,0.0589609084795722,0.1408058430283318,-0.3226768823701323,193.93818757277887
16,490,1,False,RMS 미검출,0.0546365729753659,0.1418983024112992,-0.2354493009465374,190.7497867049904
16,491,1,False,RMS 미검출,0.0562660210776555,0.1439411399745603,-0.2533794695874533,192.75963716403615
16,492,1,False,RMS 미검출,0.0585176529756636,0.1514043556830893,-0.2725588294356874,201.07326866735437
16,493,1,False,RMS 미검출,0.0603820549314764,0.1609112976329209,-0.2716513771796326,209.7301277533629
16,494,1,False,RMS 미검출,0.0572508707694074,0.170889226598534,-0.1789966935551429,214.3239391604635
16,495,1,False,RMS 미검출,0.0548383663697555,0.1749399425918304,-0.1302673131461572,216.4576385867332
16,496,1,False,RMS 미검출,0.0554135134775881,0.1756955467444755,-0.1110887158631855,214.0741535175221
16,497,1,False,RMS 미검출,0.0547058842682615,0.1540631930684859,-0.2066338874572744,202.0082453162545
16,498,1,False,RMS 미검출,0.0569143102999276,0.1582425650963788,-0.2270005625426901,206.2117660359288
16,499,1,False,RMS 미검출,0.0595703106813025,0.1708443032235993,-0.2070323512847401,214.08311498987592
16,500,1,False,RMS 미검출,0.0595028972319583,0.1573382911867938,-0.2712224876817991,206.77574438593925
16,501,1,False,RMS 미검출,0.0547594979305988,0.1370587247095714,-0.273607268507404,190.28359196273664
16,502,1,False,RMS 미검출,0.0590436729286835,0.1427409471333571,-0.3153890696126633,195.16241497546457
16,503,1,False,RMS 미검출,0.0631240907700247,0.1438978039153458,-0.3903644615158537,200.98914836406567
16,504,1,False,RMS 미검출,0.0671774096301081,0.1315818653082089,-0.5049409346649976,192.56011335392031
16,505,1,False,RMS 미검출,0.0763380634931088,0.141658518721013,-0.6228744078957121,201.64880057912617
16,506,1,False,RMS 미검출,0.0603326839216412,0.137191827771608,-0.3914319609110164,200.69834225634983
16,507,1,False,RMS 미검출,0.0331407494623324,0.1147449139688213,-0.2328253364803965,200.1506103749227
16,508,1,True,RMS 검출,0.0627413465104065,0.1228560040034755,0.168430322819006,222.8554087063719
16,509,1,True,RMS 검출,0.0692828134094693,0.0727592567463191,-0.0232284623231157,234.84868281712968
16,510,1,True,RMS 검출,0.058773243765837,0.0567354822186029,-0.1600014227501479,267.4903777288993
16,511,1,True,RMS 검출,0.0662657799936022,0.0725467417874122,-0.1544255377207165,295.57585708821796
16,512,1,True,RMS 검출,0.0951331277606238,0.1073159981929194,-0.0786787714227555,331.219998631875
16,513,1,True,RMS 검출,0.1611391389064465,0.1147717352043674,0.0333811480983915,346.96194976051567
16,514,1,True,RMS 검출,0.2127677803080521,0.1491938131620593,0.1251682686143064,373.612683787433
17,515,1,True,RMS 검출,0.1442571509685239,0.1204760304934246,-0.1317940319387225,457.76373
17,516,1,True,RMS 검출,0.1251835831030659,0.0554638639857726,-0.3089816328729519,421.8872712321443
17,517,1,True,RMS 검출,0.2977247173995632,0.0556372963598755,-0.0797687695321421,415.66343324814784
17,518,1,True,RMS 검출,0.3921490071909879,0.0002481251481227,0.0800553843055532,404.3559584355951
17,519,1,True,RMS 검출,0.3714922853833736,0.0167183903252992,0.0675772921024068,414.80144749674565
17,520,1,True,RMS 검출,0.3259803779717385,0.0269895788760948,0.0349850303007827,414.01827870819454
17,521,1,True,RMS 검출,0.3009238604439802,0.0555689061490241,0.0318262742880457,422.23082539603706
17,522,1,True,RMS 검출,0.3260971663146824,0.0521275982074239,0.0673844784787203,410.67929626882767
17,523,1,True,RMS 검출,0.3611133753637736,0.0841741736721041,0.1310453990716429,418.2457481682081
17,524,1,True,RMS 검출,0.3658357145779229,0.079669963113748,0.1342370349880453,414.8247412461019
17,525,1,True,RMS 검출,0.3661482857969707,0.0322092483190172,0.0912341765626293,404.2376773574012
17,526,1,True,RMS 검출,0.4312225463828796,0.0811464219322632,0.1985832650801485,410.403025084404
17,527,1,True,RMS 검출,0.457559487806541,0.1140383648816912,0.2563982422666057,413.30142381566736
17,528,1,True,RMS 검출,0.4207514813717989,0.0970285337883913,0.2061080678425607,413.0895651893146
17,529,1,True,RMS 검출,0.4102897891143802,0.1021206305784286,0.2267247303406307,396.49541185687536
17,530,1,True,RMS 검출,0.4302688990806626,0.1039680016210803,0.2655319745238003,382.8057425678402
17,531,1,True,RMS 검출,0.4318941384801714,0.0814453173399044,0.2768448200374899,355.4470826537236
17,532,1,True,RMS 검출,0.4021658610937227,0.0834863140231027,0.2726465699717524,344.40308487016387
17,533,1,True,RMS 검출,0.3557010364414694,0.0476371905748075,0.2209583596159024,316.63593311815384
17,534,1,True,RMS 검출,0.3277979511965105,0.0537352934273861,0.2285510317114135,301.32966432576734
17,535,1,True,RMS 검출,0.3264951932484928,0.1334030851688376,0.4089895147655957,287.9552477714602
17,536,1,True,RMS 검출,0.2343919964901432,0.1207036145194355,0.3550282920803207,259.9137362674883
17,537,1,True,RMS 검출,0.1008854243074454,0.1018091524999723,0.1561097018808284,232.28292880568137
17,538,1,True,RMS 검출,0.0750527950040853,0.1290616923411033,0.2900969052526762,210.78584776595437
17,539,1,True,RMS 검출,0.0735959596295121,0.1300864505912804,0.3103199914529746,207.310770691864
17,540,1,False,RMS 미검출,0.0157525709063631,0.1300792699876141,0.1698925187224974,197.4323446185749
17,541,1,False,RMS 미검출,0.0199446740085496,0.1447215501125072,0.2430494551987501,203.43059711130388
17,542,1,False,RMS 미검출,0.0238890027549358,0.142810053329634,0.2456469354747035,203.52173937199055
17,543,1,False,RMS 미검출,0.0278329790646729,0.1364899545511012,0.2832522840384057,194.68853788496412
17,544,1,False,RMS 미검출,0.0334070927666852,0.1234628594946404,0.291076205391347,184.54393292371293
17,545,1,False,RMS 미검출,0.0261902912505865,0.1213327866764316,0.2365673708648747,186.07499301233943
17,546,1,False,RMS 미검출,0.0257079987907792,0.1179531344505739,0.2029651150445656,187.4370607206803
17,547,1,False,RMS 미검출,0.0247059489330088,0.0881197949132738,0.0851665828698269,177.25585670870362
17,548,1,False,RMS 미검출,0.0301768701026267,0.0817036408154293,0.0733331248404036,177.79059512245877
17,549,1,False,RMS 미검출,0.0261324709403055,0.0714416369094552,0.0422977488734387,169.99221555795637
17,550,1,False,RMS 미검출,0.0206862030329505,0.0710483119014377,0.0136161656559166,170.19941046235454
18,551,1,False,RMS 미검출,0.0017999654055579,0.1226197750718706,0.5893123443048479,146.62744
18,552,1,False,RMS 미검출,0.0207203415144222,0.1010162307032426,0.063398000277551,153.94624878363746
18,553,1,False,RMS 미검출,0.0265924443296397,0.1100030379281932,0.0232901170671362,161.78829662180976
18,554,1,False,RMS 미검출,0.0268291839519388,0.0830290098488789,-0.095851291990902,146.36431634536416
18,555,1,False,RMS 미검출,0.0125075555171373,0.080085633310618,0.0640429664642184,139.9864443555917
18,556,1,False,RMS 미검출,0.0001840151765356,0.0691849959103458,0.1345626163841416,131.64669289192952
18,557,1,False,RMS 미검출,0.0078665262821105,0.0764210816816514,0.0237383933647632,145.40812642762685
18,558,1,False,RMS 미검출,0.0112892613130608,0.0665655124741122,-0.0666083507952189,144.11389005519604
18,559,1,False,RMS 미검출,0.0077551946662773,0.071014754665712,-0.0793537843970044,155.82661742811342
18,560,1,True,RMS 검출,0.3967081740026139,0.0961427018482522,0.7204131952244195,172.34177497520685
18,561,1,True,RMS 검출,0.5790425478734411,0.1035912863745297,0.7314171165390854,198.75376320357185
18,562,1,True,RMS 검출,0.6000584161073015,0.0952527397117726,0.6639990641427875,221.42690840086044
18,563,1,True,RMS 검출,0.6721746063245463,0.0413041634545378,0.5683382418060748,235.94921293592017
18,564,1,True,RMS 검출,0.8501345397373192,0.0708601817489842,0.6283442548137013,264.1622754758486
18,565,1,True,RMS 검출,0.905882180529308,0.066133470107585,0.6103975197941032,282.5838879851108
18,566,1,True,RMS 검출,0.9000086769368753,0.0675798717189235,0.578263370150704,304.3794284574902
18,567,1,True,RMS 검출,0.8993663210718822,0.0711530498130604,0.5793797489604757,306.4787506750442
18,568,1,True,RMS 검출,0.9016866081661484,0.0651482800395453,0.5699729073074065,308.52141689172265
18,569,1,True,RMS 검출,0.9018648699591124,0.0585549188156282,0.5633780314839821,307.6588672731807
18,570,1,True,RMS 검출,0.7874726058153989,0.0407528813008969,0.508300860174679,301.5981257908071
18,571,1,True,RMS 검출,0.6615986671209975,0.0253990087333251,0.4494413077312164,289.33942419432225
18,572,1,True,RMS 검출,0.6394580991682145,0.0249416815395065,0.4482702700598266,282.34365694237016
18,573,1,True,RMS 검출,0.56346013714999,0.0553348946746142,0.4666446045369239,273.3534586758808
18,574,1,True,RMS 검출,0.2612322563915569,0.0232030646593651,0.1945122958632822,249.59507642560385
19,575,1,False,RMS 미검출,0.0779844323994855,0.0173870057414829,-0.9512867870324282,168.08512000000002
19,576,1,False,RMS 미검출,0.0653252529367285,0.0164586242196383,-0.9557918338647496,126.10575344815857
19,577,1,False,RMS 미검출,0.0666031257352287,0.0348751218042441,-0.8324573906051569,153.80156156035295
19,578,1,False,RMS 미검출,0.062261755552228,0.0566427850145916,-0.7166114145395026,159.1042307205763
19,579,1,False,RMS 미검출,0.0642869051571138,0.0918816523410327,-0.623283820467919,181.72831567116
19,580,1,False,RMS 미검출,0.0625537460468542,0.1063305232892424,-0.5471221637898365,186.70183703141967
19,581,1,False,RMS 미검출,0.061470133196192,0.1117314697561706,-0.5088536918723298,186.9382793085655
19,582,1,False,RMS 미검출,0.0674410656652882,0.1391600186008995,-0.4895724700615807,204.812024922898
19,583,1,False,RMS 미검출,0.0631870309910267,0.1435004727040166,-0.4059283121725104,204.83736801671665
19,584,1,False,RMS 미검출,0.0621826300569149,0.1502288669023627,-0.3592322216445895,207.2360387063011
20,585,1,False,RMS 미검출,0.0622239744399323,0.1400300084075969,0.4979574207119847,149.01163
20,586,1,False,RMS 미검출,0.0682065606701576,0.1501302223165866,0.4535884330509009,156.3279033087494
20,587,1,False,RMS 미검출,0.051980716062075,0.1435227276832204,0.7247353473032445,151.28783380049634
20,588,1,False,RMS 미검출,0.0503300811129596,0.1758923306191724,0.6716818353062843,179.15437185720916
20,589,1,False,RMS 미검출,0.0505284190489935,0.1850805285595885,0.5041622328901668,191.00887030421617
20,590,1,False,RMS 미검출,0.0490767766164448,0.1707108736378345,0.4989459376466588,179.2062536201571
20,591,1,False,RMS 미검출,0.0525464693444805,0.1728380990105918,0.4333184826085297,181.807727610028
20,592,1,False,RMS 미검출,0.0520419516516044,0.1609610326183017,0.2164560109268933,178.80352449316086
20,593,1,False,RMS 미검출,0.0494739182800582,0.1655048310322603,0.2888034755561752,181.46111718359003
20,594,1,False,RMS 미검출,0.0453803108528713,0.1676057690875541,0.3567643801583177,182.53470878097943
20,595,1,False,RMS 미검출,0.0446960244561198,0.1695712426372549,0.3558190524610367,184.6247714223346
20,596,1,False,RMS 미검출,0.0435115272192616,0.1692012039191561,0.2941046459848684,187.6026471518191
20,597,1,False,RMS 미검출,0.0454800630939036,0.1741112823399817,0.2787461590581074,191.8558839760624
20,598,1,False,RMS 미검출,0.0411913190152008,0.1624592253769216,0.2703054030225976,183.80242342206975
20,599,1,False,RMS 미검출,0.0399681508469408,0.1580483672749558,0.28854363932566,179.44861280506632
