eval_set,condition,value,n,TP,FP,FN,TN,precision,recall,F1,normal_FPR,miss_rate
OOF,ALL,ALL,12131,298,8,1,11824,0.9738562091503268,0.9966555183946488,0.9851239669421488,0.000676132521974307,0.0033444816053511705
OOF,regime,Abnormal (regime unknown),299,298,0,1,0,1.0,0.9966555183946488,0.998324958123953,,0.0033444816053511705
OOF,regime,Low-RMS Normal candidate,1768,0,0,0,1768,,,,0.0,
OOF,regime,Other Normal,10064,0,8,0,10056,0.0,,,0.000794912559618442,
OOF,segment_length_class,10-19 samples,336,21,0,1,314,1.0,0.9545454545454546,0.9767441860465117,0.0,0.045454545454545456
OOF,segment_length_class,20-39 samples,2948,72,7,0,2869,0.9113924050632911,1.0,0.9536423841059603,0.0024339360222531293,0.0
OOF,segment_length_class,40+ samples,8847,205,1,0,8641,0.9951456310679612,1.0,0.9975669099756691,0.00011571395510298542,0.0
OOF,rms_break,False,11930,154,0,1,11775,1.0,0.9935483870967742,0.9967637540453074,0.0,0.0064516129032258064
OOF,rms_break,True,201,144,8,0,49,0.9473684210526315,1.0,0.972972972972973,0.14035087719298245,0.0
OOF,h1_break,False,11662,40,0,1,11621,1.0,0.975609756097561,0.9876543209876543,0.0,0.024390243902439025
OOF,h1_break,True,469,258,8,0,203,0.9699248120300752,1.0,0.9847328244274809,0.037914691943127965,0.0
OOF,h2_break,False,11818,224,8,0,11586,0.9655172413793104,1.0,0.9824561403508771,0.0006900120752113162,0.0
OOF,h2_break,True,313,74,0,1,238,1.0,0.9866666666666667,0.9932885906040269,0.0,0.013333333333333334
OOF,current_ood,False,11739,145,8,0,11586,0.9477124183006536,1.0,0.9731543624161073,0.0006900120752113162,0.0
OOF,current_ood,True,392,153,0,1,238,1.0,0.9935064935064936,0.9967426710097721,0.0,0.006493506493506494
OOF,cycle_context_state,Full-cycle context,10264,164,8,0,10092,0.9534883720930233,1.0,0.9761904761904763,0.0007920792079207921,0.0
OOF,cycle_context_state,No full-cycle context,1867,134,0,1,1732,1.0,0.9925925925925926,0.996282527881041,0.0,0.007407407407407408
TEST,ALL,ALL,3168,129,5,0,3034,0.9626865671641791,1.0,0.9809885931558935,0.0016452780519907865,0.0
TEST,regime,Abnormal (regime unknown),129,129,0,0,0,1.0,1.0,1.0,,0.0
TEST,regime,Low-RMS Normal candidate,467,0,0,0,467,,,,0.0,
TEST,regime,Other Normal,2572,0,5,0,2567,0.0,,,0.0019440124416796269,
TEST,segment_length_class,10-19 samples,59,0,0,0,59,,,,0.0,
TEST,segment_length_class,20-39 samples,742,27,0,0,715,1.0,1.0,1.0,0.0,0.0
TEST,segment_length_class,40+ samples,2367,102,5,0,2260,0.9532710280373832,1.0,0.9760765550239235,0.002207505518763797,0.0
TEST,rms_break,False,3059,38,4,0,3017,0.9047619047619048,1.0,0.9500000000000001,0.0013240648791790798,0.0
TEST,rms_break,True,109,91,1,0,17,0.9891304347826086,1.0,0.994535519125683,0.05555555555555555,0.0
TEST,h1_break,False,2977,4,1,0,2972,0.8,1.0,0.888888888888889,0.0003363605785401951,0.0
TEST,h1_break,True,191,125,4,0,62,0.9689922480620154,1.0,0.9842519685039369,0.06060606060606061,0.0
TEST,h2_break,False,3065,110,5,0,2950,0.9565217391304348,1.0,0.9777777777777777,0.001692047377326565,0.0
TEST,h2_break,True,103,19,0,0,84,1.0,1.0,1.0,0.0,0.0
TEST,current_ood,False,3052,63,5,0,2984,0.9264705882352942,1.0,0.9618320610687023,0.0016728002676480427,0.0
TEST,current_ood,True,116,66,0,0,50,1.0,1.0,1.0,0.0,0.0
TEST,cycle_context_state,Full-cycle context,2510,60,5,0,2445,0.9230769230769231,1.0,0.9600000000000001,0.0020408163265306124,0.0
TEST,cycle_context_state,No full-cycle context,658,69,0,0,589,1.0,1.0,1.0,0.0,0.0
