group,n_features,PR_AUC_drop_mean,PR_AUC_drop_std,interpretation
cur_crest,1,0.0059483246403971,0.0081694693743956,OOF permutation importance; correlated feature 영향 주의
cur_min,1,0.0031421191214901,0.0057578957963927,OOF permutation importance; correlated feature 영향 주의
v1_ac2,1,0.002396163547357,0.0042692742752361,OOF permutation importance; correlated feature 영향 주의
cur_impulse,1,0.0016853254724617,0.0035989127437143,OOF permutation importance; correlated feature 영향 주의
cur_std,1,0.0010780571027592,0.0016590858755876,OOF permutation importance; correlated feature 영향 주의
v1_ac3,1,0.0008625226204257,0.0015172177051946,OOF permutation importance; correlated feature 영향 주의
cur_kurt,1,0.0006947157220275,0.0011806153136096,OOF permutation importance; correlated feature 영향 주의
v1_diffstd,1,0.0006659623494578,0.0014324734049582,OOF permutation importance; correlated feature 영향 주의
cur_rms,1,0.0006204889889146,0.0010664715033979,OOF permutation importance; correlated feature 영향 주의
cur_absmean,1,0.0005706966336303,0.000959388909958,OOF permutation importance; correlated feature 영향 주의
v0_ac3,1,0.0005044067313873,0.0006967951791134,OOF permutation importance; correlated feature 영향 주의
v1_resid,1,0.0004939855776708,0.000745784219782,OOF permutation importance; correlated feature 영향 주의
cur_ptp,1,0.0004259216057414,0.0006969588710818,OOF permutation importance; correlated feature 영향 주의
v1_std,1,0.0003691258524985,0.0008253904984394,OOF permutation importance; correlated feature 영향 주의
v1_mean,1,0.0003686285775651,0.0008242785578847,OOF permutation importance; correlated feature 영향 주의
v1_max,1,0.0003136927836107,0.0005934222344785,OOF permutation importance; correlated feature 영향 주의
v0_diffstd,1,0.0002669091578797,0.0004902403655038,OOF permutation importance; correlated feature 영향 주의
v1_kurt,1,0.0002448756931218,0.0004418781947841,OOF permutation importance; correlated feature 영향 주의
v0_mean,1,0.0002024790768292,0.0004527569798116,OOF permutation importance; correlated feature 영향 주의
v1_absmax,1,0.000193106123311,0.0006158687410638,OOF permutation importance; correlated feature 영향 주의
cur_mean,1,0.0001854673377487,0.0003398576994961,OOF permutation importance; correlated feature 영향 주의
v1_mcr,1,0.0001566127770929,0.0003501968157249,OOF permutation importance; correlated feature 영향 주의
v1_impulse,1,0.0001349860512194,0.000301837986541,OOF permutation importance; correlated feature 영향 주의
v1_crest,1,0.0001341206493376,0.0002999028891054,OOF permutation importance; correlated feature 영향 주의
cur_absmax,1,0.0001189411094146,0.000264819639012,OOF permutation importance; correlated feature 영향 주의
v0_mcr,1,0.0001157771848889,0.0002202760793132,OOF permutation importance; correlated feature 영향 주의
v1_min,1,0.0001035273582665,0.0003224497952819,OOF permutation importance; correlated feature 영향 주의
v0_ac2,1,8.956077359600911e-05,0.0002002639778782,OOF permutation importance; correlated feature 영향 주의
v1_ptp,1,8.869537171421657e-05,0.0001983288804427,OOF permutation importance; correlated feature 영향 주의
corr_v0_cur,1,6.620324395895477e-05,0.0001480349538232,OOF permutation importance; correlated feature 영향 주의
v0_kurt,1,6.620324395891034e-05,0.0001480349538232,OOF permutation importance; correlated feature 영향 주의
v0_impulse,1,2.2067747986254106e-05,4.934498460780515e-05,OOF permutation importance; correlated feature 영향 주의
v1_rms,1,1.9443732449309053e-05,0.0009420178681369,OOF permutation importance; correlated feature 영향 주의
v0_skew,1,1.4802973661668754e-17,3.31004553766303e-17,OOF permutation importance; correlated feature 영향 주의
corr_v1_cur,1,-1.4802973661668754e-17,8.107922592650823e-17,OOF permutation importance; correlated feature 영향 주의
v0_crest,1,-2.960594732333751e-17,4.0539612963254114e-17,OOF permutation importance; correlated feature 영향 주의
cur_skew,1,-7.401486830834378e-17,1.655022768831515e-16,OOF permutation importance; correlated feature 영향 주의
cur_max,1,-5.793968207197982e-06,6.680680889735353e-05,OOF permutation importance; correlated feature 영향 주의
corr_v0_v1,1,-1.3865008916291722e-05,3.44881285293886e-05,OOF permutation importance; correlated feature 영향 주의
v1_ac1,1,-2.894114339542971e-05,6.815002715769782e-05,OOF permutation importance; correlated feature 영향 주의
v0_ac1,1,-6.378099283321781e-05,0.0001426186356473,OOF permutation importance; correlated feature 영향 주의
v0_min,1,-6.497725795978997e-05,0.0001452935657894,OOF permutation importance; correlated feature 영향 주의
rms_ratio_v0_v1,1,-7.616593406438721e-05,0.000132574462351,OOF permutation importance; correlated feature 영향 주의
rms_diff_v0_v1,1,-9.287745373643591e-05,0.0001389373577385,OOF permutation importance; correlated feature 영향 주의
v0_max,1,-0.0001141403924701,0.0002978152195079,OOF permutation importance; correlated feature 영향 주의
v1_absmean,1,-0.0001159429542632,0.0005497114924275,OOF permutation importance; correlated feature 영향 주의
v0_ptp,1,-0.0002064401865459,0.0007953239611914,OOF permutation importance; correlated feature 영향 주의
v0_std,1,-0.0002519258205889,0.0007473608607043,OOF permutation importance; correlated feature 영향 주의
v1_skew,1,-0.0002615463205198,0.000558299621833,OOF permutation importance; correlated feature 영향 주의
v0_rms,1,-0.0003587116263038,0.0006827450719665,OOF permutation importance; correlated feature 영향 주의
v0_absmean,1,-0.0003897916573838,0.0006787267535799,OOF permutation importance; correlated feature 영향 주의
v0_resid,1,-0.0004053316729239,0.0006793798448845,OOF permutation importance; correlated feature 영향 주의
v0_absmax,1,-0.0004699429875352,0.0007008125046697,OOF permutation importance; correlated feature 영향 주의
