source,segment_id,source_row,label,pos_in_seg,A_alarm,B_alarm,final_alarm,alarm_level,eval_set,A_prob,B_normal_pct,error_type,RMS_Detected,H1_Residual_AI0,H1_Residual_AI1,H2_ND,H3_Current_Amplitude,rms_break,h1_break,h2_break,current_ood,elapsed_sec,seg_len,regime,segment_length_class,time_since_first_possible_sec,cycle_count,cycle_timing_break,cycle_current_break,cycle_response_break,cycle_shape_break,max_PORD,max_Shape_RMSE,max_timing_deviation,cycle_context_available,cycle_context_state
abnormal,A0014,414,1,14,0,1,0,주의,OOF,,,FN,False,0.0388944877460799,0.0278796629101787,0.3828201330454183,53.2880255029222,False,False,True,True,115.366,15,Abnormal (regime unknown),10-19 samples,0.5,,,,,,,,,,No full-cycle context
normal,N0178,6207,0,9,1,1,1,경보,OOF,,,FP,True,0.1056785855007248,0.0439378779066157,0.0426590107523183,126.0896440764235,True,True,False,False,1349.957,32,Other Normal,20-39 samples,0.0,1.0,False,False,True,False,5.640053681855351,0.0462101960399879,1.337492208488957e-13,True,Full-cycle context
normal,N0178,6208,0,10,1,1,1,경보,OOF,,,FP,True,0.1227177865179299,0.0445983782776572,0.1128894715358924,119.15075881950408,True,True,False,False,1350.057,32,Other Normal,20-39 samples,0.1,1.0,False,False,True,False,5.640053681855351,0.0462101960399879,1.337492208488957e-13,True,Full-cycle context
normal,N0178,6209,0,11,1,1,1,경보,OOF,,,FP,True,0.1261080515594098,0.0690754571086289,0.0625005166694444,114.52655274423331,True,True,False,False,1350.157,32,Other Normal,20-39 samples,0.2,1.0,False,False,True,False,5.640053681855351,0.0462101960399879,1.337492208488957e-13,True,Full-cycle context
normal,N0178,6210,0,12,1,1,1,경보,OOF,,,FP,True,0.1265058444415198,0.0511621821205491,0.1186342896287093,114.68517881468588,True,True,False,False,1350.257,32,Other Normal,20-39 samples,0.30000000000000004,1.0,False,False,True,False,5.640053681855351,0.0462101960399879,1.337492208488957e-13,True,Full-cycle context
normal,N0178,6211,0,13,1,1,1,경보,OOF,,,FP,True,0.1256258313542407,0.0484253996568519,0.1066683143657252,119.51610402577364,True,True,False,False,1350.357,32,Other Normal,20-39 samples,0.4,1.0,False,False,True,False,5.640053681855351,0.0462101960399879,1.337492208488957e-13,True,Full-cycle context
normal,N0178,6212,0,14,1,1,1,경보,OOF,,,FP,True,0.1115697316077855,0.0631699960462828,-0.0004613736931693,127.11442929956272,True,True,False,False,1350.457,32,Other Normal,20-39 samples,0.5,1.0,False,False,True,False,5.640053681855351,0.0462101960399879,1.337492208488957e-13,True,Full-cycle context
normal,N0178,6213,0,15,1,1,1,경보,OOF,,,FP,True,0.0994381416568267,0.0519791528390836,-0.0267050551038603,134.60042618177496,True,True,False,False,1350.557,32,Other Normal,20-39 samples,0.6000000000000001,1.0,False,False,True,False,5.640053681855351,0.0462101960399879,1.337492208488957e-13,True,Full-cycle context
normal,N0569,18996,0,16,1,1,1,경보,OOF,,,FP,True,0.0743933520952911,0.0057634906758708,0.144235636772956,113.66449273847216,True,True,False,False,4364.893,44,Other Normal,40+ samples,0.7000000000000001,1.0,False,False,True,False,2.9314920565003217,0.0436742656754732,0.0,True,Full-cycle context
normal,N0052,1763,0,26,1,1,1,경보,TEST,0.826533727435223,99.06186612576064,FP,False,0.0459475326970266,0.0721144943021271,-0.2066198634046599,111.21966126827304,False,True,False,False,398.812,50,Other Normal,40+ samples,1.7000000000000002,1.0,False,False,True,False,3.063639954011097,0.0752208166953635,1.337492208488957e-13,True,Full-cycle context
normal,N0052,1766,0,29,1,1,1,경보,TEST,0.5,99.8394185260311,FP,True,0.0704710445080018,0.0432186655954707,-0.0792498040049597,129.79232895699755,True,True,False,False,399.112,50,Other Normal,40+ samples,2.0,1.0,False,False,True,False,3.063639954011097,0.0752208166953635,1.337492208488957e-13,True,Full-cycle context
normal,N0067,2498,0,11,1,1,1,경보,TEST,0.5,99.526707234618,FP,False,0.0400684402482894,0.0549606910841606,-0.1983263861725318,117.1806290605236,False,False,False,False,507.505,50,Other Normal,40+ samples,0.2,2.0,False,False,True,False,3.1240434703832216,0.0684402837650549,1.0031191563667174e-13,True,Full-cycle context
normal,N0067,2499,0,12,1,1,1,경보,TEST,0.5,99.86477349560514,FP,False,0.0622679166887463,0.056783173253737,-0.1111451885851106,117.18939766425272,False,True,False,False,507.605,50,Other Normal,40+ samples,0.30000000000000004,2.0,False,False,True,False,3.1240434703832216,0.0684402837650549,1.0031191563667174e-13,True,Full-cycle context
normal,N0067,2500,0,13,1,1,1,경보,TEST,0.5,99.55206220419204,FP,False,0.0594213300300067,0.0491576662734766,-0.1141538472419533,122.14314067299476,False,True,False,False,507.705,50,Other Normal,40+ samples,0.4,2.0,False,False,True,False,3.1240434703832216,0.0684402837650549,1.0031191563667174e-13,True,Full-cycle context
