eval_set,factor_1,value_1,factor_2,value_2,n_normal,n_abnormal,n,TP,FP,FN,TN,precision,recall,F1,normal_FPR,miss_rate
OOF,current_ood,False,h1_break,False,11388,29,11417,29,0,0,11388,1.0,1.0,1.0,0.0,0.0
OOF,current_ood,False,h1_break,True,206,116,322,116,8,0,198,0.9354838709677419,1.0,0.9666666666666666,0.038834951456310676,0.0
OOF,current_ood,True,h1_break,False,233,12,245,11,0,1,233,1.0,0.9166666666666666,0.9565217391304348,0.0,0.08333333333333333
OOF,current_ood,True,h1_break,True,5,142,147,142,0,0,5,1.0,1.0,1.0,0.0,0.0
OOF,rms_break,False,h1_break,False,11617,41,11658,40,0,1,11617,1.0,0.975609756097561,0.9876543209876543,0.0,0.024390243902439025
OOF,rms_break,False,h1_break,True,158,114,272,114,0,0,158,1.0,1.0,1.0,0.0,0.0
OOF,rms_break,True,h1_break,False,4,0,4,0,0,0,4,,,,0.0,
OOF,rms_break,True,h1_break,True,53,144,197,144,8,0,45,0.9473684210526315,1.0,0.972972972972973,0.1509433962264151,0.0
OOF,current_ood,False,h2_break,False,11361,101,11462,101,8,0,11353,0.926605504587156,1.0,0.9619047619047619,0.000704163365900889,0.0
OOF,current_ood,False,h2_break,True,233,44,277,44,0,0,233,1.0,1.0,1.0,0.0,0.0
OOF,current_ood,True,h2_break,False,233,123,356,123,0,0,233,1.0,1.0,1.0,0.0,0.0
OOF,current_ood,True,h2_break,True,5,31,36,30,0,1,5,1.0,0.967741935483871,0.9836065573770492,0.0,0.03225806451612903
TEST,current_ood,False,h1_break,False,2923,4,2927,4,1,0,2922,0.8,1.0,0.888888888888889,0.00034211426616489907,0.0
TEST,current_ood,False,h1_break,True,66,59,125,59,4,0,62,0.9365079365079365,1.0,0.9672131147540983,0.06060606060606061,0.0
TEST,current_ood,True,h1_break,False,50,0,50,0,0,0,50,,,,0.0,
TEST,current_ood,True,h1_break,True,0,66,66,66,0,0,0,1.0,1.0,1.0,,0.0
TEST,rms_break,False,h1_break,False,2969,4,2973,4,1,0,2968,0.8,1.0,0.888888888888889,0.0003368137420006736,0.0
TEST,rms_break,False,h1_break,True,52,34,86,34,3,0,49,0.918918918918919,1.0,0.9577464788732395,0.057692307692307696,0.0
TEST,rms_break,True,h1_break,False,4,0,4,0,0,0,4,,,,0.0,
TEST,rms_break,True,h1_break,True,14,91,105,91,1,0,13,0.9891304347826086,1.0,0.994535519125683,0.07142857142857142,0.0
TEST,current_ood,False,h2_break,False,2906,53,2959,53,5,0,2901,0.9137931034482759,1.0,0.9549549549549551,0.0017205781142463868,0.0
TEST,current_ood,False,h2_break,True,83,10,93,10,0,0,83,1.0,1.0,1.0,0.0,0.0
TEST,current_ood,True,h2_break,False,49,57,106,57,0,0,49,1.0,1.0,1.0,0.0,0.0
TEST,current_ood,True,h2_break,True,1,9,10,9,0,0,1,1.0,1.0,1.0,0.0,0.0
