source,segment_id,cycle_id,duration_sec,AI2_Current_rms,Phase_A,Phase_B,Phase_C,D_phase,Phase_Break
normal,N0000,1,1.7,155.49395186163716,0.3015727144377108,0.4782764290445303,0.2201508565177245,0.031883132022796634,False
normal,N0001,1,1.700000000000001,148.7467728205239,0.32170689374204897,0.47046237742781677,0.20783072883009968,0.035803986550964534,False
normal,N0004,1,1.6999999999999957,83.82992740443507,0.2921693324388348,0.4734467675142191,0.2343839000469116,0.03702310515037005,False
normal,N0006,1,1.7000000000000028,83.34553111997793,0.31748947941473843,0.4558091923276988,0.22670132825752837,0.013617188801437113,False
normal,N0010,1,1.7000000000000028,157.31333845218617,0.3002596599617922,0.48055921506766236,0.2191811249705109,0.03644870406906084,False
normal,N0012,1,1.6999999999999886,139.46223388345433,0.2795305571731801,0.4844427651154764,0.2360266777113091,0.062300655681679584,False
normal,N0016,1,1.700000000000017,117.09330492437681,0.3310495260471826,0.4599361301812103,0.20901434377157274,0.04073728206632535,False
normal,N0016,2,1.6999999999999886,116.54637693861358,0.3019957780262026,0.4741538820585661,0.2238503399151971,0.023638038050868032,False
normal,N0018,1,1.6999999999999886,105.87022823778115,0.3242429423081336,0.4609911402519918,0.21476591743984005,0.02712411458822761,False
normal,N0022,1,1.6999999999999886,103.83641298250191,0.3010993430952434,0.4726893452378705,0.22621131166685154,0.020708964409477143,False
normal,N0023,1,1.6000000000000227,82.65252031696382,0.3382509917792317,0.4363478503900651,0.22540115783066872,0.055140213530423726,False
normal,N0027,1,1.700000000000017,86.22409206875811,0.3004561802460037,0.46633487630521514,0.23320894344874663,0.020449409536032248,False
normal,N0028,1,1.6999999999999886,92.99268093658284,0.3029956638036014,0.46916669004726136,0.22783764614910265,0.015370442420836794,False
normal,N0036,1,1.6000000000000227,147.882941193635,0.3067592088517386,0.46350388344889126,0.22973690769933602,0.008008371187507718,False
normal,N0041,1,1.6999999999999886,94.21222004952914,0.3483172601406344,0.43586268673342443,0.21582005312590688,0.07527275025322894,False
normal,N0041,2,1.6999999999999886,92.59519374418805,0.33036900883553877,0.45000552103649943,0.21962547012792738,0.03937624764303779,False
normal,N0042,1,1.599999999999966,82.32904045116751,0.3118255587056658,0.4505176624718769,0.23765677882242278,0.023848113433681595,False
normal,N0042,2,1.6999999999999886,83.98218825984402,0.30236630367905504,0.4668736574379108,0.23076003888299984,0.01662916266992978,False
normal,N0043,1,1.6000000000000227,170.69737948759288,0.341719555385739,0.4501669131050517,0.2081135315091749,0.062077340743438264,False
normal,N0043,2,1.6999999999999886,176.08797958982814,0.32427760660497057,0.46500885877326126,0.2107135346217337,0.030038374967696596,False
normal,N0049,1,1.6000000000000227,126.70357884600693,0.3220563179780644,0.45899139217534807,0.21895228984655324,0.02275086592808892,False
normal,N0051,1,1.6999999999999886,84.75012326952684,0.33902574142735264,0.44329487884146707,0.2176793797311459,0.05668971282666552,False
normal,N0051,2,1.6999999999999886,83.35041789290891,0.31635156907758494,0.45815615828527406,0.22549227263710664,0.011341368127130075,False
normal,N0052,1,1.7000000000000455,126.03733756875228,0.325052705174666,0.4640453396775471,0.21090195514775234,0.029661533915659205,False
normal,N0053,1,1.6000000000000227,169.42227918460696,0.3064607744182685,0.4633747109080856,0.23016451467361138,0.00886358513605881,False
normal,N0053,2,1.6999999999999886,173.07959510333174,0.2975678170417699,0.47923958926259097,0.2231925936956045,0.03380945245891817,False
normal,N0054,1,1.599999999999966,82.19076413132436,0.33447724285934766,0.44000646467915205,0.22551629246146596,0.047592715690655485,False
normal,N0054,2,1.7000000000000455,83.73901347196451,0.2958328623830299,0.46990675168069285,0.23426038593624268,0.029696045261979775,False
normal,N0056,1,1.6999999999999886,86.6045177088521,0.3037157342718566,0.46333176316791774,0.23295250256019107,0.014439560909218246,False
normal,N0056,2,1.6000000000000227,85.01376642215195,0.3437270042439091,0.43076610950066957,0.22550688625538687,0.06609223845977852,False
normal,N0058,1,1.6999999999999886,85.91977879122784,0.33317701537704003,0.44400603258381893,0.22281695203910676,0.04499226072604018,False
normal,N0058,2,1.6999999999999886,86.35427384651084,0.3007186723739252,0.46746685246809283,0.23181447515794745,0.019924425280189256,False
normal,N0059,1,1.6999999999999886,173.48596801837354,0.28829622749880524,0.4837899157897601,0.22791385671140021,0.044769315030429246,False
normal,N0059,2,1.6000000000000227,169.52863847145179,0.32844159922776417,0.4567804528811635,0.21477794789103807,0.035521428427488455,False
normal,N0060,1,1.7000000000000455,113.21864197554383,0.3019607291675406,0.4750254207897717,0.22301385004265337,0.025381115513279373,False
normal,N0060,2,1.599999999999966,107.75646165882767,0.3556576098807621,0.4417210030990294,0.20262138702017404,0.08995344973348451,False
normal,N0061,1,1.599999999999966,81.94049914493641,0.30465117458808855,0.45222394752900713,0.24312487788286988,0.03478431155457573,False
normal,N0062,1,1.7000000000000455,185.9420528880698,0.2846643548553863,0.4847356995856046,0.2305999455589747,0.05203306031726712,False
normal,N0063,1,1.6999999999999886,149.97474903101144,0.32435744569142994,0.4672712154879483,0.20837133882058737,0.03472276656998935,False
normal,N0064,1,1.599999999999966,82.88612148414822,0.3342537167065083,0.437221225833936,0.22852505745952137,0.05022727439839203,False
normal,N0065,1,1.6000000000000227,144.15173414056525,0.30719247937291766,0.4637072613466284,0.22910025928041944,0.006976811282204315,False
normal,N0065,2,1.6999999999999886,152.21746482480492,0.2955150832708752,0.4796851148979659,0.22479980183112436,0.0347005037296679,False
normal,N0067,1,1.6999999999999886,131.53453978847583,0.31999118106818136,0.4687742770349643,0.21123454189681978,0.028996360417524375,False
normal,N0067,2,1.6999999999999886,130.87441293988715,0.30106587643133403,0.4787070319604369,0.22022709160819445,0.032744337854610006,False
normal,N0068,1,1.6999999999999318,172.82957921098216,0.310741956494869,0.47546832243313675,0.21378972107195982,0.026266918800009503,False
normal,N0068,2,1.7000000000000455,172.6335764814535,0.2822225771623827,0.4858553512809294,0.23192207155665345,0.056916615703274304,False
normal,N0071,1,1.6000000000000227,167.61444637971,0.3328880314729045,0.4562422815018132,0.2108696870252479,0.0444142929177693,False
normal,N0071,2,1.6999999999999318,170.6306637205633,0.3194811792395731,0.4710346047382435,0.20948421602214903,0.03249701216686601,False
normal,N0072,1,1.6999999999999318,83.66594283070147,0.30323842460098865,0.46560604009973494,0.23115553529924215,0.014884920826062603,False
normal,N0072,2,1.6000000000000227,81.90600537243068,0.3484680022982889,0.42820387715317565,0.2233281205485011,0.07557423456853798,False
normal,N0073,1,1.6999999999999318,103.69228751630659,0.3278000491107572,0.4568548895218427,0.2153450613673655,0.03423832819347483,False
normal,N0073,2,1.7000000000000455,106.55183475307759,0.298150331693496,0.4745404353977531,0.2273092329087164,0.025061106641047687,False
normal,N0074,1,1.6999999999999318,183.27025094086486,0.3127037714337581,0.47380073312705984,0.2134954954391477,0.024474453332868712,False
normal,N0075,1,1.6000000000000227,109.87025368423966,0.34049813895707143,0.447656126774618,0.21184573426827624,0.059634507886103,False
normal,N0075,2,1.7000000000000455,110.19128321169069,0.33318285559841726,0.4562792574182776,0.21053788698327078,0.04500394116879475,False
normal,N0076,1,1.7000000000000455,180.76961720115267,0.30132484121238257,0.48023454144293126,0.2184406173446518,0.03579935681959848,False
normal,N0076,2,1.7000000000000455,179.96444196644268,0.2738636980039708,0.48829598074806985,0.2378403212479248,0.07363437402009801,False
normal,N0078,1,1.7000000000000455,107.67481626625954,0.30328278310925416,0.4720490849281568,0.22466813196255456,0.019428443790049654,False
normal,N0078,2,1.6000000000000227,105.70049350841586,0.34678387564700425,0.4451599204034806,0.20805620394948074,0.07220598126596872,False
normal,N0079,1,1.7000000000000455,175.18155346280352,0.27912262505058877,0.48542360732638096,0.23545376762299575,0.0631165199268621,False
normal,N0084,1,1.6000000000000227,173.37945022808154,0.3108222036007661,0.46350596569440006,0.22567183070479946,0.002503059694463322,False
normal,N0086,1,1.6000000000000227,82.7168122331135,0.3005216634886208,0.4552669914767476,0.24421134503459713,0.03695724585803026,False
normal,N0089,1,1.7000000000000455,178.05947158362383,0.27386984704343353,0.48717916073420536,0.2389509922223267,0.0736220759411727,False
normal,N0089,2,1.6000000000000227,173.83859726157687,0.3112657499774767,0.4615682974691533,0.22716595255333574,0.0028664608955072945,False
normal,N0091,1,1.6000000000000227,81.87369182052467,0.3203340634984224,0.4445290416858036,0.23513689481573974,0.03561164269465697,False
normal,N0094,1,1.599999999999909,151.03986220777497,0.321716625550154,0.4589930135145687,0.2192903609352427,0.022071481072268417,False
normal,N0096,1,1.599999999999909,81.81106784133387,0.3392061962038655,0.43451699264763,0.22627681114846993,0.05705062237969141,False
normal,N0100,1,1.6999999999999318,94.41507540937799,0.30945481132207636,0.4651452344239008,0.22539995425398868,0.0056207427815373745,False
normal,N0100,2,1.6000000000000227,91.97331655918634,0.3545234024833576,0.4348592454485189,0.21061735206808915,0.08768503493867541,False
normal,N0102,1,1.6999999999999318,106.79407604016549,0.3446030413467478,0.44828911385041764,0.2071078448028001,0.0678443126654559,False
normal,N0103,1,1.6999999999999318,94.67171780678436,0.31935743746736767,0.4557767612910514,0.22486580124154648,0.017353104906695643,False
normal,N0104,1,1.599999999999909,82.17638117890763,0.3301553621219027,0.43960104164222735,0.2302435962358356,0.04546764278180937,False
normal,N0107,1,1.6000000000000227,103.5439713284845,0.3241411147682963,0.45420559919912956,0.22165328603253961,0.026920459508552985,False
normal,N0107,2,1.7000000000000455,108.10621919945073,0.3128972772262338,0.4675693381340163,0.21953338463971553,0.012398674931733022,False
normal,N0108,1,1.599999999999909,178.7679028382667,0.33219137004967997,0.45460196751866394,0.21320666243162176,0.04302097007132011,False
normal,N0108,2,1.7000000000000455,183.822866534575,0.31787000750197064,0.46932271944416043,0.21280727305383462,0.025850898103494918,False
normal,N0113,1,1.7000000000000455,174.8203487959131,0.28572025455594996,0.4845326580437451,0.2297470874002703,0.04992126091613963,False
normal,N0113,2,1.599999999999909,171.93363396850205,0.32490250195033793,0.4582470440905422,0.21685045395908548,0.028443233872636114,False
normal,N0126,1,1.7000000000000455,83.76079520354945,0.29514521638702673,0.47144595437950904,0.23340882923342982,0.03107133725398628,False
normal,N0126,2,1.599999999999909,82.9906107913648,0.3188912693185817,0.44550956904466144,0.2355991616367223,0.033650587976940954,False
normal,N0127,1,1.7000000000000455,115.12365731263627,0.29384697738894777,0.47934055964622724,0.22681246296479046,0.034011393226190595,False
normal,N0127,2,1.6000000000000227,109.29497391211193,0.3397729255391783,0.4500589399666708,0.2101681344941165,0.05818408105031686,False
normal,N0131,1,1.6000000000000227,81.52829104449077,0.3031314271809133,0.4554991906013204,0.24136938221773208,0.03127332022429993,False
normal,N0131,2,1.599999999999909,83.6030471460756,0.3426231234799785,0.4297416434470259,0.2276352330729611,0.06518643917221206,False
normal,N0133,1,1.6999999999999318,187.21964123394793,0.2728537751013046,0.48796905682368374,0.23917716807497713,0.07565421982543044,False
normal,N0136,1,1.7000000000000455,122.72400317292824,0.3378665605888409,0.45710369001309215,0.20502974939803256,0.05437135114964203,False
normal,N0137,1,1.7000000000000455,83.99559482790232,0.2792056006207064,0.4812332107466011,0.2395611886326581,0.06295056878662697,False
normal,N0138,1,1.599999999999909,88.49692723234921,0.34915449611578653,0.4300228007912341,0.220822703092945,0.07694722220353326,False
normal,N0138,2,1.7000000000000455,89.14234917626091,0.34454575087783534,0.43604154993285665,0.21941269918927367,0.06772973172763086,False
normal,N0139,1,1.599999999999909,86.8229704827571,0.371628586793195,0.4162562212633014,0.21211519194346903,0.12189540355835038,True
normal,N0145,1,1.599999999999909,151.98673635102557,0.32928805001205935,0.45652572854470425,0.21418622144320212,0.03721432999607882,False
normal,N0145,2,1.7000000000000455,153.9358835838171,0.31548187759176904,0.47180215371915213,0.2127159686890447,0.026033506833074954,False
normal,N0146,1,1.699999999999818,84.26495137920959,0.3141358776688102,0.4584718034973287,0.2273923188338267,0.007726119071606613,False
normal,N0152,1,1.7000000000000455,82.93738405248651,0.32682652472921137,0.4474960287482188,0.22567744652253532,0.03229127943038307,False
normal,N0152,2,1.7000000000000455,83.07224433824805,0.29919903592227265,0.46837367381826056,0.23242729025943243,0.022963698183494502,False
normal,N0154,1,1.699999999999818,88.08665427436496,0.32691986195467393,0.44751165233947143,0.22556848570582028,0.03247795388130806,False
normal,N0155,1,1.7000000000000455,183.63514294355005,0.2831876374005955,0.4867978862358568,0.23001447636351327,0.05498649522684873,False
normal,N0158,1,1.599999999999909,114.95809555270888,0.37028648209276505,0.43526652694004214,0.19444699096715815,0.1192111941574906,True
normal,N0158,2,1.7000000000000455,114.37328335389229,0.351871363501911,0.44400612240720644,0.20412251409084817,0.08238095697578224,False
normal,N0159,1,1.599999999999909,84.52251850999204,0.3253942858988193,0.44105986829919713,0.23354584580194918,0.04254998946786975,False
normal,N0159,2,1.7000000000000455,86.68543341593613,0.3121051710933496,0.45779741695182663,0.23009741195478936,0.00907489216261076,False
normal,N0160,1,1.599999999999909,172.6346782658899,0.3324867513641655,0.4543068803902066,0.21320636824559344,0.043611732700291284,False
normal,N0164,1,1.6000000000001364,82.19823872739043,0.3157108805931492,0.44808498755181875,0.23620413185499772,0.028499750962626608,False
normal,N0166,1,1.7000000000000455,138.38377586975653,0.2995469528488909,0.4783998545450979,0.22205319260597686,0.032129983023931774,False
normal,N0169,1,1.7000000000000455,84.29451519031232,0.30262494438232873,0.4647605327307643,0.23261452288687248,0.0161118812633822,False
normal,N0170,1,1.7000000000000455,171.52103740617423,0.27798086658213905,0.4861326147436928,0.23588651867413363,0.06540003686376153,False
normal,N0175,1,1.7000000000000455,138.8890084321406,0.2856514217503367,0.4833663222463234,0.23098225600330555,0.05005892652736643,False
normal,N0175,2,1.599999999999909,137.69177778062402,0.31792619819734425,0.4601385767254637,0.22193522507715752,0.014490626366648857,False
normal,N0176,1,1.699999999999818,161.1649900767106,0.3099084556672845,0.4752508645306188,0.21484067980206242,0.025832002994973513,False
normal,N0177,1,1.599999999999909,83.02578665001707,0.3210382649785538,0.4448904759091943,0.23407125911221716,0.03488877424787509,False
normal,N0184,1,1.7000000000000455,84.9329818878325,0.2844188576859941,0.47621113337705534,0.23937000893691612,0.052524054656051505,False
normal,N0189,1,1.7000000000000455,137.60071526780325,0.33106185010766137,0.4650635119242812,0.20387463796802271,0.04371616827511832,False
normal,N0193,1,1.6000000000001364,174.193871186314,0.30431740873200397,0.4657477509331536,0.22993484033480793,0.012726952564031752,False
normal,N0193,2,1.699999999999818,180.04133252475617,0.29642204772956204,0.4812173218247773,0.22236063044562632,0.03776491758329051,False
normal,N0198,1,1.699999999999818,168.06490549132815,0.27454757471128555,0.4861203812202065,0.23933204406847355,0.07226662060546868,False
normal,N0199,1,1.6000000000001364,126.42288142598854,0.3465046387275211,0.4489927996794098,0.20450256159303448,0.07164750742700263,False
normal,N0199,2,1.7000000000000455,127.38836566229715,0.33353480689127685,0.46104037892443295,0.2054248141842557,0.04570784375451403,False
normal,N0203,1,1.7000000000000455,95.02654449585071,0.32493834604541755,0.4529291361965807,0.22213251775796714,0.028514922062795545,False
normal,N0203,2,1.7000000000000455,97.98785751280369,0.2826014491952621,0.4783442253999505,0.23905432540475316,0.056158871637515706,False
normal,N0204,1,1.6000000000001364,174.79937640618738,0.3032877682896978,0.4630534624138204,0.2336587692964474,0.01585209438173077,False
normal,N0205,1,1.599999999999909,95.22230793333772,0.36534354794443685,0.4298203310759415,0.20483612097958753,0.10932532586083368,False
normal,N0210,1,1.599999999999909,82.85581134722516,0.30531593871775903,0.4533169059783152,0.24136715530389136,0.03126886639661866,False
normal,N0212,1,1.7000000000000455,182.9475876252492,0.27574261362154767,0.4874263680700543,0.23683101830836342,0.0698765427849442,False
normal,N0216,1,1.699999999999818,183.22130355214568,0.2838394539167164,0.4850494834821776,0.23111106260107167,0.05368286219460702,False
normal,N0217,1,1.7000000000000455,101.36834502480232,0.32611532355368306,0.45790841444032954,0.21597626200595293,0.030868877079326423,False
normal,N0221,1,1.6000000000001364,179.20925732763533,0.3086440284324363,0.46353095747400164,0.22782501409352746,0.004184583975891026,False
normal,N0222,1,1.7000000000000455,115.17556126639296,0.3457359116406349,0.4481438627636589,0.20612022559567164,0.07011005325323016,False
normal,N0222,2,1.699999999999818,115.18807673350094,0.32130295450753077,0.46539465057726204,0.21330239491517278,0.024860654380818498,False
normal,N0227,1,1.7000000000000455,176.83632608087947,0.3076740341886506,0.47634843657318154,0.21597752923813357,0.028027147080098985,False
normal,N0228,1,1.7000000000000455,173.32609396168394,0.3226635421937881,0.46766211823009046,0.20967433957608692,0.03211676505899014,False
normal,N0228,2,1.7000000000000455,176.05870096009966,0.29318928124375393,0.48212170405558774,0.22468901470062388,0.03957368204491152,False
normal,N0229,1,1.7000000000000455,139.92173370795277,0.2829199827647795,0.48248999067644255,0.2345900265587435,0.05552180449848074,False
normal,N0233,1,1.699999999999818,83.15650476058131,0.2786172989949279,0.4794578613303989,0.24192483967463888,0.06412717203818408,False
normal,N0233,2,1.6000000000001364,81.2123533025827,0.32347243526235725,0.44403900116574885,0.23248856357185949,0.036591723734766296,False
normal,N0235,1,1.7000000000000455,179.04561452494062,0.2754315100162291,0.4868912490857644,0.23767724089797182,0.07049874999558128,False
normal,N0235,2,1.599999999999909,175.18781047198445,0.3142983940686368,0.4611887100822073,0.22451289584912118,0.007235018109234159,False
normal,N0241,1,1.7000000000000455,176.3296827720749,0.2791788760628147,0.48495677690663513,0.23586434703051556,0.06300401790241014,False
normal,N0245,1,1.599999999999909,82.16475198958369,0.32947440140001066,0.4399534615110459,0.23057213708890886,0.04476280304417202,False
normal,N0245,2,1.7000000000000455,83.66916622477675,0.31685900454978455,0.4542663551074906,0.2288746403426907,0.016137015851283076,False
normal,N0246,1,1.7000000000000455,113.60722380939082,0.33590753432840786,0.454255960193091,0.20983650547846652,0.05045329862877618,False
normal,N0253,1,1.7000000000000455,150.23916510178495,0.2880069497912662,0.48341192251216447,0.2285811276965349,0.045347870445507366,False
normal,N0257,1,1.7000000000000455,83.62486502249278,0.29747229608694375,0.47100553415253454,0.23152216976048756,0.026417177854152513,False
normal,N0258,1,1.7000000000000455,142.49139226204693,0.3219920556874796,0.468503410817943,0.2095045334945431,0.03245637722207795,False
normal,N0259,1,1.7000000000000455,182.36612915191287,0.30880101623686934,0.4757952491326374,0.21540373463045898,0.02692077219901065,False
normal,N0264,1,1.7000000000000455,162.75851813374055,0.30242793021260267,0.47730700595926573,0.22026506382809735,0.0299442858522673,False
normal,N0264,2,1.699999999999818,166.11841433113707,0.27288034249996773,0.4878202757464784,0.23929938175351959,0.07560108502810442,False
normal,N0266,1,1.7000000000000455,82.61751740735276,0.2965621688692592,0.4706378480087958,0.23279998312191064,0.02823743228952144,False
normal,N0271,1,1.6000000000003638,149.35862825869523,0.345875008481641,0.45192697231762796,0.20219801920069674,0.07038824693524212,False
normal,N0271,2,1.699999999999818,149.74169998993202,0.3307512155801831,0.4653671634700678,0.2038816209497146,0.04370220231173477,False
normal,N0272,1,1.699999999999818,84.53483058423255,0.27996206936543655,0.48042409640192996,0.2396138342325992,0.061437631297166756,False
normal,N0274,1,1.699999999999818,84.74435993431166,0.3273770128680745,0.4486523937525955,0.22397059337929548,0.03339225570810936,False
normal,N0274,2,1.7000000000002728,83.77930157183086,0.31250084422873076,0.46053630971782517,0.22696284605340986,0.0036399184294215736,False
normal,N0275,1,1.699999999999818,117.84381135286895,0.3210416840904762,0.46953328553570367,0.2094250303737856,0.03261538346359272,False
normal,N0275,2,1.699999999999818,117.33801714264236,0.28581610500878823,0.4830727066422544,0.231111188348923,0.0497295600104633,False
normal,N0276,1,1.699999999999818,181.77100623374233,0.3061079930651899,0.47331246440942654,0.22057954252534925,0.021955202752588998,False
normal,N0280,1,1.6000000000003638,185.68133678177634,0.304043139331691,0.46281410671402284,0.2331427539542516,0.014820063697339264,False
normal,N0280,2,1.699999999999818,193.62558393439727,0.30129236465107656,0.477854503511596,0.22085313183729302,0.031039280956927984,False
normal,N0281,1,1.599999999999909,82.7197010997651,0.3235337045625174,0.44246291653452696,0.23400337890292142,0.03974389299721026,False
normal,N0285,1,1.7000000000002728,91.06660188786609,0.30891219341614684,0.46192958999830847,0.2291582165855105,0.006850988959856724,False
normal,N0285,2,1.599999999999909,90.44263676849772,0.3478452280805341,0.43473273768572607,0.21742203423370543,0.07432868613302843,False
normal,N0287,1,1.599999999999909,93.17648070924567,0.3815025271991233,0.41767877963707734,0.20081869316376505,0.14164328437020676,True
normal,N0287,2,1.7000000000002728,93.22652732673535,0.36586449048765307,0.42127444314466717,0.21286106636764515,0.11036721094726659,False
normal,N0293,1,1.699999999999818,109.23114823608702,0.3070096702666937,0.469109594041711,0.22388073569156117,0.013549462017157732,False
normal,N0293,2,1.599999999999909,105.10891562998899,0.3546876445169198,0.4377153825239543,0.20759697295909132,0.08801351900580001,False
normal,N0294,1,1.699999999999818,83.41221306538552,0.29783967925592003,0.4686525305538447,0.23350779019020101,0.02568241151619985,False
normal,N0298,1,1.699999999999818,150.5102199477658,0.32554424902576246,0.4692584703356615,0.20519728063854173,0.04107088293408068,False
normal,N0300,1,1.699999999999818,149.41625640126568,0.3119099800862432,0.47331672260629387,0.21477329730742842,0.021963719146323835,False
normal,N0303,1,1.599999999999909,179.39030553036199,0.2953122252034908,0.4646359668997372,0.24005180789673738,0.030737319621057912,False
normal,N0303,2,1.7000000000002728,190.88059320339383,0.28641566660545126,0.4825439062934142,0.2310404271011,0.04853043681713712,False
normal,N0306,1,1.599999999999909,80.22073945096838,0.30117388785192145,0.45549387750538417,0.24333223464265996,0.03519902507415587,False
normal,N0309,1,1.7000000000002728,97.55659814785712,0.31332260964590986,0.46170322883390125,0.2249741615201545,0.005283449263779938,False
normal,N0310,1,1.7000000000002728,189.32900116973644,0.3067199621438951,0.47677871305006664,0.21650132480600354,0.028887700033869618,False
normal,N0322,1,1.7000000000002728,181.1975671583891,0.2906195517700428,0.48259047725731063,0.2267899709726121,0.040511228448357334,False
normal,N0324,1,1.699999999999818,98.09517052144109,0.3277730877724981,0.4521940523080161,0.2200328599194512,0.03418440551695659,False
normal,N0324,2,1.699999999999818,99.39238605784935,0.3017203922057589,0.4693972187949742,0.22888238899923244,0.01792098561652189,False
normal,N0328,1,1.6000000000003638,153.17240605606887,0.32351634835362736,0.45903564256497975,0.21744800908135842,0.025670926679215028,False
normal,N0328,2,1.699999999999818,159.33692186385028,0.3042392579385882,0.47651659156487314,0.21924415049650428,0.028363457063482256,False
normal,N0329,1,1.699999999999818,149.95052038391873,0.32070125994613474,0.4697964775649568,0.20950226248887388,0.032460919233416125,False
normal,N0330,1,1.699999999999818,83.76954723907507,0.29047330898888507,0.4750322101810304,0.23449448083005003,0.04041515205026955,False
normal,N0334,1,1.7000000000002728,190.96747013932253,0.28385794294668265,0.4874937865922446,0.22864827046103825,0.05364588413467439,False
normal,N0335,1,1.699999999999818,90.92654046812552,0.34974744249248235,0.4341241525465698,0.21612840496091354,0.07813311495692488,False
normal,N0336,1,1.699999999999818,110.36868780275667,0.2830343466421584,0.4822689614770627,0.2346966918807445,0.055293076743722996,False
normal,N0341,1,1.7000000000002728,88.0937715345568,0.2989802783703493,0.4676525872563444,0.23336713437327186,0.023401213287341127,False
normal,N0347,1,1.699999999999818,108.9136267119356,0.3079790518957842,0.47114322357110777,0.22087772453307358,0.017616721075951608,False
normal,N0348,1,1.599999999999909,181.45560088229766,0.3053111449412232,0.46503889084723815,0.22964996421150427,0.010739480145593394,False
normal,N0348,2,1.7000000000002728,186.92242429885613,0.29783730326756197,0.48061059872785505,0.22155209800454856,0.036551471389446116,False
normal,N0353,1,1.599999999999909,85.09501987683558,0.34654268618793904,0.43065651744597566,0.22280079636605088,0.07172360234783834,False
normal,N0353,2,1.699999999999818,88.10187052149695,0.32342174899965304,0.44890981454686224,0.22766843645345022,0.026850096972539428,False
normal,N0354,1,1.7000000000002728,184.44056687875587,0.2703169188565615,0.4888099865530296,0.24087309459037448,0.08072793231491673,False
normal,N0354,2,1.599999999999909,179.45955878207494,0.3055900470020245,0.46469721654854057,0.22971273644940043,0.010181676023990643,False
normal,N0359,1,1.7000000000002728,148.80800484458547,0.3078739675419845,0.4752014453912306,0.2169245870667503,0.02573316471619741,False
normal,N0360,1,1.699999999999818,84.35399716568361,0.2904271491000326,0.4738957732859169,0.23567707761401624,0.040507471827974734,False
normal,N0361,1,1.699999999999818,183.69865031396344,0.3108147836069249,0.4745015643763107,0.21468365201672998,0.02433340268635742,False
normal,N0362,1,1.599999999999909,146.76617283154792,0.3425955281357515,0.4541332159709498,0.2032712558932642,0.06382928624346335,False
normal,N0365,1,1.7000000000002728,83.52288543311629,0.27467989881042015,0.48173090394789125,0.24358919724165393,0.07200197240719919,False
normal,N0365,2,1.599999999999909,81.44562710514276,0.31794744793584157,0.44710050698164067,0.23495204508248357,0.03046871210298288,False
normal,N0367,1,1.699999999999818,164.83812004917414,0.28414214288925993,0.484856003392826,0.23100185371787965,0.05307748424951986,False
normal,N0372,1,1.599999999999909,157.88530145202063,0.2981781335217831,0.4648011740394005,0.23702069243878188,0.025005502984473488,False
normal,N0372,2,1.7000000000002728,165.73345550078537,0.2862183998123741,0.4828908005062979,0.23089079968129367,0.04892497040329161,False
normal,N0373,1,1.699999999999818,147.6148695288132,0.3122730753949244,0.47399885139531395,0.21372807320972695,0.02400929779170985,False
normal,N0377,1,1.7000000000002728,83.23428270766945,0.3167064566503466,0.45564879148491194,0.22764475186470712,0.013372143096440164,False
normal,N0377,2,1.699999999999818,83.6411833803944,0.28243576995231684,0.4783008246537343,0.23926340539391458,0.056490230123406204,False
normal,N0378,1,1.699999999999818,109.80782952745139,0.291363238451634,0.47842414440343783,0.230212617144894,0.03863529312477201,False
normal,N0378,2,1.599999999999909,108.92387452565833,0.3286394903900981,0.45555939106927457,0.21580111854059292,0.03591721075215645,False
normal,N0379,1,1.599999999999909,183.41805592321538,0.3195640082861569,0.4591467307044702,0.22128926100933854,0.017766246544273973,False
normal,N0383,1,1.699999999999818,183.07682992322313,0.2748356122764615,0.4878629665713672,0.2373014211521369,0.07169054547511672,False
normal,N0383,2,1.599999999999909,178.67659602319438,0.30926630741788724,0.46372803472986074,0.22700565785221757,0.0028291551922652314,False
normal,N0384,1,1.599999999999909,99.54669542072946,0.3696882415771334,0.4289676295973681,0.20134412882546412,0.11801471312622702,False
normal,N0384,2,1.7000000000002728,99.85063383983483,0.35568415893985456,0.4356639567013896,0.20865188435872162,0.0900065478516692,False
normal,N0385,1,1.599999999999909,83.27206397267042,0.3191736686565345,0.4451014815041134,0.23572484983931782,0.034466763058037364,False
normal,N0390,1,1.6000000000003638,142.46665660068044,0.3323668403762092,0.45645000247374057,0.2111831571500157,0.04337191072437879,False
normal,N0390,2,1.699999999999818,143.81495790373108,0.32725574587504835,0.46837606164366596,0.20436819248125102,0.04272905924866177,False
normal,N0395,1,1.7000000000002728,143.24857175717347,0.2943876052316658,0.4807944896937248,0.224817905074575,0.03691925332118559,False
normal,N0395,2,1.599999999999909,135.54342947200965,0.3345921539172705,0.4540461754579296,0.2113616706247656,0.04782253780650114,False
normal,N0396,1,1.6000000000003638,82.8090663859077,0.33050364848387387,0.43940722688757367,0.23008912462851794,0.04585527229111655,False
normal,N0400,1,1.699999999999818,180.70243780942528,0.29936749232742704,0.4805394960984781,0.2200930115740605,0.036409266130692175,False
normal,N0401,1,1.599999999999909,135.05162442968194,0.32465971169808855,0.4565033368539958,0.21883695144788134,0.027957653368137242,False
normal,N0402,1,1.7000000000002728,86.27849851469634,0.3213361761254909,0.4487584483850484,0.2299053754894262,0.027152829296167108,False
normal,N0405,1,1.7000000000002728,179.35700442447717,0.3028865605082025,0.4767707079356161,0.22034273155614675,0.02887168980496843,False
normal,N0405,2,1.699999999999818,180.90704001407929,0.2757577272880462,0.4868320079665923,0.23741026474532712,0.06984631545194739,False
normal,N0406,1,1.599999999999909,131.6940089298036,0.322622326251521,0.4601992405617669,0.21717843318667765,0.023882882475002254,False
normal,N0407,1,1.7000000000002728,83.61628760091075,0.3109083129470192,0.46082725699700816,0.22826443005593833,0.005063415900712492,False
normal,N0410,1,1.699999999999818,160.9200880163688,0.274793560441307,0.4864885188715006,0.23871792068715805,0.0717746491454258,False
normal,N0410,2,1.6000000000003638,158.9631998534477,0.31312548648192534,0.4630427019769745,0.22383181154106568,0.004889202935810993,False
normal,N0411,1,1.6000000000003638,159.7253235598656,0.33500976962484785,0.4549476974360215,0.2100425329390963,0.048657769221655905,False
normal,N0412,1,1.599999999999909,82.26862601405416,0.3227246505410385,0.4436267307548955,0.23364861870403167,0.03741626455647307,False
normal,N0417,1,1.6000000000003638,135.96013256662036,0.3152730853451447,0.4607407819677238,0.22398613268709724,0.009184400662249514,False
normal,N0418,1,1.599999999999909,82.0258668143387,0.3109007599693408,0.4520837317513811,0.23701550827924348,0.022565572347323093,False
normal,N0422,1,1.7000000000002728,186.43565407388124,0.3200044932141078,0.473453391142534,0.206542115643324,0.03838121292451624,False
normal,N0422,2,1.699999999999818,181.39480432379492,0.28802772513565517,0.48506467463424674,0.22690760023006365,0.045459623202229515,False
normal,N0423,1,1.7000000000002728,106.15910634858265,0.3155338545684818,0.46588588494178684,0.21858026048969703,0.0143049232317701,False
normal,N0423,2,1.599999999999909,101.38830610542371,0.37009965149760493,0.43076531624830794,0.19913503225405266,0.11883753296717017,True
normal,N0424,1,1.7000000000002728,96.69613865120873,0.29457707354913687,0.47265548515991884,0.23276744129090993,0.03220762292976606,False
normal,N0427,1,1.7000000000002728,179.2591400208635,0.3222926838185267,0.467308473208074,0.2103988429733649,0.030667758264434297,False
normal,N0428,1,1.699999999999818,129.56370213430043,0.3077862104216661,0.4739141685798423,0.2182996209984572,0.0231586110934206,False
normal,N0428,2,1.599999999999909,122.83593482811538,0.36518358992826916,0.4401793345199096,0.19463707555178666,0.10900540982849874,False
normal,N0429,1,1.7000000000002728,84.47359248760739,0.32474940352020765,0.448443325290894,0.22680727118886393,0.028137037012375576,False
normal,N0438,1,1.599999999999909,133.19239017161036,0.33976517716437843,0.45320629441012233,0.20702852842546474,0.0581685843007172,False
normal,N0438,2,1.7000000000002728,133.2981090358603,0.3329065486082757,0.462864090751509,0.20422936064018085,0.044451327188511636,False
normal,N0440,1,1.6000000000003638,177.8814011246419,0.3196353922549777,0.46126113067745844,0.21910347706752942,0.017909014481915703,False
normal,N0444,1,1.599999999999909,174.82099535077094,0.3269631168933519,0.4588413991873851,0.21419548391922857,0.032564463758664064,False
normal,N0445,1,1.7000000000002728,144.0223972543708,0.30312593838603913,0.47849147621629606,0.21838258539763034,0.03231322636632819,False
normal,N0446,1,1.699999999999818,84.75476053548948,0.2845226489781892,0.47680686019521845,0.23867049082655806,0.052316472071661485,False
normal,N0449,1,1.599999999999909,134.28609190730313,0.30059526126600766,0.4647000007522127,0.2347047379817452,0.02017124749602439,False
normal,N0449,2,1.7000000000002728,140.43769398437823,0.297260751708089,0.4789283868405037,0.223810861451373,0.03318704761474328,False
normal,N0450,1,1.7000000000002728,172.4692303096872,0.28154333607424215,0.48644932140508396,0.23200734252063945,0.058275097879555426,False
normal,N0451,1,1.7000000000002728,83.83420146623999,0.2819346604349919,0.47747952740286764,0.2405858121621062,0.057492449158056125,False
normal,N0454,1,1.699999999999818,97.38537056316572,0.29336699189831594,0.47214068511240237,0.23449232298924727,0.03462778623140786,False
normal,N0454,2,1.6000000000003638,96.96272792186271,0.32733371034884806,0.4496235882909399,0.2230427013601775,0.03330565066965649,False
normal,N0456,1,1.699999999999818,93.6482166017323,0.32406585870187643,0.4542078194145456,0.22172632188354344,0.026769947375713254,False
normal,N0461,1,1.699999999999818,91.84646067597399,0.3437176972708092,0.43603541479292823,0.22024688793622801,0.06607362451357879,False
normal,N0461,2,1.7000000000002728,90.33521547279376,0.32264747051369136,0.452470708600649,0.22488182088562533,0.02393317099934289,False
normal,N0467,1,1.699999999999818,170.6079056991184,0.303892387597743,0.4767403907253643,0.21936722167685832,0.028811055384464546,False
normal,N0467,2,1.7000000000002728,172.8785635443642,0.27367726600552894,0.4876917419674777,0.2386309920269587,0.07400723801698164,False
normal,N0468,1,1.699999999999818,133.15130993486557,0.30276570758624766,0.47462163143884806,0.22261266097486992,0.024573536811432067,False
normal,N0469,1,1.699999999999818,184.2391906440776,0.27993697430745024,0.4869257745873605,0.2331372511051547,0.06148782141313916,False
normal,N0472,1,1.7000000000002728,88.05061426986967,0.3102125173541272,0.4573828932833336,0.23240458936250455,0.013343734513845296,False
normal,N0472,2,1.699999999999818,88.02772944878734,0.28496603987833186,0.47400133216803736,0.24103262795359612,0.05142969027137578,False
normal,N0473,1,1.699999999999818,88.5022653039302,0.3138791815760542,0.45381554159754006,0.23230527682637142,0.01703864287118398,False
normal,N0474,1,1.699999999999818,88.31012714996938,0.30107277918054387,0.463707413319116,0.2352198075003058,0.019216211666952115,False
normal,N0477,1,1.599999999999909,86.12049969486922,0.3375395378404406,0.4333179958264801,0.2291424663330448,0.0580337344133037,False
normal,N0477,2,1.7000000000002728,87.73713892085414,0.32261301850690505,0.44815739451142517,0.22922958698163512,0.02835493704341341,False
normal,N0478,1,1.7000000000002728,87.54226894403679,0.28338823354437365,0.47506069736894285,0.24155106908664908,0.05458530293929245,False
normal,N0478,2,1.599999999999909,85.51504418265574,0.32521878347692235,0.4402847918684559,0.23449642465458717,0.044100142329352,False
normal,N0480,1,1.7000000000002728,87.47101688532966,0.29401423445283953,0.4683632035658376,0.23762256198128856,0.0333333011223608,False
normal,N0480,2,1.599999999999909,85.66984370102439,0.33494981661329676,0.43405440808557305,0.23099577530109594,0.056560909895118056,False
normal,N0481,1,1.699999999999818,88.50437568156447,0.2952113510930378,0.4684132124596032,0.23637543644732445,0.030939067841964013,False
normal,N0483,1,1.699999999999818,88.17174419606646,0.30098837506684056,0.4640416295577846,0.23496999537534027,0.01938501989435848,False
normal,N0483,2,1.6000000000003638,86.3419391690846,0.3439520030441303,0.4284802295103179,0.22756776744551752,0.06770926704562835,False
normal,N0484,1,1.699999999999818,88.44223065444896,0.2913343757138312,0.4693869056255915,0.23927871866054282,0.03869301860037727,False
normal,N0484,2,1.6000000000003638,86.52865151484565,0.3332160827443875,0.4343365669987176,0.23244735025685995,0.05599659206882829,False
normal,N0485,1,1.699999999999818,88.31253262038932,0.30700501469977776,0.4590419743913503,0.23395301090883758,0.016440577606511048,False
normal,N0486,1,1.699999999999818,88.40504248692041,0.27800645781764066,0.4765608348113775,0.24543270737094738,0.0653488543927584,False
normal,N0486,2,1.6000000000003638,86.49555673624535,0.31719319800818774,0.4432680607238621,0.2395387412679157,0.038133604618539735,False
normal,N0491,1,1.699999999999818,87.15031422289411,0.30021371548546477,0.4651705928196926,0.23461569169480823,0.0209343390571102,False
normal,N0492,1,1.599999999999909,85.98507705078237,0.32588385150585597,0.43985016697631085,0.23426598151779873,0.04496939211364226,False
normal,N0493,1,1.7000000000002728,87.3263460744447,0.3201878241822449,0.45094735434175875,0.22886482147596202,0.022775017382746565,False
normal,N0497,1,1.699999999999818,88.97856949416091,0.28744172569581977,0.47240066286401583,0.24015761144013015,0.04647831863640037,False
normal,N0498,1,1.6000000000003638,86.80202458263508,0.33937474461267,0.4331614222010515,0.227463833186244,0.058346881664160855,False
normal,N0498,2,1.699999999999818,88.18935215160077,0.32920684320717875,0.44439574243999974,0.22639741435278724,0.03705191638631761,False
normal,N0504,1,1.699999999999818,88.49338600761718,0.2815015789331733,0.4751460379606177,0.24335238310617452,0.05835861216169311,False
normal,N0505,1,1.699999999999818,89.11122207454112,0.295465298952462,0.4665373416335614,0.23799735941394232,0.030431172123115913,False
normal,N0506,1,1.699999999999818,87.95245361556381,0.3205491458826042,0.44886112510030957,0.23058972901705188,0.026947475865644915,False
normal,N0509,1,1.699999999999818,89.40259934482908,0.283723822210184,0.47447935110885564,0.2417968266809259,0.0539141256076717,False
normal,N0510,1,1.699999999999818,88.90289846982913,0.2941621255167556,0.46780271384136274,0.23803516064184713,0.03303751899452845,False
normal,N0514,1,1.599999999999909,86.55535755627966,0.34032889155480456,0.4303864670760368,0.22928464136912427,0.06389679191419045,False
normal,N0516,1,1.699999999999818,88.52893154428226,0.3060883175829579,0.45998052937695083,0.23393115304005682,0.01639686186894962,False
normal,N0519,1,1.699999999999818,88.04025696609904,0.2788244685845586,0.47666605069739526,0.24450948071801157,0.06371283285892237,False
normal,N0520,1,1.599999999999909,86.70255942229986,0.3252588020677819,0.438657881592849,0.2360833163393346,0.0473539628805659,False
normal,N0521,1,1.7000000000002728,88.71345197492067,0.3005919603379168,0.46364182828672573,0.23576621137532314,0.020177849352206234,False
normal,N0525,1,1.599999999999909,86.82472925291965,0.3188273759097392,0.44238660438822447,0.2387860197020019,0.039896517289815026,False
normal,N0525,2,1.699999999999818,88.54127233944989,0.30753121785756166,0.45809197055939194,0.23437681158301227,0.017288178954860206,False
normal,N0526,1,1.7000000000002728,88.75284325670178,0.3096844114710363,0.4569666295930746,0.23334895893585447,0.015232473660545087,False
normal,N0526,2,1.699999999999818,88.97411220470093,0.28020902405191506,0.476212241681118,0.24357873426693258,0.06094372192420966,False
normal,N0536,1,1.699999999999818,89.40737407284574,0.27960738364098886,0.47594903558489104,0.24444358077408565,0.062147002746062,False
normal,N0537,1,1.699999999999818,89.08157434503087,0.3249721043009675,0.4438129943881041,0.2312149013108942,0.037043737290056,False
normal,N0538,1,1.6000000000003638,87.34389483695932,0.3281410150231952,0.43845048565271905,0.23340849932405125,0.047768754760825816,False
normal,N0543,1,1.699999999999818,88.62563295098742,0.28766538602748765,0.4709996761803693,0.24133493779210874,0.046030997973064564,False
normal,N0543,2,1.6000000000003638,86.79974088120807,0.3279482562879909,0.43717846957575185,0.2348732741362228,0.050312786914760266,False
normal,N0548,1,1.699999999999818,88.54387551635729,0.3026031775906462,0.46137365144553244,0.2360231709637871,0.02058089771641,False
normal,N0549,1,1.5999999999994543,86.58317914720004,0.34874146230410463,0.4250626784320884,0.22619585926377256,0.07612115458016952,False
normal,N0549,2,1.7000000000007276,88.21973220087916,0.3326940535479676,0.43946523195028675,0.22784071450171123,0.04573926216569049,False
normal,N0550,1,1.7000000000007276,86.87892472617423,0.2763188028981864,0.47876809322985164,0.24491310387192763,0.06872416423166705,False
normal,N0550,2,1.5999999999994543,86.12448210445068,0.3003074663145674,0.4513940118504138,0.24829852183498438,0.04513159945880474,False
normal,N0551,1,1.699999999999818,88.30644795775206,0.2806827544900527,0.475650236677646,0.2436670088322669,0.059996261047934374,False
normal,N0555,1,1.7000000000007276,88.30421514613572,0.3197485266607392,0.45039462575686423,0.22985684758236216,0.023880474552535558,False
normal,N0555,2,1.699999999999818,88.48151222416958,0.29291164900949307,0.4689272458179115,0.23816110517256112,0.03553847200905372,False
normal,N0556,1,1.6000000000003638,86.71708127147076,0.3463164005332755,0.42713724615125437,0.22654635331543574,0.07127103103851123,False
normal,N0557,1,1.699999999999818,88.1865964831847,0.3119548496362599,0.45641214549101083,0.23163300487269484,0.011845435084242323,False
normal,N0557,2,1.699999999999818,88.46580699156773,0.2831616992728469,0.474856822046779,0.24198147868033987,0.05503837148234611,False
normal,N0558,1,1.699999999999818,87.37877430056382,0.3140226698276193,0.45469177272859895,0.23128555744374724,0.015286180609065975,False
normal,N0561,1,1.5999999999994543,88.33204212604974,0.35686258590520925,0.42522790853529974,0.2179095055594565,0.09236340178237884,False
normal,N0568,1,1.6000000000003638,83.23439956606269,0.3402115982268904,0.4329419976261875,0.22684640414688753,0.05906142642574119,False
normal,N0568,2,1.699999999999818,85.06349828563404,0.3222617143053477,0.45053898126517533,0.2271993044294426,0.023591763535913413,False
normal,N0570,1,1.7000000000007276,84.03265701576032,0.2876615625795459,0.4752776932829897,0.23706074413742995,0.0460386448689479,False
normal,N0571,1,1.699999999999818,167.26955898462205,0.27935372057121083,0.4861061378261741,0.23454014160258035,0.06265432888561781,False
normal,N0574,1,1.6000000000003638,123.8196911878595,0.3276926452313724,0.4558125794408587,0.21649477532773453,0.03402352043470505,False
normal,N0575,1,1.699999999999818,189.3499429908503,0.3111422815905652,0.4730638060291429,0.21579391238025747,0.021457885992021836,False
normal,N0575,2,1.699999999999818,188.69444854548757,0.29125472608127834,0.483751918933378,0.22499335498530904,0.04283411180049221,False
normal,N0576,1,1.699999999999818,112.43911197475262,0.3302598210157253,0.4597826252319778,0.20995755375226258,0.039157872003410754,False
normal,N0578,1,1.699999999999818,110.4194132393587,0.3504217508886037,0.44267876205149337,0.2068994870598687,0.0794817317491675,False
normal,N0583,1,1.6000000000003638,171.08499944073836,0.33867272055465614,0.452701902598558,0.20862537684675145,0.0559836710812725,False
normal,N0587,1,1.7000000000007276,119.95885481943672,0.3480840438194726,0.4510979915803973,0.20081796460009543,0.0748063176109057,False
normal,N0587,2,1.699999999999818,117.67086869684759,0.3260860204444407,0.46398793936895705,0.2099260401865679,0.03161336383802829,False
normal,N0588,1,1.6000000000003638,84.81722067703843,0.35428687247617685,0.42547704657944846,0.22023608094434013,0.0872119749243141,False
normal,N0593,1,1.699999999999818,86.2050999287432,0.2960917211150902,0.46768074709830004,0.23622753178657535,0.029178327797859366,False
normal,N0593,2,1.6000000000003638,84.41825576000132,0.34185530295729427,0.4317567140115472,0.22638798303112412,0.0623488358865488,False
normal,N0597,1,1.699999999999818,153.4407786916103,0.2935974703528874,0.4827952899071863,0.22360723973989213,0.04092085374810833,False
normal,N0597,2,1.6000000000003638,150.10061486265465,0.3364863320515413,0.45553741422899846,0.2079762537194258,0.05161089407504291,False
normal,N0598,1,1.699999999999818,85.07397734719021,0.30372519233955503,0.4651098255421616,0.23116498211824907,0.013911385348929828,False
