eval_set,source,segment_id,label,n_windows,n_alarm_A,alarm_ratio_A,max_score_A,mean_score_A,any_alarm_A,segment_result_A,cycle_context_available,cycle_timing_break,cycle_current_break,cycle_response_break,cycle_shape_break,max_PORD,max_Shape_RMSE,max_timing_deviation,n_alarm_B,alarm_ratio_B,max_score_B,mean_score_B,any_alarm_B,segment_result_B,comparison_result,models_agree
OOF,normal,N0006,0,41,0,0.0,0.0825182297817576,0.013940721959359335,False,CLEAN_NORMAL,True,False,False,False,False,1.9838042136912035,0.0933770830364716,1.0867124193972773e-13,2,0.04878048780487805,311.5604308748162,98.36073925934475,True,FALSE_ALARM_NORMAL,B_ONLY_FP,False
OOF,normal,N0011,0,41,0,0.0,0.025421918449138,0.005033724064275442,False,CLEAN_NORMAL,True,False,False,False,False,0.6098921706607703,0.1058000997139818,1.0867124193972773e-13,2,0.04878048780487805,198.5275820408179,61.063384524080256,True,FALSE_ALARM_NORMAL,B_ONLY_FP,False
OOF,normal,N0013,0,16,0,0.0,0.0211074293216958,0.0035798462182514,False,CLEAN_NORMAL,False,False,False,False,False,,,,1,0.0625,291.162446574802,88.73992054260282,True,FALSE_ALARM_NORMAL,B_ONLY_FP,False
OOF,normal,N0019,0,14,0,0.0,0.0378445590615265,0.016770954244661598,False,CLEAN_NORMAL,False,False,False,False,False,,,,5,0.35714285714285715,259.45144756191587,119.14438446153122,True,FALSE_ALARM_NORMAL,B_ONLY_FP,False
OOF,normal,N0023,0,41,0,0.0,0.0921358903670297,0.017918126455713182,False,CLEAN_NORMAL,True,False,False,False,False,0.966383422664406,0.0894476588637669,0.058823529411616,10,0.24390243902439024,465.5188639125242,111.91114825932068,True,FALSE_ALARM_NORMAL,B_ONLY_FP,False
OOF,normal,N0035,0,29,0,0.0,0.0404134481288393,0.009010938502813651,False,CLEAN_NORMAL,True,False,False,False,False,1.111683657744854,0.0488755091627025,0.058823529411616,1,0.034482758620689655,147.90736114198515,63.76527590663586,True,FALSE_ALARM_NORMAL,B_ONLY_FP,False
OOF,normal,N0048,0,41,0,0.0,0.041283734231335,0.005135526737868888,False,CLEAN_NORMAL,True,False,True,True,False,1.0434462278962835,0.1186430776684569,0.0588235294116494,2,0.04878048780487805,168.1825285288725,63.96435964773613,True,FALSE_ALARM_NORMAL,B_ONLY_FP,False
OOF,normal,N0049,0,31,0,0.0,0.0691169009043864,0.019002781748132486,False,CLEAN_NORMAL,True,False,False,False,False,0.256941187088218,0.0683326146264087,0.058823529411616,7,0.22580645161290322,211.4996946709144,89.19831751241902,True,FALSE_ALARM_NORMAL,B_ONLY_FP,False
OOF,normal,N0064,0,41,0,0.0,0.1327773240845777,0.027832255349708665,False,CLEAN_NORMAL,True,False,False,False,False,1.657226662685797,0.0742030786299516,0.0588235294116494,11,0.2682926829268293,261.8887070868931,109.49826748749923,True,FALSE_ALARM_NORMAL,B_ONLY_FP,False
OOF,normal,N0073,0,41,1,0.024390243902439025,0.4201876196647183,0.033085308844541604,True,FALSE_ALARM_NORMAL,True,False,False,True,False,1.1307034790099186,0.1168921685049721,1.337492208488957e-13,0,0.0,127.81201327570771,52.16243251942134,False,CLEAN_NORMAL,A_ONLY_FP,False
OOF,normal,N0091,0,27,0,0.0,0.104239052413177,0.011625357232356023,False,CLEAN_NORMAL,True,False,False,False,False,0.1846515910524311,0.0477859651954021,0.058823529411616,2,0.07407407407407407,147.74868406433433,81.1846855066139,True,FALSE_ALARM_NORMAL,B_ONLY_FP,False
OOF,normal,N0094,0,41,0,0.0,0.0822618285140667,0.010303206537386065,False,CLEAN_NORMAL,True,False,False,False,False,0.5098769712360302,0.0642527987366241,0.0588235294116828,3,0.07317073170731707,187.3862577291899,64.50795096242263,True,FALSE_ALARM_NORMAL,B_ONLY_FP,False
OOF,normal,N0098,0,15,0,0.0,0.1080424745648333,0.012761209615811214,False,CLEAN_NORMAL,False,False,False,False,False,,,,1,0.06666666666666667,141.57807306866954,78.12815502533527,True,FALSE_ALARM_NORMAL,B_ONLY_FP,False
OOF,normal,N0120,0,41,0,0.0,0.0610782734054685,0.006502213475947324,False,CLEAN_NORMAL,True,False,True,False,False,1.013266825082886,0.0516322213395314,0.058823529411616,2,0.04878048780487805,150.00195548409127,60.872180790579975,True,FALSE_ALARM_NORMAL,B_ONLY_FP,False
OOF,normal,N0140,0,14,0,0.0,0.0821851659423465,0.026902673749598493,False,CLEAN_NORMAL,False,False,False,False,False,,,,4,0.2857142857142857,156.2063320691803,102.74714979297451,True,FALSE_ALARM_NORMAL,B_ONLY_FP,False
OOF,normal,N0159,0,41,0,0.0,0.0250394080329132,0.002832593757727405,False,CLEAN_NORMAL,True,False,False,False,False,0.9953530456657538,0.0808263339812616,0.0588235294116828,2,0.04878048780487805,205.3880183555117,53.460164107162186,True,FALSE_ALARM_NORMAL,B_ONLY_FP,False
OOF,normal,N0164,0,41,0,0.0,0.1681293550559611,0.02997989909541825,False,CLEAN_NORMAL,True,False,False,False,False,1.7575851863530771,0.050500834082201,0.0588235294115491,5,0.12195121951219512,182.7882808425198,89.8486642504407,True,FALSE_ALARM_NORMAL,B_ONLY_FP,False
OOF,normal,N0201,0,13,0,0.0,0.0174555788490768,0.005257506120378069,False,CLEAN_NORMAL,False,False,False,False,False,,,,3,0.23076923076923078,178.7255248063225,76.03686972992824,True,FALSE_ALARM_NORMAL,B_ONLY_FP,False
OOF,normal,N0254,0,18,0,0.0,0.0543012475776233,0.007211239328193023,False,CLEAN_NORMAL,False,False,False,False,False,,,,2,0.1111111111111111,147.801969113911,68.27630783903982,True,FALSE_ALARM_NORMAL,B_ONLY_FP,False
OOF,normal,N0283,0,13,0,0.0,0.0677392840602301,0.015047789011113153,False,CLEAN_NORMAL,False,False,False,False,False,,,,1,0.07692307692307693,153.91775256530272,75.38639476295897,True,FALSE_ALARM_NORMAL,B_ONLY_FP,False
OOF,normal,N0285,0,41,0,0.0,0.184652620444689,0.039903184319554856,False,CLEAN_NORMAL,True,False,False,True,False,2.8797945115223165,0.1145325895846247,0.0588235294116828,1,0.024390243902439025,160.27453250398747,61.31444957536921,True,FALSE_ALARM_NORMAL,B_ONLY_FP,False
OOF,normal,N0303,0,41,0,0.0,0.0705683408906139,0.012547945008917103,False,CLEAN_NORMAL,True,False,True,True,False,1.8079153152784708,0.1099376230939662,0.0588235294116828,1,0.024390243902439025,154.821510396,83.02838077512415,True,FALSE_ALARM_NORMAL,B_ONLY_FP,False
OOF,normal,N0310,0,41,0,0.0,0.0596822783658673,0.011459161564115123,False,CLEAN_NORMAL,True,False,False,False,False,0.7685559457946902,0.04182103381402,2.6749844169779134e-13,5,0.12195121951219512,161.5327288490361,88.83921417507183,True,FALSE_ALARM_NORMAL,B_ONLY_FP,False
OOF,normal,N0323,0,41,0,0.0,0.0532204567299038,0.005128738632595064,False,CLEAN_NORMAL,True,False,False,False,False,2.116226243913067,0.0516041073198209,2.6749844169779134e-13,2,0.04878048780487805,351.96205942312594,58.80337513270854,True,FALSE_ALARM_NORMAL,B_ONLY_FP,False
OOF,normal,N0353,0,41,0,0.0,0.1475710905869291,0.015424446824282102,False,CLEAN_NORMAL,True,False,False,False,False,2.428204102700197,0.1244318190663964,0.0588235294116828,2,0.04878048780487805,220.061835072444,61.790051797068415,True,FALSE_ALARM_NORMAL,B_ONLY_FP,False
OOF,normal,N0359,0,41,0,0.0,0.1691258722934416,0.014552034350910965,False,CLEAN_NORMAL,True,False,False,True,False,3.051860756605189,0.0358856366459267,2.6749844169779134e-13,4,0.0975609756097561,178.78178170370805,66.73149703715717,True,FALSE_ALARM_NORMAL,B_ONLY_FP,False
OOF,normal,N0366,0,41,0,0.0,0.177911435143085,0.02274792026617954,False,CLEAN_NORMAL,True,False,False,True,False,2.817406146145544,0.1271290017514381,0.0588235294116828,1,0.024390243902439025,171.19953573152273,62.20198900113556,True,FALSE_ALARM_NORMAL,B_ONLY_FP,False
OOF,normal,N0371,0,41,0,0.0,0.0555638467557801,0.008709603152290243,False,CLEAN_NORMAL,True,False,False,True,False,0.1251984599330559,0.0838549502450739,0.0,3,0.07317073170731707,274.4139246443379,77.42258088307452,True,FALSE_ALARM_NORMAL,B_ONLY_FP,False
OOF,normal,N0390,0,41,0,0.0,0.0276897434410017,0.0025664485895568415,False,CLEAN_NORMAL,True,False,False,False,False,1.3406028438170117,0.0625014171479984,0.0588235294114153,2,0.04878048780487805,253.04881141098355,46.74835614081847,True,FALSE_ALARM_NORMAL,B_ONLY_FP,False
OOF,normal,N0396,0,35,0,0.0,0.0656629460405084,0.0074585967531171,False,CLEAN_NORMAL,True,False,False,False,False,1.6217330901085747,0.0685691198945655,0.0588235294114153,2,0.05714285714285714,176.06271688953402,73.17544409103813,True,FALSE_ALARM_NORMAL,B_ONLY_FP,False
OOF,normal,N0413,0,19,0,0.0,0.1021081654684435,0.027206759632337423,False,CLEAN_NORMAL,False,False,False,False,False,,,,1,0.05263157894736842,163.56841792169217,70.29787837575286,True,FALSE_ALARM_NORMAL,B_ONLY_FP,False
OOF,normal,N0439,0,40,0,0.0,0.0436498248901256,0.0033228577794437025,False,CLEAN_NORMAL,True,False,False,False,False,0.6698522804596589,0.1869014467432432,0.0,1,0.025,148.07532588430837,52.228162040583825,True,FALSE_ALARM_NORMAL,B_ONLY_FP,False
OOF,normal,N0455,0,41,0,0.0,0.0639036483836313,0.009448601760944126,False,CLEAN_NORMAL,True,False,False,False,False,1.8379526744541903,0.0940753018001687,2.6749844169779134e-13,1,0.024390243902439025,165.84335749062978,76.62640626555802,True,FALSE_ALARM_NORMAL,B_ONLY_FP,False
OOF,normal,N0460,0,41,0,0.0,0.0853540444304051,0.01561341458602695,False,CLEAN_NORMAL,True,False,False,False,False,0.6078305074181366,0.0762641230451008,0.0,5,0.12195121951219512,177.90823571843194,99.92668357411853,True,FALSE_ALARM_NORMAL,B_ONLY_FP,False
OOF,normal,N0588,0,33,0,0.0,0.0400755852009887,0.005876675206037839,False,CLEAN_NORMAL,True,False,False,False,False,1.0067811807309044,0.1388559965719988,0.0588235294114153,1,0.030303030303030304,221.8726181990902,60.372280923777076,True,FALSE_ALARM_NORMAL,B_ONLY_FP,False
OOF,normal,N0598,0,35,0,0.0,0.0696958177560912,0.008206867548658172,False,CLEAN_NORMAL,True,False,False,False,False,0.7730490736420157,0.0490923317244464,0.0,1,0.02857142857142857,169.63234145377234,68.8057895686388,True,FALSE_ALARM_NORMAL,B_ONLY_FP,False
TEST,normal,N0027,0,41,0,0.0,0.0126421405342466,0.0019326713325621464,False,CLEAN_NORMAL,True,False,False,False,False,1.0393811078419766,0.0570740886052793,1.170305682427837e-13,1,0.024390243902439025,141.9580142707595,56.677721686255154,True,FALSE_ALARM_NORMAL,B_ONLY_FP,False
TEST,normal,N0087,0,14,0,0.0,0.0576748359227892,0.013983525319132136,False,CLEAN_NORMAL,False,False,False,False,False,,,,4,0.2857142857142857,187.95158631195264,122.48014285755882,True,FALSE_ALARM_NORMAL,B_ONLY_FP,False
TEST,normal,N0112,0,41,0,0.0,0.032496630186128,0.004845628502946069,False,CLEAN_NORMAL,True,False,False,False,False,0.5885818223054525,0.059592775765616,0.0588235294116828,1,0.024390243902439025,186.57700729415907,72.14158319601897,True,FALSE_ALARM_NORMAL,B_ONLY_FP,False
TEST,normal,N0122,0,20,0,0.0,0.0192365813752636,0.004560253070282065,False,CLEAN_NORMAL,False,False,False,False,False,,,,1,0.05,145.2648289087418,85.80972300957735,True,FALSE_ALARM_NORMAL,B_ONLY_FP,False
TEST,normal,N0167,0,10,0,0.0,0.2293666873730347,0.11919382944322854,False,CLEAN_NORMAL,False,False,False,False,False,,,,2,0.2,158.23290392133583,116.32963771899055,True,FALSE_ALARM_NORMAL,B_ONLY_FP,False
TEST,normal,N0192,0,41,0,0.0,0.0398270141150894,0.006035316413551414,False,CLEAN_NORMAL,True,False,False,False,False,0.746858453338938,0.0550455238663753,1.337492208488957e-13,1,0.024390243902439025,145.55793423983295,69.79512454231482,True,FALSE_ALARM_NORMAL,B_ONLY_FP,False
TEST,normal,N0282,0,24,0,0.0,0.0317110473943812,0.006856638490106692,False,CLEAN_NORMAL,False,False,False,False,False,,,,1,0.041666666666666664,158.86730885396034,57.356886350222645,True,FALSE_ALARM_NORMAL,B_ONLY_FP,False
TEST,normal,N0402,0,25,0,0.0,0.0154672722208794,0.002271353612220188,False,CLEAN_NORMAL,True,False,False,True,False,0.1506482316662868,0.1219542669311046,2.6749844169779134e-13,1,0.04,145.49044772259202,69.14918402243312,True,FALSE_ALARM_NORMAL,B_ONLY_FP,False
TEST,normal,N0422,0,41,0,0.0,0.1106065889574853,0.016562208481595907,False,CLEAN_NORMAL,True,False,False,False,False,2.5268929853016893,0.1245224607536189,2.6749844169779134e-13,5,0.12195121951219512,186.13953369211643,95.5504580413628,True,FALSE_ALARM_NORMAL,B_ONLY_FP,False
TEST,normal,N0482,0,41,0,0.0,0.0898814248548356,0.02301671528450605,False,CLEAN_NORMAL,True,False,False,False,False,2.1681730764841927,0.0764768654286309,0.0,2,0.04878048780487805,164.12156666675585,63.569197826981345,True,FALSE_ALARM_NORMAL,B_ONLY_FP,False
TEST,normal,N0557,0,36,0,0.0,0.0182616094243118,0.0015448320655791195,False,CLEAN_NORMAL,True,False,False,False,False,1.6805349353981776,0.0819849878402218,0.0,1,0.027777777777777776,175.05086162958378,48.88005295178993,True,FALSE_ALARM_NORMAL,B_ONLY_FP,False
TEST,normal,N0582,0,41,0,0.0,0.0363275346571243,0.0036410534043248904,False,CLEAN_NORMAL,True,False,False,False,False,2.418620245941044,0.1047219884880981,0.0,1,0.024390243902439025,142.47756329381977,54.275845319322386,True,FALSE_ALARM_NORMAL,B_ONLY_FP,False
