feature,group,count,mean,std,median,q25,q75,min,max
cycle_duration,Normal Train,330,1.6666666666666752,0.04721203974687548,1.699999999999818,1.6000000000001364,1.7000000000000457,1.5999999999994543,1.7000000000007276
cycle_duration,Normal Holdout,145,1.6689655172413937,0.0464238345442561,1.699999999999818,1.6000000000001364,1.7000000000000457,1.5999999999994543,1.7000000000007276
cycle_duration,Abnormal,8,1.499999999999999,0.22677868380553975,1.5499999999999972,1.3000000000000003,1.5999999999999979,1.1999999999999886,1.9000000000000057
n_samples_cycle,Normal Train,330,17.666666666666668,0.47212039746888756,18.0,17.0,18.0,17.0,18.0
n_samples_cycle,Normal Holdout,145,17.689655172413794,0.46423834544262965,18.0,17.0,18.0,17.0,18.0
n_samples_cycle,Abnormal,8,16.0,2.2677868380553634,16.5,14.0,17.0,13.0,20.0
AI0_Vibration_mean,Normal Train,330,-0.00045713972073677643,0.015288684646180753,-0.0002834395424836,-0.007698433006535925,0.006247077614379075,-0.0729595,0.0593609444444444
AI0_Vibration_mean,Normal Holdout,145,0.0004058169934640533,0.015283214664717432,3.611111111111099e-05,-0.0087791666666666,0.0092323888888888,-0.0701919999999999,0.0482510555555555
AI0_Vibration_mean,Abnormal,8,-0.017732732115479558,0.08184587634330369,-0.00856291684038455,-0.0395700164172269,0.03478607291727932,-0.1898351060499999,0.0782541807647058
AI0_Vibration_std,Normal Train,330,0.06652559315970201,0.022113984849943567,0.06946763585959605,0.04667481406273152,0.08247052087817078,0.0224117726936367,0.1330276170653852
AI0_Vibration_std,Normal Holdout,145,0.06845793317535553,0.023128349831501655,0.0674841117689389,0.050436224856175,0.0847655036586228,0.0225341638518051,0.1544694082319096
AI0_Vibration_std,Abnormal,8,0.40441672142282814,0.2601271296891923,0.4655699389934477,0.3012235874051321,0.5152790624367776,0.025720319912009,0.7942621450616536
AI0_Vibration_rms,Normal Train,330,0.06629344921328977,0.02179488378466976,0.0683841079860532,0.046801445086035974,0.08204873174927522,0.02178940069672,0.1299907156148298
AI0_Vibration_rms,Normal Holdout,145,0.06812500438198679,0.02275163516685524,0.0680337803529808,0.0507285870677361,0.0832247275430272,0.0222054602756969,0.1571480383456595
AI0_Vibration_rms,Abnormal,8,0.40520286004380635,0.24055027276007776,0.4538316649254318,0.3394002970362593,0.49748649277915585,0.0336787467504138,0.7703057611946543
AI0_Vibration_ptp,Normal Train,330,0.24007953030303028,0.0866956380145059,0.2423295,0.16454575,0.30495099999999997,0.073694,0.4950029999999999
AI0_Vibration_ptp,Normal Holdout,145,0.24349850344827584,0.08838155270042405,0.237011,0.171775,0.29951,0.076078,0.588644
AI0_Vibration_ptp,Abnormal,8,1.511364247375,0.9212915187614068,1.79620273,1.26949629825,2.0070790275,0.090764636,2.6246467
AI0_Vibration_peak,Normal Train,330,0.13609807575757576,0.05035729380477815,0.1353675,0.09460550000000001,0.17376750000000002,0.043993,0.312507
AI0_Vibration_peak,Normal Holdout,145,0.13971969655172412,0.05144173694259525,0.133772,0.105426,0.168931,0.039168,0.351699
AI0_Vibration_peak,Abnormal,8,0.874387915875,0.5338613724835046,0.991145525,0.7067789025,1.1031759499999998,0.050556147,1.5525772
AI0_Vibration_mean_abs,Normal Train,330,0.05410150026737963,0.01772872588424187,0.05542383823529405,0.039330902777777725,0.06644238235294112,0.0171326111111111,0.1048355
AI0_Vibration_mean_abs,Normal Holdout,145,0.05611126355645702,0.01852022901335431,0.0561893529411764,0.0424773333333333,0.0684003333333333,0.0187159444444444,0.1196906666666666
AI0_Vibration_mean_abs,Abnormal,8,0.29743478641356047,0.17570091401863736,0.3192956281382353,0.21422772627867637,0.4043836340482142,0.0296590310923076,0.561564490375
AI0_Vibration_energy,Normal Train,330,0.0861084693550424,0.05277797844839753,0.081417499875,0.039172172163499996,0.12019942645475,0.008546003689,0.304156550629
AI0_Vibration_energy,Normal Holdout,145,0.09133623901889652,0.06112920267102698,0.0786861195749999,0.0463210118259999,0.120514283676,0.0088754843889999,0.444519107206
AI0_Vibration_energy,Abnormal,8,3.4483189637550145,2.9261568121078954,3.4911692479690593,2.484611121642955,3.745648180002011,0.0147453537748206,9.493935451674814
AI0_Vibration_crest_factor,Normal Train,330,2.042507188575097,0.28403910436482416,1.9925467630905802,1.8445130807456787,2.2091912813321586,1.4766285095121667,3.078164493849508
AI0_Vibration_crest_factor,Normal Holdout,145,2.049675572254255,0.28073671327216126,2.0112736798699364,1.838600080293448,2.2380107553516524,1.4326776294033343,2.918398060508358
AI0_Vibration_crest_factor,Abnormal,8,2.044070698819292,0.5360287406136813,2.016596704543166,1.7895032436115612,2.0621481415972074,1.5011291059807277,3.222961504098929
AI0_Vibration_kurtosis,Normal Train,330,2.7101081027122733,0.9141099781708629,2.4557532314844615,2.05285252091105,3.1813847876724024,1.3899286620834554,6.32481821731411
AI0_Vibration_kurtosis,Normal Holdout,145,2.602780484355948,0.7496552688167055,2.444593055683054,2.0763523250282647,3.1353474580173497,1.3348244306129435,5.048163617492235
AI0_Vibration_kurtosis,Abnormal,8,3.5093501422396827,1.8735829175845589,2.986127810340972,2.6556031657966077,3.5504682852728786,1.5513028702319531,7.655221897872511
AI1_Vibration_mean,Normal Train,330,-0.0006040636363636345,0.009953518499021069,-0.00031213888888885,-0.005591242647058725,0.0043541029411764,-0.0420325555555555,0.0331166666666666
AI1_Vibration_mean,Normal Holdout,145,-0.001192537592968216,0.009173515371868201,-0.0010726111111111,-0.0073182777777777,0.0038607647058823,-0.0402227222222222,0.0208204999999999
AI1_Vibration_mean,Abnormal,8,-0.003242975404914762,0.10208124480451554,0.02805732864338235,-0.04111481578256297,0.05564020255219777,-0.1595796094117647,0.1241422779499999
AI1_Vibration_std,Normal Train,330,0.10613346036499473,0.06035286907687327,0.08707880185341385,0.05050195043404705,0.16417457855459155,0.0269403912063826,0.2305112357825854
AI1_Vibration_std,Normal Holdout,145,0.10983435054534386,0.05872662751491241,0.1018655643575509,0.0529865238577333,0.1640004394586113,0.0248244746086351,0.2152841343284873
AI1_Vibration_std,Abnormal,8,0.20085388764487883,0.12307758881500064,0.24468527350282587,0.12844753670368333,0.296643145843565,0.0156471019408489,0.3154926465916205
AI1_Vibration_rms,Normal Train,330,0.10363977145096634,0.058486476253703394,0.08579725290005924,0.04987910601147235,0.1599062919681186,0.0262442135040173,0.2236672589119303
AI1_Vibration_rms,Normal Holdout,145,0.10709295988355044,0.05701639783075695,0.0992775987465898,0.0515294296273714,0.1591163832865003,0.0245419272696972,0.2091325432101121
AI1_Vibration_rms,Abnormal,8,0.23009689090431434,0.08499770409902922,0.2627409998384913,0.19224174376338915,0.2905789694815666,0.0599662761148584,0.3040299164824524
AI1_Vibration_ptp,Normal Train,330,0.3340271818181818,0.17486828437010626,0.270412,0.18517725,0.4924705,0.092121,0.731707
AI1_Vibration_ptp,Normal Holdout,145,0.3410073379310345,0.1688647315799617,0.309354,0.188736,0.475373,0.090553,0.686044
AI1_Vibration_ptp,Abnormal,8,0.725582472375,0.4475904111028682,0.9548665199999999,0.43135829,1.005050165,0.059720389,1.18503307
AI1_Vibration_peak,Normal Train,330,0.18649321818181816,0.09263658061508745,0.15979349999999998,0.10172824999999999,0.27368075000000003,0.051305,0.371879
AI1_Vibration_peak,Normal Holdout,145,0.18992047586206895,0.0897119411607757,0.180376,0.11181,0.256468,0.054456,0.380496
AI1_Vibration_peak,Abnormal,8,0.502264835875,0.24503907207075168,0.626448105,0.3565412675,0.682664555,0.083165527,0.70132428
AI1_Vibration_mean_abs,Normal Train,330,0.08993510200039607,0.052594682187229534,0.0768324166666666,0.040805041666666625,0.14062413888888883,0.0215276666666666,0.1987521176470588
AI1_Vibration_mean_abs,Normal Holdout,145,0.09323194043272479,0.051434620994888484,0.0882996666666666,0.0423047777777777,0.1404279444444444,0.0188207777777777,0.1892077222222222
AI1_Vibration_mean_abs,Abnormal,8,0.19296756109038457,0.06486298495352008,0.2018679712941176,0.17486003976544118,0.24099597313392848,0.0568513419230769,0.2565761192142857
AI1_Vibration_energy,Normal Train,330,0.2501426044475939,0.244696196747701,0.1325010424085,0.04461827399275,0.45631799679374996,0.0123976573639999,0.8504597260559998
AI1_Vibration_energy,Normal Holdout,145,0.2599970728066207,0.23834257182676166,0.177408749032,0.047411199809,0.438401035526,0.0108415114939999,0.786798749635
AI1_Vibration_energy,Abnormal,8,0.9442634149751853,0.48061601035222484,1.1268794156668986,0.726667544017483,1.2608363330057142,0.0467474055240847,1.449654546915918
AI1_Vibration_crest_factor,Normal Train,330,1.8874524674554964,0.27608194518682394,1.8331583451826379,1.6935206665070437,2.037626241523542,1.4153701503134568,3.174540556441595
AI1_Vibration_crest_factor,Normal Holdout,145,1.8538115325649838,0.24930509398276893,1.8067120666532568,1.6713045065311565,1.986084787995729,1.414408230398223,2.638095427092488
AI1_Vibration_crest_factor,Abnormal,8,2.053984029638345,0.5246779258944162,2.1220092540013527,1.8671010819834566,2.3918077538764417,1.1995571501727795,2.660764328672704
AI1_Vibration_kurtosis,Normal Train,330,2.213251032004248,0.7378411246386117,2.0069681870638103,1.7177912340903496,2.511881219336389,1.2282795886296232,8.308615298012182
AI1_Vibration_kurtosis,Normal Holdout,145,2.165009151053602,0.6476762848128584,1.9527310748950248,1.6796055249507182,2.4893032495549923,1.311971437923203,4.726247635510885
AI1_Vibration_kurtosis,Abnormal,8,3.521621803272587,1.2748303068858409,3.6609000289317817,2.2427679034597463,4.3020700183389105,2.048023091083248,5.53154093765961
AI2_Current_mean,Normal Train,330,9.773321869102793,5.400891227147272,8.969672055555556,4.978540749999999,13.626331763888889,1.928441529411765,19.91778827777778
AI2_Current_mean,Normal Holdout,145,10.153281345210727,5.435233523796327,8.922624111111112,5.091386882352941,15.084282111111111,2.2547597058823534,19.774135166666667
AI2_Current_mean,Abnormal,8,48.72305349588649,130.30569467735125,9.517460560588239,-5.9241516281512645,70.04856597417582,-122.93459430625,284.699865882353
AI2_Current_std,Normal Train,330,123.49867331938907,38.991548318908194,108.30109554578246,89.21065896452116,160.53525189332328,82.63076221966097,198.2048026387209
AI2_Current_std,Normal Holdout,145,126.19814692770582,37.90609076389117,114.32649717520276,89.54555483010438,159.59347687773928,83.12737030617379,192.2325726621382
AI2_Current_std,Abnormal,8,86.61784325231162,30.9985225806617,85.9273487831656,62.26599641123593,107.88089609119841,49.59627196665853,134.22697611959416
AI2_Current_rms,Normal Train,330,120.41681815248157,38.045983535400076,105.40470456920244,86.70618988459259,156.85849180454892,80.22073945096838,193.62558393439727
AI2_Current_rms,Normal Holdout,145,123.06594685060594,36.991726790276765,111.67190772416902,87.21753503124164,155.98553708117808,80.70258534797037,187.84802060976827
AI2_Current_rms,Abnormal,8,135.86086376934043,86.7235310154532,104.00154738840124,71.27526098066078,185.81593953974576,52.91935959142045,302.6159962291791
AI2_Current_ptp,Normal Train,330,335.69816124242425,114.72354612106878,298.97288,230.3414975,446.7148175,215.6271,540.8693000000001
AI2_Current_ptp,Normal Holdout,145,344.41518117241384,111.78050351363547,316.87752,230.45912,444.56916,215.68397,529.4888699999999
AI2_Current_ptp,Abnormal,8,288.48651412500004,83.25165855747626,284.31419,251.82965475000003,347.79314250000004,152.5879,406.503724
AI2_Current_peak,Normal Train,330,169.15169021212122,57.68769213568925,150.5784,115.78341,225.2166525,108.7283,271.09471
AI2_Current_peak,Normal Holdout,145,173.646106,56.345580503332116,161.16812,116.26591,223.28356,108.33706,267.39088
AI2_Current_peak,Abnormal,8,234.54430500000004,118.71911114879103,184.77442000000002,155.86616500000002,289.0825575,120.4014,474.45303
AI2_Current_mean_abs,Normal Train,330,108.65617560891266,33.736757481123405,94.27487929411765,79.01066039705883,140.64630731944445,72.85304135294119,173.71832816666665
AI2_Current_mean_abs,Normal Holdout,145,110.88551629810681,32.84102787603671,100.65608383333333,79.04842588235294,139.97849155555554,73.2845094117647,168.58829533333335
AI2_Current_mean_abs,Abnormal,8,120.36318064790855,84.91040799771399,86.21387132857143,59.258419392058826,160.22188921502402,46.35138241176471,284.699865882353
AI2_Current_energy,Normal Train,330,281963.67107764626,177557.70459069163,193806.82036293374,132702.44598741826,428816.7142187883,109401.23964702262,674835.6015708538
AI2_Current_energy,Normal Holdout,145,292136.0544953785,171267.41874806242,221842.4993903504,135241.3203701255,434047.9119285671,110719.42379138952,635163.8192461426
AI2_Current_energy,Abnormal,8,393733.8501825748,509591.71508067293,151964.52145365017,89738.72864308828,522734.33494450955,47607.79653262309,1556799.499954235
AI2_Current_crest_factor,Normal Train,330,1.3928719786889205,0.057368139854121675,1.4076738428527737,1.3347934063025135,1.4389240837606052,1.3010602307176806,1.5174387338522644
AI2_Current_crest_factor,Normal Holdout,145,1.3996313505391809,0.05617859325674086,1.416591498509843,1.3368552861518648,1.4442116294915297,1.3093484683422558,1.5069864000889568
AI2_Current_crest_factor,Abnormal,8,1.8850254398860824,0.3683855442129605,1.8635287968364205,1.6415083326333693,2.1112955571614918,1.338807382978283,2.448583468975074
AI2_Current_kurtosis,Normal Train,330,1.381434540106806,0.0760585640686175,1.4217583368129296,1.30346269271649,1.447353688871424,1.2632638680804602,1.4942339795828588
AI2_Current_kurtosis,Normal Holdout,145,1.393647613684223,0.07226399028359783,1.4297606782353538,1.3102928403896237,1.45101426034378,1.261989832577536,1.4943492626716606
AI2_Current_kurtosis,Abnormal,8,2.3420207291540818,0.752698811607342,2.048591132202376,1.68575696605893,3.0763718245462295,1.63989366008532,3.4463043397514586
vibration_normalized_difference,Normal Train,330,-0.16112205328011323,0.19188126461614075,-0.17216486466324216,-0.31252348153324533,-0.021927339073328174,-0.4953458568665439,0.4219925305618035
vibration_normalized_difference,Normal Holdout,145,-0.1693804031411966,0.1821660272949257,-0.1887294713835035,-0.323574764197077,-0.0368937138617348,-0.4870160844145302,0.2739504991142741
vibration_normalized_difference,Abnormal,8,0.15693137555906156,0.2903985725541221,0.26681353992423257,0.10083506470792428,0.3171992546262013,-0.322410280660362,0.4380635511852159
vibration_log_ratio,Normal Train,330,-0.3363018084202314,0.40238832255206164,-0.3477940848826382,-0.6466799392074244,-0.043861716655104896,-1.0862394718845574,0.900227566078681
vibration_log_ratio,Normal Holdout,145,-0.3530092443222788,0.3810385044797274,-0.3820387720093741,-0.6712695845074386,-0.0738209335812041,-1.0642822720390064,0.5622597851344444
vibration_log_ratio,Abnormal,8,0.3277252454524845,0.6049557134318495,0.5468811850262998,0.20391828613500518,0.6574257009602034,-0.6686693496619578,0.9396639683528396
AI0_Vibration_phase_A_rms,Normal Train,330,0.0648810030715065,0.026241830342686723,0.063131919932783,0.0430748727988948,0.08321706987063408,0.0147614771618561,0.1357954543360466
AI0_Vibration_phase_A_rms,Normal Holdout,145,0.067797252390631,0.02942256671408186,0.0649801144953849,0.0454517780290276,0.0840166265588742,0.0198122777800366,0.2156211519505913
AI0_Vibration_phase_A_rms,Abnormal,8,0.29664010490469594,0.2931445923836394,0.1294705046089204,0.08501185520606802,0.5771616135934372,0.031753550118843,0.7002154687523997
AI0_Vibration_phase_A_std,Normal Train,330,0.06751275443231997,0.028704983202824035,0.0652446034136985,0.04355995947257967,0.08790007727012285,0.0104680202712833,0.1456264260647771
AI0_Vibration_phase_A_std,Normal Holdout,145,0.07126313066385928,0.031230449110143475,0.0687844288018734,0.0430585415219791,0.091565080301936,0.0174066091317828,0.2048025067086989
AI0_Vibration_phase_A_std,Abnormal,8,0.2604517627748107,0.29733365991148064,0.11684679110967715,0.032419090756598774,0.43934939878172563,0.0092038057244029,0.7667162036169062
AI0_Vibration_phase_A_ptp,Normal Train,330,0.17859189393939393,0.0802118088033895,0.1723365,0.10957649999999994,0.23377524999999993,0.026589,0.412362
AI0_Vibration_phase_A_ptp,Normal Holdout,145,0.1852747172413793,0.08516348736545423,0.183173,0.115247,0.234558,0.039737,0.588644
AI0_Vibration_phase_A_ptp,Abnormal,8,0.6489277068749999,0.7361057214193429,0.29563907349999996,0.08094918549999999,1.1093557125,0.0263143499999999,1.83356048
AI0_Vibration_phase_A_mean_abs,Normal Train,330,0.054666958585858544,0.022452573336183973,0.05090391666666665,0.03718375,0.0708381666666666,0.0124669999999999,0.1165266666666666
AI0_Vibration_phase_A_mean_abs,Normal Holdout,145,0.05801567356321835,0.025042851181550068,0.0553754999999999,0.0399361666666666,0.0732041666666666,0.0173838333333333,0.1864018333333333
AI0_Vibration_phase_A_mean_abs,Abnormal,8,0.25163801667964286,0.25324800314691936,0.09433047029,0.08119956808333333,0.4859850434642857,0.02975946,0.6646783316666667
AI0_Vibration_phase_A_rms_ratio,Normal Train,330,0.98130817193843,0.22751757692881242,0.986600094900458,0.8492236527966369,1.1475621050826783,0.3971488354447091,1.455176388035356
AI0_Vibration_phase_A_rms_ratio,Normal Holdout,145,0.9978818979497548,0.2368129189623321,1.038858988131591,0.8722482201786771,1.1459062049893547,0.2234655299092988,1.4786294810503011
AI0_Vibration_phase_A_rms_ratio,Abnormal,8,0.8546106418355859,0.599016686857895,1.0278527705028968,0.19955718613382706,1.2350478984589346,0.1436407081854795,1.5843212375910989
AI1_Vibration_phase_A_rms,Normal Train,330,0.10372483179319644,0.059866292549970765,0.0875131057007108,0.05023093437631725,0.15926754128762208,0.0183147928644215,0.231581904802239
AI1_Vibration_phase_A_rms,Normal Holdout,145,0.10618485109017078,0.05877584871423234,0.0938620987450916,0.0510773213389921,0.1592449201659715,0.0271847054487138,0.2203506680343099
AI1_Vibration_phase_A_rms,Abnormal,8,0.20995977039314637,0.09686097201733176,0.19698300382762146,0.15952451734839998,0.24713795974385758,0.0638537517065508,0.3828337138450032
AI1_Vibration_phase_A_std,Normal Train,330,0.11165027876205001,0.06648534623050345,0.09485194202401245,0.052884051337461796,0.17352278154318723,0.0169622527208701,0.2536621953586436
AI1_Vibration_phase_A_std,Normal Holdout,145,0.11437026972633432,0.0652588584569105,0.1027913496978223,0.05208536528047,0.172799825975221,0.0161294882094876,0.2405631708299644
AI1_Vibration_phase_A_std,Abnormal,8,0.13887639241044164,0.1403473205552371,0.1097466253555602,0.0207036498014491,0.19691406727752597,0.0149538966821628,0.3999451436771475
AI1_Vibration_phase_A_ptp,Normal Train,330,0.2837125545454546,0.16813271881008973,0.240814,0.136347,0.4414065,0.044698,0.672636
AI1_Vibration_phase_A_ptp,Normal Holdout,145,0.2885301172413793,0.16025595227355585,0.257424,0.138408,0.411726,0.041258,0.654334
AI1_Vibration_phase_A_ptp,Abnormal,8,0.354841540125,0.35618489649494955,0.25560558499999997,0.06090090749999993,0.5530964525,0.032371691,1.01224902
AI1_Vibration_phase_A_mean_abs,Normal Train,330,0.09047939949494944,0.053259705217866535,0.07740141666666665,0.04479012499999997,0.13833291666666664,0.015997,0.2055765
AI1_Vibration_phase_A_mean_abs,Normal Holdout,145,0.09304083678160917,0.05362912302983572,0.0804835,0.0418594999999999,0.137859,0.0181615,0.2003691666666666
AI1_Vibration_phase_A_mean_abs,Abnormal,8,0.19739084788571423,0.08706101734162594,0.18277758764285715,0.15178816620000002,0.2392808459999999,0.062526693,0.3403676399999999
AI1_Vibration_phase_A_rms_ratio,Normal Train,330,0.9927987751100654,0.1544799062388703,1.0021664782992787,0.9270927148187,1.0769325162716696,0.4224598040289875,1.4613680463235958
AI1_Vibration_phase_A_rms_ratio,Normal Holdout,145,0.9898181934620727,0.11667686860253179,1.006935894727674,0.9347202153740012,1.0596464639755188,0.6392787155834727,1.301095442023242
AI1_Vibration_phase_A_rms_ratio,Abnormal,8,0.9445417220484407,0.29672267999775587,0.9516855576953682,0.7585440250801074,1.1073768899331846,0.5368612931405263,1.460455436416693
AI2_Current_phase_A_rms,Normal Train,330,121.15825681979067,37.4816875685607,107.81045116889777,87.37427168992217,158.19421602216173,75.54637694551333,196.69832898604557
AI2_Current_phase_A_rms,Normal Holdout,145,123.68799486448601,36.247799416770334,116.29591035161248,89.81293205573719,155.88591555004692,75.83103654316287,196.8913404489016
AI2_Current_phase_A_rms,Abnormal,8,137.69248147934732,119.56665172323754,92.40143093672391,62.493548292812115,153.9980924791471,47.87407663820704,403.84750609959207
AI2_Current_phase_A_std,Normal Train,330,67.6832156987321,28.317117542358627,53.46790017106758,43.8147780498821,94.12619389153734,33.55645392949992,128.63957581823826
AI2_Current_phase_A_std,Normal Holdout,145,70.15584222153913,28.17542624359027,59.69217825027384,45.41903450451771,98.1410784700324,32.84968072018063,124.30931845908016
AI2_Current_phase_A_std,Abnormal,8,63.09170175674301,19.727851288173753,60.94703783003512,56.60469899077802,73.7539633395631,28.291512494718027,94.88566401959106
AI2_Current_phase_A_ptp,Normal Train,330,172.2258294787879,71.58573321643001,137.354985,110.75262525000001,243.25138,85.860141,328.20455
AI2_Current_phase_A_ptp,Normal Holdout,145,178.4549901862069,71.4687238206606,154.372709,114.329353,247.748409,82.387096,315.135989
AI2_Current_phase_A_ptp,Abnormal,8,149.30965350000002,42.46715793927017,146.03139550000003,134.11046499999998,168.08512050000002,76.29395500000001,206.2321
AI2_Current_phase_A_mean_abs,Normal Train,330,107.13519352121212,31.840705691129138,95.6073625,78.94821904166666,138.45689766666666,66.272584,172.7666865
AI2_Current_phase_A_mean_abs,Normal Holdout,145,109.07821153678161,30.680979780631095,102.74651933333332,81.78318583333335,134.410734,66.4860895,173.29695066666667
AI2_Current_phase_A_mean_abs,Abnormal,8,126.81173581916667,121.86596914253937,68.82350515,57.77393766666667,143.706816675,39.57748902,400.14589666666666
AI2_Current_phase_A_rms_ratio,Normal Train,330,1.0347617399059876,0.03688811569992079,1.0319023859460343,1.0069844350800734,1.0608403805375015,0.9596972956725132,1.1412626789687137
AI2_Current_phase_A_rms_ratio,Normal Holdout,145,1.0345813102552648,0.037196775333758474,1.0333483349814665,1.0080857824435172,1.061462765195752,0.9609197374875558,1.128431053726228
AI2_Current_phase_A_rms_ratio,Abnormal,8,1.0080920437553489,0.3334758664929094,1.0610584056422234,0.9921670478492506,1.1385623288522748,0.2601268076652286,1.3418560546290612
AI0_Vibration_phase_B_rms,Normal Train,330,0.06440112707488996,0.02599605635024626,0.06127520978892785,0.04617965584803097,0.07950365518027762,0.0138083943128808,0.1542118399437388
AI0_Vibration_phase_B_rms,Normal Holdout,145,0.06678411690423042,0.02653756466671893,0.0609533465091677,0.0467576133287403,0.086755894139822,0.0196572345757654,0.1360602895275963
AI0_Vibration_phase_B_rms,Abnormal,8,0.393993726503895,0.39337281390751017,0.21019109065529545,0.1281952362852939,0.6498207277502657,0.0348641602893282,1.149322082252246
AI0_Vibration_phase_B_std,Normal Train,330,0.06708324399272389,0.028436127903448405,0.0627556041440229,0.0465498964868767,0.08419721821793065,0.0127285856467506,0.1455026151691668
AI0_Vibration_phase_B_std,Normal Holdout,145,0.0693331088945499,0.02876742434410279,0.0623962504610653,0.0461855197220947,0.0903689072192421,0.0177322964643612,0.1490234225223225
AI0_Vibration_phase_B_std,Abnormal,8,0.26668413540663205,0.3144871832004188,0.212458081277732,0.04526004513202308,0.3006159690050287,0.0270286279961138,0.987888467361836
AI0_Vibration_phase_B_ptp,Normal Train,330,0.17368686060606056,0.07638006935208785,0.15718,0.11938275,0.21711375,0.034843,0.439541
AI0_Vibration_phase_B_ptp,Normal Holdout,145,0.18103893103448274,0.08128610563899309,0.164464,0.127815,0.233923,0.051124,0.467153
AI0_Vibration_phase_B_ptp,Abnormal,8,0.6287407759375,0.7110624367169146,0.49608179499999994,0.11513080225000001,0.7659197725000001,0.0595825765,2.23156506
AI0_Vibration_phase_B_mean_abs,Normal Train,330,0.053729429898989864,0.02198097132980395,0.0509063333333333,0.0378347,0.0654215833333333,0.0118998,0.1262575
AI0_Vibration_phase_B_mean_abs,Normal Holdout,145,0.05592158597701146,0.02231982730493955,0.0532789999999999,0.0382276666666666,0.072644,0.0154958333333333,0.1191301666666666
AI0_Vibration_phase_B_mean_abs,Abnormal,8,0.35083077329249995,0.3531456949663078,0.18133177164999992,0.09886465645499992,0.606195271875,0.0278182638,1.0065797354
AI0_Vibration_phase_B_rms_ratio,Normal Train,330,0.9693806212145205,0.1877150494710194,0.9859696418781432,0.8482820804811266,1.091417987290556,0.3058542979963491,1.415887631145939
AI0_Vibration_phase_B_rms_ratio,Normal Holdout,145,0.9777084952015539,0.19171520739409528,0.9874355465063116,0.859572898297054,1.1146776761661583,0.4313223336729691,1.4731068521155009
AI0_Vibration_phase_B_rms_ratio,Abnormal,8,0.9041643916542046,0.4261350842490055,0.9925412801183886,0.532394196874788,1.2447180241931326,0.3345844806318586,1.445941454883303
AI1_Vibration_phase_B_rms,Normal Train,330,0.10252335441587411,0.060037800778551274,0.08543015342350715,0.048736985332079326,0.1594523419976291,0.0184146920962583,0.2294301025336474
AI1_Vibration_phase_B_rms,Normal Holdout,145,0.10682666026465391,0.05742274915692871,0.1015092329716858,0.0550446096743359,0.1592874688678721,0.014717349897315,0.2369302539698128
AI1_Vibration_phase_B_rms,Abnormal,8,0.2212333458535104,0.1508050254663336,0.1675647176525881,0.1337255296911566,0.2580763548405315,0.0628143735127267,0.4626537354232684
AI1_Vibration_phase_B_std,Normal Train,330,0.11147397295850957,0.06665453526442312,0.0920940485312716,0.05134522255204805,0.17452911818684935,0.0180989573917026,0.2564321480503176
AI1_Vibration_phase_B_std,Normal Holdout,145,0.11628530842399804,0.06354102414047648,0.1092542495716604,0.0586458938738823,0.1755775599391904,0.0140610122324105,0.2641190108858126
AI1_Vibration_phase_B_std,Abnormal,8,0.1726509202579539,0.19106830669074312,0.10581558931396455,0.06231528201269153,0.19277183195639597,0.0080994553103909,0.5135324085282412
AI1_Vibration_phase_B_ptp,Normal Train,330,0.2771602333333333,0.1628131213908278,0.2263555,0.1334575,0.41969924999999997,0.047797,0.6464890000000001
AI1_Vibration_phase_B_ptp,Normal Holdout,145,0.290181324137931,0.15776370776113258,0.275702,0.1493749999999999,0.43391,0.035819,0.638315
AI1_Vibration_phase_B_ptp,Abnormal,8,0.40067346575,0.43733848061116337,0.23843597,0.1591444225,0.4561520875,0.0211336099999999,1.18503307
AI1_Vibration_phase_B_mean_abs,Normal Train,330,0.09058430959595956,0.05487462179449126,0.07686449999999995,0.0411347916666666,0.14460199999999995,0.014711,0.2135306
AI1_Vibration_phase_B_mean_abs,Normal Holdout,145,0.09403711517241377,0.05177977707959986,0.0925258333333333,0.0449991999999999,0.1445209999999999,0.013717,0.2243906
AI1_Vibration_phase_B_mean_abs,Abnormal,8,0.2043780900020833,0.14103816762165122,0.1607732295833333,0.12107530872499997,0.22763222144999995,0.05832253975,0.43705995
AI1_Vibration_phase_B_rms_ratio,Normal Train,330,0.9846443901323083,0.16048078985826478,0.9901620727376962,0.9007716474026749,1.066170983501836,0.4672832076433829,1.5054007759746346
AI1_Vibration_phase_B_rms_ratio,Normal Holdout,145,1.0041092334983432,0.15557310760593623,0.9974510019711152,0.9342519255598084,1.0786429628861955,0.405801747599592,1.557885319331474
AI1_Vibration_phase_B_rms_ratio,Abnormal,8,0.9529624612090924,0.40089126114554785,0.9228134323130118,0.6740079270586135,1.175799959658332,0.4759757357546694,1.542446784210779
AI2_Current_phase_B_rms,Normal Train,330,135.5135623259835,44.22509355736453,115.99054586753812,96.82348459172927,179.24897789812266,89.02601485860242,223.872785270551
AI2_Current_phase_B_rms,Normal Holdout,145,138.51962732750448,43.090987513272566,122.39011329170428,96.67692981036625,182.55936825268287,90.38119911021644,219.73408468319656
AI2_Current_phase_B_rms,Abnormal,8,129.33190750060646,91.82965741536837,116.41584027157269,45.283558825090964,198.09934998363934,30.42368419799711,255.88992820223328
AI2_Current_phase_B_std,Normal Train,330,37.81528976792484,12.43800668482301,36.98508357522358,27.88364900711421,47.41995209626097,13.614725960618516,69.65277594613137
AI2_Current_phase_B_std,Normal Holdout,145,38.66702248937768,11.612340907324791,38.45279656995898,31.2549504140758,46.43405201729096,14.476121233984976,66.22319225022011
AI2_Current_phase_B_std,Abnormal,8,72.3116904102807,41.63455639447497,60.720497042816014,38.44640201822227,95.11831282571588,33.25633352573264,154.56923982114154
AI2_Current_phase_B_ptp,Normal Train,330,99.6280729,35.060168994016,93.84257749999999,73.55282975,125.77046275000001,32.834896,186.265494
AI2_Current_phase_B_ptp,Normal Holdout,145,101.8650848,32.86648059276043,96.124065,80.03891899999999,124.03823,35.50876099999999,177.887937
AI2_Current_phase_B_ptp,Abnormal,8,167.93610475,98.17528901072039,134.110463,92.983257,216.6629025,84.63861,364.78047
AI2_Current_phase_B_mean_abs,Normal Train,330,130.85861437939394,43.44358361291113,110.96444349999999,93.94700962499999,175.1115455,83.42044666666666,220.237876
AI2_Current_phase_B_mean_abs,Normal Holdout,145,133.76160957655173,42.49949678498184,118.39025616666665,94.2595925,177.88927399999997,83.26994333333333,215.408136
AI2_Current_phase_B_mean_abs,Abnormal,8,122.51984494791667,89.61500302892269,109.22552375000001,42.31930285,192.13559362499998,21.06031038333333,248.43219
AI2_Current_phase_B_rms_ratio,Normal Train,330,1.1525100707113007,0.04686264644880266,1.1364680485180383,1.1182350421429135,1.1934055521140163,1.06847938485423,1.248494580529391
AI2_Current_phase_B_rms_ratio,Normal Holdout,145,1.153178111335255,0.04750084200404215,1.135701194088497,1.121449271127254,1.1973457920580028,1.0785008633254036,1.2490284627314754
AI2_Current_phase_B_rms_ratio,Abnormal,8,0.8882449058192545,0.3005250422794672,0.8445799808144445,0.6975711575278117,1.0086384139702969,0.5010859916238088,1.390394025559308
AI0_Vibration_phase_C_rms,Normal Train,330,0.06395909935277506,0.028307441717135475,0.0606207886008281,0.041609736579865,0.08249101539030958,0.0123289214937884,0.1684725473096432
AI0_Vibration_phase_C_rms,Normal Holdout,145,0.0635830052904049,0.028577681057106903,0.0599186291732379,0.0426647733592949,0.0793342867189212,0.0098988756533254,0.168683104110637
AI0_Vibration_phase_C_rms,Abnormal,8,0.34438960411976605,0.31883783031732504,0.1870924296161858,0.09773725519517627,0.7092261245625014,0.0304379129332157,0.7440903230914637
AI0_Vibration_phase_C_std,Normal Train,330,0.06606078930821054,0.031033858687475387,0.0604891369109321,0.04267684377060433,0.08770404169233065,0.008341474252193,0.1794587842870891
AI0_Vibration_phase_C_std,Normal Holdout,145,0.0656313353843041,0.03042436893740716,0.0624438906483252,0.0423282341505052,0.0834536484840537,0.0108297125538954,0.170055212317941
AI0_Vibration_phase_C_std,Abnormal,8,0.20836823302249427,0.22500364206338766,0.10471380282640741,0.027011942243674824,0.3800673207717167,0.0173493656404516,0.6091428154777024
AI0_Vibration_phase_C_ptp,Normal Train,330,0.16312352424242424,0.08091985713751566,0.14905699999999994,0.10383975,0.21129900000000001,0.02097,0.4950029999999999
AI0_Vibration_phase_C_ptp,Normal Holdout,145,0.1629725517241379,0.07785569732175915,0.1544269999999999,0.104768,0.2017479999999999,0.029734,0.463611
AI0_Vibration_phase_C_ptp,Abnormal,8,0.4958831075,0.5488423591083396,0.224080378,0.07017619624999993,0.9145202425,0.036425065,1.4916616
AI0_Vibration_phase_C_mean_abs,Normal Train,330,0.053876981818181804,0.02410840863834583,0.050954299999999994,0.035729199999999975,0.06799395,0.0098992,0.155898
AI0_Vibration_phase_C_mean_abs,Normal Holdout,145,0.05377853103448274,0.02451748223538528,0.0503831999999999,0.0363046,0.0665322,0.0073164,0.1568808
AI0_Vibration_phase_C_mean_abs,Abnormal,8,0.31072657873541665,0.2834263490126506,0.17107031491666663,0.09507953974999991,0.632752472,0.02723748825,0.666122086
AI0_Vibration_phase_C_rms_ratio,Normal Train,330,0.9700453868416254,0.26328091115486235,1.0052622957134663,0.7952670951589376,1.1430107412425432,0.2182325608634011,1.5753288463623962
AI0_Vibration_phase_C_rms_ratio,Normal Holdout,145,0.9345362989817353,0.26290963134965745,0.9349276798815408,0.7680376866348589,1.1077179911428248,0.2180800656272281,1.6140879787565925
AI0_Vibration_phase_C_rms_ratio,Abnormal,8,0.854748146759517,0.5081382898811603,0.9213915956658172,0.41685081297743964,1.0273938026219718,0.2300548055300304,1.7414356971540752
AI1_Vibration_phase_C_rms,Normal Train,330,0.10240444793568293,0.06053176650327335,0.0861122525756362,0.04916357576830355,0.1575944860693892,0.0134995777859901,0.2420317515529729
AI1_Vibration_phase_C_rms,Normal Holdout,145,0.10521277661426667,0.06005375458120134,0.0934547436816344,0.0500748304759986,0.1507936939517034,0.0148630522437351,0.2352261897174717
AI1_Vibration_phase_C_rms,Abnormal,8,0.1953983425869822,0.1519878958229662,0.17099963088889303,0.07313767953572249,0.25357592238844573,0.0457811413803567,0.4279428474084825
AI1_Vibration_phase_C_std,Normal Train,330,0.11193765407342558,0.06793609726602733,0.09407242817733555,0.052266081882444825,0.17137999543588237,0.0147982531638028,0.2705642995143668
AI1_Vibration_phase_C_std,Normal Holdout,145,0.11550254198137444,0.06765711070011513,0.1023962104118116,0.054060025418048,0.1667080702800557,0.0130798237870393,0.2622714873691
AI1_Vibration_phase_C_std,Abnormal,8,0.15702230020100327,0.16293382354225192,0.0941704472595475,0.0363075255645456,0.2412242276265096,0.0141163645934129,0.4307552251373502
AI1_Vibration_phase_C_ptp,Normal Train,330,0.27369549393939396,0.168093751100657,0.22485149999999995,0.12953825,0.41734049999999995,0.0374769999999999,0.714223
AI1_Vibration_phase_C_ptp,Normal Holdout,145,0.2780138482758621,0.1614062568185362,0.244333,0.131937,0.381946,0.034025,0.654085
AI1_Vibration_phase_C_ptp,Abnormal,8,0.349287600125,0.36167755451010175,0.216139197,0.08297198924999998,0.5268964475,0.030149538,0.92218234
AI1_Vibration_phase_C_mean_abs,Normal Train,330,0.08889081272727271,0.05378768145371919,0.0715817,0.0406933,0.13295174999999992,0.0108904,0.224411
AI1_Vibration_phase_C_mean_abs,Normal Holdout,145,0.09163063999999997,0.05393517159322745,0.0838462,0.0436778,0.1330056,0.010306,0.2151034
AI1_Vibration_phase_C_mean_abs,Abnormal,8,0.17281946825416666,0.13107914232729453,0.154329883,0.0634775217125,0.22224796874999997,0.04411869325,0.38731032
AI1_Vibration_phase_C_rms_ratio,Normal Train,330,0.9829410432078941,0.17409508748146338,0.9853355311574352,0.8865123632707658,1.075889233575547,0.3316586822628603,1.5817485034311125
AI1_Vibration_phase_C_rms_ratio,Normal Holdout,145,0.9735897094783347,0.16343941289480707,0.9972832514257574,0.864909237342915,1.0774159464790798,0.3633247946306148,1.3070581377799106
AI1_Vibration_phase_C_rms_ratio,Abnormal,8,0.8655207009482572,0.5134008597974647,0.8768530137910684,0.5098230447425914,1.161889831506353,0.1598540592593181,1.5847406616484905
AI2_Current_phase_C_rms,Normal Train,330,86.1302191994937,26.0125930523685,71.59201447339568,64.98503753097198,109.72394413915634,59.153424823252266,143.3508092867997
AI2_Current_phase_C_rms,Normal Holdout,145,87.86547186551914,25.550408468740276,76.2691069055062,65.0920492961953,112.15468194969093,60.51870440359888,139.4296394281703
AI2_Current_phase_C_rms,Abnormal,8,121.86581557056803,74.11920299610088,88.58702268423363,72.61505691124235,191.66831892278393,37.21354758767588,225.21568431725615
AI2_Current_phase_C_std,Normal Train,330,89.87948443773872,23.99649902191235,77.21354897880364,70.16518076630902,112.73315491928275,64.70298200105377,140.2551195050069
AI2_Current_phase_C_std,Normal Holdout,145,90.93543540356687,23.205650423368432,79.76376538330221,69.83848820526163,112.46098911498824,64.5229090002704,137.0282966441707
AI2_Current_phase_C_std,Abnormal,8,50.31565108202733,33.315233489281646,41.40897222706357,33.7903402857216,60.11758313080176,10.629031864091855,122.06997696327856
AI2_Current_phase_C_ptp,Normal Train,330,222.8517348090909,59.89452286027695,191.568397,173.05763525,278.40352475,155.741476,350.25350000000003
AI2_Current_phase_C_ptp,Normal Holdout,145,225.65928055172412,57.84277665473252,198.675535,173.50079699999998,279.20285,154.558563,342.83881
AI2_Current_phase_C_ptp,Abnormal,8,126.21285062500002,88.91730414007655,95.96348800000001,77.486051,157.9523295,23.84186,314.712561
AI2_Current_phase_C_mean_abs,Normal Train,330,74.67077205151516,22.023257481402876,62.38864219999999,56.4669797,94.29531055000001,51.1096538,119.296779
AI2_Current_phase_C_mean_abs,Normal Holdout,145,75.97900061517242,21.645924828889562,66.18822379999999,56.4374516,95.888005,51.651889,116.5958542
AI2_Current_phase_C_mean_abs,Abnormal,8,112.819188075,77.33221153266156,82.70145495,52.9885353875,180.06565215,30.99441905,222.32535
AI2_Current_phase_C_rms_ratio,Normal Train,330,0.7394175450599207,0.040979862163319246,0.7442112056559842,0.7058194225202399,0.7713224313111817,0.6600305640079738,0.8203573685027432
AI2_Current_phase_C_rms_ratio,Normal Holdout,145,0.7374667336748505,0.040241288601317995,0.7384389152180281,0.7036187375984749,0.7677030185809487,0.6574913157996097,0.8254826107516331
AI2_Current_phase_C_rms_ratio,Abnormal,8,0.9419309623054523,0.306027561798579,1.0478181441258905,0.7551291525840792,1.1490705910121806,0.3667708281725539,1.267273166789389
H1_share,Normal Train,330,0.9965269277430885,0.00213101844283435,0.997029432900147,0.9947784262242656,0.9983273717123256,0.9914192716400354,0.9994205571723878
H1_share,Normal Holdout,145,0.9967781506735092,0.002070095659643147,0.9975385324225038,0.9956817549579672,0.998487320064886,0.9923369946288276,0.9993358661872752
H1_share,Abnormal,8,0.5696118801773318,0.20981298461299663,0.6484187925142633,0.4839708398607549,0.6947976637902555,0.1703760070052023,0.7950512942751881
H2_share,Normal Train,330,0.0009645536356980017,0.0007661197175270318,0.0009566561139182,9.810086458882744e-05,0.00161452531483125,8.765968863177867e-06,0.0035635848374966
H2_share,Normal Holdout,145,0.0009368289253355246,0.0007188054460452997,0.0009412799316094,0.0001179627607707,0.0015103689603105,6.148761739910806e-06,0.002242158595399
H2_share,Abnormal,8,0.08671436699877239,0.09382380220662463,0.05420808797178195,0.028620132653340548,0.09857330245628093,0.0050429875204394,0.2741396708630373
H3_share,Normal Train,330,0.0019410388983716717,0.0016165487140724045,0.00163399618139305,0.000413610774120475,0.0033314208863525754,7.23003354432812e-06,0.0052148135320213
H3_share,Normal Holdout,145,0.0017024201777159319,0.0015367775573634477,0.0009568350554118,0.0002958856117195,0.0028650568353718,1.5157873851475985e-06,0.005095702448007
H3_share,Abnormal,8,0.040305213674220124,0.03649371298655497,0.02606074883482735,0.01866427148871655,0.0588071143718336,0.0017647324438038,0.1118844934057013
timing_deviation,Normal Train,330,0.019607843137275434,0.02777178808628332,1.337492208488957e-13,0.0,0.0588235294115491,0.0,0.0588235294119504
timing_deviation,Normal Holdout,145,0.018255578093337575,0.027308137967091497,1.337492208488957e-13,6.687461042444783e-14,0.0588235294115491,0.0,0.0588235294119504
timing_deviation,Abnormal,8,0.1470588235292622,0.09432749714550778,0.1176470588234744,0.0588235294116327,0.23529411764683839,0.0588235294116243,0.2941176470585817
duration_z,Normal Train,330,2.2392861975469822e-15,0.9999999999788189,0.7060345943778656,-1.4120691887610883,0.7060345943826817,-1.4120691887755363,0.7060345943971297
duration_z,Normal Holdout,145,0.04869204099198302,0.9833049957631868,0.7060345943778656,-1.4120691887610883,0.7060345943826817,-1.4120691887755363,0.7060345943971297
duration_z,Abnormal,8,-3.530172971909698,4.803407881053155,-2.471121080336886,-7.766380538201061,-1.4120691887640229,-9.884484321347005,4.942242160673231
AI0_expected_rms,Normal Train,330,0.06629344921328975,0.015352102192922497,0.060235845218171,0.052690725296986825,0.080998189267312,0.0500737526609268,0.0958342403629246
AI0_expected_rms,Normal Holdout,145,0.06736241078864152,0.014926694415682323,0.0627647519346797,0.0528970604266834,0.0806459394664753,0.0502681844186216,0.0935029103684389
AI0_expected_rms,Abnormal,8,0.07252534400348659,0.03499419352483092,0.059669651091204895,0.0464641232893279,0.09268293639609407,0.0390572527662246,0.1398134411119702
AI0_current_residual,Normal Train,330,1.5139404881252134e-17,0.015470291446683356,-0.0012018751310716,-0.011848933633676924,0.008970501409914976,-0.0314345848436939,0.0483298629820607
AI0_current_residual,Normal Holdout,145,0.0007625935933452647,0.016537057857045543,-0.0011926101073453,-0.0107990563726029,0.0093533387756511,-0.0308927571821277,0.087253274238882
AI0_current_residual,Abnormal,8,0.3326775160403197,0.24051422519800628,0.39836238575189736,0.23969816703519634,0.43656844195413425,-0.0673812049366684,0.6804151632288896
AI0_abs_current_residual,Normal Train,330,0.01235546400369457,0.00928484906541766,0.010777956036272351,0.004997180320887075,0.017781884957941675,2.1236933538518188e-05,0.0483298629820607
AI0_abs_current_residual,Normal Holdout,145,0.012441213914710073,0.010872036556848654,0.010272892318347,0.0049071276280282,0.0164876736435103,0.0001805452580572,0.087253274238882
AI0_abs_current_residual,Abnormal,8,0.3495228172744868,0.2114557321873723,0.39836238575189736,0.24577375809655794,0.43656844195413425,0.0430788406912219,0.6804151632288896
AI0_response_z,Normal Train,330,-3.229739708000455e-17,0.99999999993536,-0.0776892365044407,-0.7659153464397911,0.5798534203606298,-2.0319322974617333,3.1240434703832216
AI0_response_z,Normal Holdout,145,0.04929406766020856,1.068955805581926,-0.0770903451546781,-0.6980512557971262,0.6046000366109279,-1.9969085447807655,5.640053681855351
AI0_response_z,Abnormal,8,21.504282396058976,15.546845126438923,25.750153906218124,15.494095107761531,28.219794270230665,-4.3555226586735385,43.9820520207962
AI1_expected_rms,Normal Train,330,0.10363977145096634,0.05667515131023646,0.08127699541635135,0.05342277663814843,0.15792506457021163,0.0437617335927324,0.2126951169137841
AI1_expected_rms,Normal Holdout,145,0.10758604266949826,0.055104679081700005,0.0906129266788256,0.0541845012898748,0.156624668669341,0.0444795147244882,0.2040885770060131
AI1_expected_rms,Abnormal,8,0.12664597449374612,0.12918759841983174,0.0791867840945713,0.030436112890210126,0.20106149000717038,0.003092267574633,0.3750525469017446
AI1_current_residual,Normal Train,330,2.969005512823335e-17,0.014442822734383213,-4.624066421504702e-05,-0.009862808499894474,0.009029198071503125,-0.0377533261093012,0.0575700288061235
AI1_current_residual,Normal Holdout,145,-0.0004930827859477927,0.01578072962489817,-0.0022195445495521,-0.0085001422437369,0.0085763258018337,-0.0357502822317879,0.0643706341241034
AI1_current_residual,Abnormal,8,0.10345091641056821,0.1598124458809413,0.17005229925097154,0.05251143675443205,0.2160029422534246,-0.1720205297336691,0.2372191096299779
AI1_abs_current_residual,Normal Train,330,0.011250987931582091,0.009034691089555085,0.0094050113610412,0.0045114859618041,0.015751290472055625,1.96235363487951e-06,0.0575700288061235
AI1_abs_current_residual,Normal Holdout,145,0.011733078916622744,0.010519272681547634,0.0085230446562092,0.0042069891462225,0.0152127109238111,0.0001073646601846,0.0643706341241034
AI1_abs_current_residual,Abnormal,8,0.17663282499745847,0.04598699028136751,0.17745871089854132,0.1480825559823702,0.2160029422534246,0.1102509505438734,0.2372191096299779
AI1_response_z,Normal Train,330,0.0,0.9999999999307614,-0.00320163620798235,-0.6828864883684966,0.6251685170505272,-2.613985285356299,3.986064903025059
AI1_response_z,Normal Holdout,145,-0.034140333574809834,1.092634723421291,-0.1536780302727468,-0.5885374624804194,0.5938123010277432,-2.4752974461289963,4.456928905344992
AI1_response_z,Abnormal,8,7.162790702756835,11.065180872809526,11.774173398553385,3.635815360787129,14.955728960395138,-11.91045080905401,16.424705473177234
PORD,Normal Train,330,1.0996966702748587,0.6298990778843593,1.0061983959981116,0.6258879259484678,1.4791131186280335,0.0377395399075573,3.986064903025059
PORD,Normal Holdout,145,1.1265914066737128,0.7425850196581038,0.999319877902245,0.6150492290999822,1.4377722945763218,0.0622003063675972,5.640053681855351
PORD,Abnormal,8,24.550055984829076,10.712981444876949,25.750153906218124,17.77555349326727,28.219794270230665,10.884832509464289,43.9820520207962
AI0_Gain,Normal Train,330,0.8671807650165885,0.23557114200477092,0.8280008719280147,0.6982182638670625,0.9932322577777015,0.3815316708725231,1.6829350687773157
AI0_Gain,Normal Holdout,145,0.8684487286842204,0.2310937040529046,0.8292136444625927,0.7016580925207334,0.9925305702265508,0.3901984445100527,1.8727302992794843
AI0_Gain,Abnormal,8,5.83636520394988,3.745595431598075,6.701062721531274,2.3609735542382366,8.792491903607592,0.2512931792943376,10.197247617599029
AI0_GainDev,Normal Train,330,0.20941280200457094,0.16372093363177814,0.1767004637559722,0.0763745297413301,0.3092896138372647,0.0004434612259941,0.7748203434537727
AI0_GainDev,Normal Holdout,145,0.2007846257166907,0.1579694054322602,0.1743479050029937,0.079718994954411,0.2862689165196093,0.0014636279601492,0.8161384906595722
AI0_GainDev,Abnormal,8,1.8426205205546746,0.64565319629129,2.0909614084835244,1.1595494771749448,2.360987216342884,1.0071329654482233,2.510858914007785
AI1_Gain,Normal Train,330,0.9814431184501339,0.29342714256123653,1.0131302838488891,0.7208237508425361,1.2280622674388244,0.3661742366215372,1.6361931979698847
AI1_Gain,Normal Holdout,145,0.9988052618448997,0.2887835908155304,1.046570207196004,0.7485009627482888,1.1905935042140776,0.3413015463251429,1.7221011336009138
AI1_Gain,Abnormal,8,2.822132370220631,1.4934489918250695,3.4978582475513407,1.8084563980784578,3.7606965507376517,0.356626542043481,4.5250609264060335
AI1_GainDev,Normal Train,330,0.275405188412788,0.19174097254413588,0.24741861802930887,0.132395012371739,0.3820098014045571,0.0020603075004209,1.0176908314059097
AI1_GainDev,Normal Holdout,145,0.25917034603759515,0.19224091335116514,0.2209150892563394,0.1178140798471554,0.3743800822061811,0.0050436254734819,1.0880337212769136
AI1_GainDev,Abnormal,8,1.049192111773896,0.4777243355947294,1.2386279189304503,0.9613569757755478,1.3113977431342545,0.0190041425633046,1.4965862125685931
CNVG,Normal Train,330,0.33603688658016934,0.17953497338477817,0.3041180693832305,0.2175499253774339,0.441544325019688,0.0190006206849793,1.0176908314059097
CNVG,Normal Holdout,145,0.32529082472193843,0.1786396132701323,0.301056091707044,0.2066809029840419,0.422297102482227,0.0376026080044755,1.0880337212769136
CNVG,Abnormal,8,1.8726251354277337,0.6086594247612191,2.0909614084835244,1.2738883108836476,2.360987216342884,1.0071329654482233,2.510858914007785
Shape_RMSE,Normal Train,330,0.08481982079108487,0.03778516535389426,0.07502726454156064,0.05702333931186973,0.10795627356800674,0.0254204770782736,0.2505649065596964
Shape_RMSE,Normal Holdout,145,0.08792873849391106,0.042090446966980076,0.0737148782074197,0.0544726482759713,0.1186430776684569,0.0288489785408952,0.1932234705971143
Shape_RMSE,Abnormal,8,1.1401997901610275,0.3364134562879115,1.1586633567412044,0.9904031677364549,1.3112182293161476,0.5603335393176001,1.5835543600122586
Template_Correlation,Normal Train,330,0.9955521061680026,0.0041462987984995404,0.9970946436712097,0.9939846924386098,0.9983217227949541,0.9675959884390544,0.999666477081348
Template_Correlation,Normal Holdout,145,0.9951014963569048,0.004528798831183216,0.9971954150868956,0.9927348749013378,0.998468506110864,0.9807301627924484,0.9995704446127208
Template_Correlation,Abnormal,8,0.277892736330432,0.3848994749171134,0.3038386516174803,0.10479719604551646,0.490930239094008,-0.2942680831568271,0.8379490708209015
