feature,missing_count,missing_ratio,inf_count,unique_count,variance,is_constant,high_missing
cycle_duration,0,0.0,0,25,0.0033705316873266925,False,False
n_samples_cycle,0,0.0,0,6,0.3370531687327646,False,False
AI0_Vibration_mean,0,0.0,0,483,0.00033179087413848403,False,False
AI0_Vibration_std,0,0.0,0,483,0.0033341485324069613,False,False
AI0_Vibration_rms,0,0.0,0,483,0.0031885630162383433,False,False
AI0_Vibration_ptp,0,0.0,0,480,0.0461297893620755,False,False
AI0_Vibration_peak,0,0.0,0,479,0.015533715931217032,False,False
AI0_Vibration_mean_abs,0,0.0,0,483,0.00172779775214483,False,False
AI0_Vibration_energy,0,0.0,0,483,0.31171661483751484,False,False
AI0_Vibration_crest_factor,0,0.0,0,483,0.08279810354625758,False,False
AI0_Vibration_kurtosis,0,0.0,0,483,0.8029371836316169,False,False
AI1_Vibration_mean,0,0.0,0,483,0.00024427278373253056,False,False
AI1_Vibration_std,0,0.0,0,483,0.003882430163616767,False,False
AI1_Vibration_rms,0,0.0,0,483,0.003670170088873001,False,False
AI1_Vibration_ptp,0,0.0,0,482,0.034786414648830054,False,False
AI1_Vibration_peak,0,0.0,0,478,0.010753225808431825,False,False
AI1_Vibration_mean_abs,0,0.0,0,483,0.0029117749394090083,False,False
AI1_Vibration_energy,0,0.0,0,483,0.0690125352095973,False,False
AI1_Vibration_crest_factor,0,0.0,0,483,0.07533976054959188,False,False
AI1_Vibration_kurtosis,0,0.0,0,483,0.5495851234317148,False,False
AI2_Current_mean,0,0.0,0,483,299.97310027610996,False,False
AI2_Current_std,0,0.0,0,483,1505.6991587031475,False,False
AI2_Current_rms,0,0.0,0,483,1511.0233257006196,False,False
AI2_Current_ptp,0,0.0,0,483,12873.71971114216,False,False
AI2_Current_peak,0,0.0,0,452,3495.8182307797033,False,False
AI2_Current_mean_abs,0,0.0,0,483,1206.82978983141,False,False
AI2_Current_energy,0,0.0,0,483,34268238557.958267,False,False
AI2_Current_crest_factor,0,0.0,0,483,0.009090207431852815,False,False
AI2_Current_kurtosis,0,0.0,0,483,0.028712504600856423,False,False
vibration_normalized_difference,0,0.0,0,483,0.037961697969389106,False,False
vibration_log_ratio,0,0.0,0,483,0.16657745844794553,False,False
AI0_Vibration_phase_A_rms,0,0.0,0,483,0.0028484509833292797,False,False
AI0_Vibration_phase_A_std,0,0.0,0,483,0.002741101742362813,False,False
AI0_Vibration_phase_A_ptp,0,0.0,0,480,0.018016555674723066,False,False
AI0_Vibration_phase_A_mean_abs,0,0.0,0,483,0.0020919398275282657,False,False
AI0_Vibration_phase_A_rms_ratio,0,0.0,0,483,0.05763901674670914,False,False
AI1_Vibration_phase_A_rms,0,0.0,0,483,0.0037975396956718903,False,False
AI1_Vibration_phase_A_std,0,0.0,0,483,0.004588471077136519,False,False
AI1_Vibration_phase_A_ptp,0,0.0,0,483,0.028894530868300884,False,False
AI1_Vibration_phase_A_mean_abs,0,0.0,0,483,0.003090725543546096,False,False
AI1_Vibration_phase_A_rms_ratio,0,0.0,0,483,0.02167314276627294,False,False
AI2_Current_phase_A_rms,0,0.0,0,483,1564.479445573813,False,False
AI2_Current_phase_A_std,0,0.0,0,483,791.891732449242,False,False
AI2_Current_phase_A_ptp,0,0.0,0,483,5068.1847507328275,False,False
AI2_Current_phase_A_mean_abs,0,0.0,0,483,1195.6542783217235,False,False
AI2_Current_phase_A_rms_ratio,0,0.0,0,483,0.002968752688256913,False,False
AI0_Vibration_phase_B_rms,0,0.0,0,483,0.004685481926328794,False,False
AI0_Vibration_phase_B_std,0,0.0,0,483,0.0028824067829483443,False,False
AI0_Vibration_phase_B_ptp,0,0.0,0,478,0.016656982572519942,False,False
AI0_Vibration_phase_B_mean_abs,0,0.0,0,483,0.003725099139041552,False,False
AI0_Vibration_phase_B_rms_ratio,0,0.0,0,483,0.0377590839724219,False,False
AI1_Vibration_phase_B_rms,0,0.0,0,483,0.0040045727411407795,False,False
AI1_Vibration_phase_B_std,0,0.0,0,483,0.004831980125568101,False,False
AI1_Vibration_phase_B_ptp,0,0.0,0,481,0.02857592781315069,False,False
AI1_Vibration_phase_B_mean_abs,0,0.0,0,483,0.003355225826398475,False,False
AI1_Vibration_phase_B_rms_ratio,0,0.0,0,483,0.02724611014593083,False,False
AI2_Current_phase_B_rms,0,0.0,0,483,2014.93191775154,False,False
AI2_Current_phase_B_std,0,0.0,0,483,190.34103196201178,False,False
AI2_Current_phase_B_ptp,0,0.0,0,483,1377.4141649412757,False,False
AI2_Current_phase_B_mean_abs,0,0.0,0,483,1947.644692401934,False,False
AI2_Current_phase_B_rms_ratio,0,0.0,0,483,0.00462648604618313,False,False
AI0_Vibration_phase_C_rms,0,0.0,0,483,0.0035520073263551723,False,False
AI0_Vibration_phase_C_std,0,0.0,0,483,0.002000371572037075,False,False
AI0_Vibration_phase_C_ptp,0,0.0,0,481,0.01246297836476643,False,False
AI0_Vibration_phase_C_mean_abs,0,0.0,0,483,0.0028200151378494514,False,False
AI0_Vibration_phase_C_rms_ratio,0,0.0,0,483,0.07215565905185503,False,False
AI1_Vibration_phase_C_rms,0,0.0,0,483,0.00405415266725899,False,False
AI1_Vibration_phase_C_std,0,0.0,0,483,0.00493762879305905,False,False
AI1_Vibration_phase_C_ptp,0,0.0,0,482,0.029063283431933058,False,False
AI1_Vibration_phase_C_mean_abs,0,0.0,0,483,0.003207633352749468,False,False
AI1_Vibration_phase_C_rms_ratio,0,0.0,0,483,0.03272908897061757,False,False
AI2_Current_phase_C_rms,0,0.0,0,483,757.5443662677294,False,False
AI2_Current_phase_C_std,0,0.0,0,483,596.2471917522065,False,False
AI2_Current_phase_C_ptp,0,0.0,0,483,3719.823427428824,False,False
AI2_Current_phase_C_mean_abs,0,0.0,0,483,581.5122504336532,False,False
AI2_Current_phase_C_rms_ratio,0,0.0,0,483,0.0036643297924725386,False,False
H1_share,0,0.0,0,483,0.0036196781580067256,False,False
H2_share,0,0.0,0,483,0.0002484424748305903,False,False
H3_share,0,0.0,0,483,4.5957632320935535e-05,False,False
timing_deviation,0,0.0,0,25,0.0011457034767010854,False,False
duration_z,0,0.0,0,25,1.5121430796601774,False,False
AI0_expected_rms,0,0.0,0,483,0.0002460306662468777,False,False
AI0_current_residual,0,0.0,0,483,0.0028892523304570603,False,False
AI0_abs_current_residual,0,0.0,0,483,0.002598820046807221,False,False
AI0_response_z,0,0.0,0,483,12.072257246082012,False,False
AI1_expected_rms,0,0.0,0,483,0.003353041386074317,False,False
AI1_current_residual,0,0.0,0,483,0.0007629393960638756,False,False
AI1_abs_current_residual,0,0.0,0,483,0.0005651835262810307,False,False
AI1_response_z,0,0.0,0,483,3.657513007661471,False,False
PORD,0,0.0,0,483,11.072307039318073,False,False
AI0_Gain,0,0.0,0,483,0.6605692754278292,False,False
AI0_GainDev,0,0.0,0,483,0.07549986576420596,False,False
AI1_Gain,0,0.0,0,483,0.17112388136325493,False,False
AI1_GainDev,0,0.0,0,483,0.049403653672931855,False,False
CNVG,0,0.0,0,483,0.07564357218346564,False,False
Shape_RMSE,0,0.0,0,483,0.02129729592587559,False,False
Template_Correlation,0,0.0,0,483,0.01057291502091735,False,False
