feature,auc_raw,separation_auc,direction,normal_median,abnormal_median,median_shift_iqr,normal_n,abnormal_n,holdout_fpr,abnormal_hit_rate,abnormal_break_n,score
Template_Correlation,0.0,1.0,DOWN,0.9971954150868956,0.3038386516174803,120.92803637552268,145,8,0.013793103448275862,1.0,8,1.986206896551724
H2_share,1.0,1.0,UP,0.0009412799316094,0.05420808797178195,38.25522182950464,145,8,0.013793103448275862,1.0,8,1.986206896551724
AI2_Current_kurtosis,1.0,1.0,UP,1.4297606782353538,2.048591132202376,4.397556918972414,145,8,0.013793103448275862,1.0,8,1.986206896551724
Shape_RMSE,1.0,1.0,UP,0.0737148782074197,1.1586633567412044,16.907296535261032,145,8,0.013793103448275862,1.0,8,1.986206896551724
AI0_abs_current_residual,0.9974137931034482,0.9974137931034482,UP,0.010272892318347,0.39836238575189736,33.512193027402276,145,8,0.013793103448275862,1.0,8,1.9836206896551722
CNVG,0.9991379310344828,0.9991379310344828,UP,0.301056091707044,2.0909614084835244,8.301348975365585,145,8,0.020689655172413793,1.0,8,1.978448275862069
AI1_abs_current_residual,1.0,1.0,UP,0.0085230446562092,0.17745871089854132,15.34980346189949,145,8,0.027586206896551724,1.0,8,1.9724137931034482
PORD,1.0,1.0,UP,0.999319877902245,25.750153906218124,30.084040507586423,145,8,0.034482758620689655,1.0,8,1.9655172413793103
AI0_GainDev,1.0,1.0,UP,0.1743479050029937,2.0909614084835244,9.279178074514757,145,8,0.034482758620689655,1.0,8,1.9655172413793103
H1_share,0.0,1.0,DOWN,0.9975385324225038,0.6484187925142633,124.43829553171581,145,8,0.041379310344827586,1.0,8,1.9586206896551723
AI0_Gain,0.875,0.875,UP,0.8292136444625927,6.701062721531274,20.187021898329455,145,8,0.027586206896551724,1.0,8,1.8474137931034482
AI0_current_residual,0.8732758620689655,0.8732758620689655,UP,-0.0011926101073453,0.39836238575189736,19.826675336596903,145,8,0.027586206896551724,1.0,8,1.8456896551724138
AI0_response_z,0.8732758620689655,0.8732758620689655,UP,-0.0770903451546781,25.750153906218124,19.826675336596864,145,8,0.027586206896551724,1.0,8,1.8456896551724138
H3_share,0.9474137931034483,0.9474137931034483,UP,0.0009568350554118,0.02606074883482735,9.771210866875645,145,8,0.020689655172413793,0.875,7,1.8017241379310345
AI2_Current_crest_factor,0.9077586206896552,0.9077586206896552,UP,1.416591498509843,1.8635287968364205,4.163119611036973,145,8,0.006896551724137931,0.875,7,1.7758620689655171
AI2_Current_phase_C_std,0.1060344827586207,0.8939655172413793,DOWN,79.76376538330221,41.40897222706357,0.8998719534893819,145,8,0.027586206896551724,0.875,7,1.7413793103448274
AI1_response_z,0.75,0.75,UP,-0.1536780302727468,11.774173398553385,10.08825966475003,145,8,0.05517241379310345,1.0,8,1.6948275862068964
AI1_current_residual,0.75,0.75,UP,-0.0022195445495521,0.17005229925097154,10.088259664750087,145,8,0.05517241379310345,1.0,8,1.6948275862068964
AI1_Gain,0.8094827586206896,0.8094827586206896,UP,1.046570207196004,3.4978582475513407,5.544739642582342,145,8,0.05517241379310345,0.875,7,1.6293103448275863
AI1_GainDev,0.8741379310344827,0.8741379310344827,UP,0.2209150892563394,1.2386279189304503,3.9666706434860157,145,8,0.020689655172413793,0.75,6,1.6034482758620687
AI1_Vibration_energy,0.8732758620689655,0.8732758620689655,UP,0.177408749032,1.1268794156668986,2.428376852543372,145,8,0.027586206896551724,0.75,6,1.5956896551724138
AI0_Vibration_mean_abs,0.8698275862068966,0.8698275862068966,UP,0.0561893529411764,0.3192956281382353,10.149530347454341,145,8,0.027586206896551724,0.75,6,1.592241379310345
AI0_Vibration_phase_B_mean_abs,0.8491379310344828,0.8491379310344828,UP,0.0532789999999999,0.18133177164999992,3.720697681817734,145,8,0.013793103448275862,0.75,6,1.5853448275862068
AI2_Current_phase_C_ptp,0.13448275862068965,0.8655172413793104,DOWN,198.675535,95.96348800000001,0.9717128862199105,145,8,0.034482758620689655,0.75,6,1.5810344827586207
AI1_Vibration_ptp,0.7293103448275862,0.7293103448275862,UP,0.309354,0.9548665199999999,2.252020918443885,145,8,0.027586206896551724,0.875,7,1.5767241379310344
AI0_Vibration_phase_B_rms,0.8448275862068965,0.8448275862068965,UP,0.0609533465091677,0.21019109065529545,3.7311039654679554,145,8,0.020689655172413793,0.75,6,1.5741379310344825
AI1_Vibration_std,0.7189655172413792,0.7189655172413792,UP,0.1018655643575509,0.24468527350282587,1.2865027629396166,145,8,0.020689655172413793,0.875,7,1.5732758620689655
AI2_Current_phase_B_rms_ratio,0.24396551724137933,0.7560344827586207,DOWN,1.135701194088497,0.8445799808144445,3.8357649297216554,145,8,0.06206896551724138,0.875,7,1.5689655172413794
AI0_Vibration_rms,0.8491379310344828,0.8491379310344828,UP,0.0680337803529808,0.4538316649254318,11.872114008917393,145,8,0.034482758620689655,0.75,6,1.564655172413793
AI1_Vibration_peak,0.8327586206896551,0.8327586206896551,UP,0.180376,0.626448105,3.0836324641568402,145,8,0.020689655172413793,0.75,6,1.5620689655172413
AI0_Vibration_energy,0.843103448275862,0.843103448275862,UP,0.0786861195749999,3.4911692479690593,45.994509250019746,145,8,0.034482758620689655,0.75,6,1.5586206896551722
timing_deviation,0.9370689655172414,0.9370689655172414,UP,1.337492208488957e-13,0.1176470588234744,2.0000000000063953,145,8,0.006896551724137931,0.625,5,1.5551724137931033
AI0_Vibration_peak,0.8060344827586208,0.8060344827586208,UP,0.133772,0.991145525,13.5008822139989,145,8,0.041379310344827586,0.75,6,1.514655172413793
AI1_Vibration_mean_abs,0.9017241379310346,0.9017241379310346,UP,0.0882996666666666,0.2018679712941176,1.157405620766937,145,8,0.020689655172413793,0.625,5,1.5060344827586207
AI1_Vibration_rms,0.8827586206896552,0.8827586206896552,UP,0.0992775987465898,0.2627409998384913,1.5193608103247136,145,8,0.020689655172413793,0.625,5,1.4870689655172413
AI2_Current_phase_C_rms_ratio,0.75,0.75,UP,0.7384389152180281,1.0478181441258905,4.8276929094745356,145,8,0.034482758620689655,0.75,6,1.4655172413793103
AI0_Vibration_ptp,0.7543103448275863,0.7543103448275863,UP,0.237011,1.79620273,12.206456570243082,145,8,0.041379310344827586,0.75,6,1.4629310344827586
AI0_Vibration_std,0.7577586206896552,0.7577586206896552,UP,0.0674841117689389,0.4655699389934477,11.596102251822542,145,8,0.05517241379310345,0.75,6,1.4525862068965516
AI0_Vibration_phase_C_mean_abs,0.8594827586206897,0.8594827586206897,UP,0.0503831999999999,0.17107031491666663,3.9926132050399876,145,8,0.034482758620689655,0.625,5,1.45
n_samples_cycle,0.18318965517241378,0.8168103448275862,DOWN,18.0,16.5,1.5,145,8,0.0,0.625,5,1.4418103448275863
AI0_Vibration_phase_C_rms,0.8413793103448277,0.8413793103448277,UP,0.0599186291732379,0.1870924296161858,3.4681071220041937,145,8,0.034482758620689655,0.625,5,1.431896551724138
duration_z,0.1879310344827586,0.8120689655172414,DOWN,0.7060345943778656,-2.471121080336886,1.4999999999995735,145,8,0.006896551724137931,0.625,5,1.4301724137931033
cycle_duration,0.1879310344827586,0.8120689655172414,DOWN,1.699999999999818,1.5499999999999972,1.4999999999995703,145,8,0.006896551724137931,0.625,5,1.4301724137931033
AI1_Vibration_phase_A_mean_abs,0.8577586206896551,0.8577586206896551,UP,0.0804835,0.18277758764285715,1.0655689627847753,145,8,0.027586206896551724,0.5,4,1.3301724137931035
AI1_Vibration_phase_A_rms,0.8310344827586207,0.8310344827586207,UP,0.0938620987450916,0.19698300382762146,0.9533437572879653,145,8,0.041379310344827586,0.5,4,1.289655172413793
AI2_Current_phase_B_std,0.7698275862068965,0.7698275862068965,UP,38.45279656995898,60.720497042816014,1.4669972607693993,145,8,0.013793103448275862,0.5,4,1.2560344827586207
AI0_Vibration_phase_A_rms,0.7775862068965517,0.7775862068965517,UP,0.0649801144953849,0.1294705046089204,1.6722583537084108,145,8,0.034482758620689655,0.5,4,1.243103448275862
AI2_Current_std,0.23706896551724138,0.7629310344827587,DOWN,114.32649717520276,85.9273487831656,0.40542456595250326,145,8,0.027586206896551724,0.5,4,1.235344827586207
vibration_normalized_difference,0.8224137931034482,0.8224137931034482,UP,-0.1887294713835035,0.26681353992423257,1.5890237976136523,145,8,0.013793103448275862,0.375,3,1.1836206896551724
vibration_log_ratio,0.8224137931034482,0.8224137931034482,UP,-0.3820387720093741,0.5468811850262998,1.5548113726519492,145,8,0.013793103448275862,0.375,3,1.1836206896551724
AI0_Vibration_phase_A_mean_abs,0.8094827586206896,0.8094827586206896,UP,0.0553754999999999,0.09433047029,1.1709441592521372,145,8,0.027586206896551724,0.375,3,1.1568965517241379
AI1_Vibration_kurtosis,0.856896551724138,0.856896551724138,UP,1.9527310748950248,3.6609000289317817,2.1096378341332196,145,8,0.027586206896551724,0.25,2,1.0793103448275863
AI2_Current_phase_B_ptp,0.7043103448275863,0.7043103448275863,UP,96.124065,134.110463,0.8633407464039609,145,8,0.006896551724137931,0.375,3,1.0724137931034483
AI1_Vibration_phase_B_mean_abs,0.7887931034482758,0.7887931034482758,UP,0.0925258333333333,0.1607732295833333,0.6857532344672223,145,8,0.034482758620689655,0.25,2,1.004310344827586
AI1_Vibration_phase_B_rms,0.7698275862068965,0.7698275862068965,UP,0.1015092329716858,0.1675647176525881,0.6336691567358526,145,8,0.027586206896551724,0.25,2,0.9922413793103448
AI1_Vibration_phase_C_mean_abs,0.7051724137931035,0.7051724137931035,UP,0.0838462,0.154329883,0.789045325195516,145,8,0.034482758620689655,0.25,2,0.9206896551724139
