source,segment_id,cycle_id,duration_sec,n_samples,start_elapsed_sec,AI0_Vibration_rms,AI1_Vibration_rms,AI2_Current_rms,AI2_Current_OOD,AI0_expected_rms,AI0_response_residual,AI0_response_z,AI1_expected_rms,AI1_response_residual,AI1_response_z,PORD_raw,PORD,PORD_break
normal,N0000,1,1.7,18,1.7,0.07354164686874143,0.16517549692473557,155.49395186163716,False,0.0804475777518964,-0.00690593088315497,-0.4463995333866522,0.15589237936806866,0.009283117556666914,0.6427495322342403,0.6427495322342403,0.6427495322342403,False
normal,N0001,1,1.700000000000001,18,8.405,0.07975064535649713,0.13587331770276148,148.7467728205239,False,0.0777249938539999,0.0020256515024972277,0.1309381603752194,0.14584145263314674,-0.009968134930385258,-0.6901791369809367,0.6901791369809367,0.6901791369809367,False
normal,N0004,1,1.6999999999999957,18,34.033,0.034011223671997846,0.049504597748873565,83.82992740443507,False,0.05153011197001215,-0.017518888298014304,-1.1324213482590928,0.049138155868147654,0.00036644188072591094,0.02537190184114875,1.1324213482590928,1.1324213482590928,False
normal,N0006,1,1.7000000000000028,18,49.357,0.08202468045520067,0.03334115824239531,83.34553111997793,False,0.051334651094255355,0.030690029360945316,1.9838042138194367,0.048416575554941124,-0.015075417312545816,-1.043799926773082,1.9838042138194367,1.9838042138194367,False
normal,N0010,1,1.7000000000000028,18,82.803,0.06498492415125562,0.12084930019495815,157.31333845218617,False,0.08118172643911728,-0.01619680228786166,-1.0469616777215944,0.15860262630425936,-0.03775332610930121,-2.6139852855372876,2.6139852855372876,2.6139852855372876,False
normal,N0012,1,1.6999999999999886,18,95.927,0.05556573559207949,0.14085189263766074,139.46223388345433,False,0.07397854870182147,-0.01841281310974198,-1.1902046689423835,0.13201075093464576,0.008841141703014976,0.6121477681760448,1.1902046689423835,1.1902046689423835,False
normal,N0016,1,1.700000000000017,18,128.605,0.10421345909904771,0.1256958338302339,117.09330492437681,False,0.06495236376941058,0.03926109532963713,2.5378381179789686,0.09868890416929528,0.02700692966093861,1.8699204551368365,2.5378381179789686,2.5378381179789686,False
normal,N0016,2,1.6999999999999886,18,130.305,0.08431210579283513,0.10370061203987394,116.54637693861358,False,0.06473167045176263,0.019580435341072497,1.2656797972135325,0.09787417358623406,0.005826438453639879,0.40341410822478363,1.2656797972135325,1.2656797972135325,False
normal,N0018,1,1.6999999999999886,18,145.257,0.08782444339324522,0.08502835237371643,105.87022823778115,False,0.06042369072166803,0.027400752671577183,1.7711852918874063,0.08197046216115632,0.003057890212560116,0.2117238623500054,1.7711852918874063,1.7711852918874063,False
normal,N0022,1,1.6999999999999886,18,178.715,0.07126082057562284,0.07865688328853787,103.83641298250191,False,0.059603016980601005,0.011657803595021839,0.7535606963320068,0.07894079183543672,-0.00028390854689884504,-0.01965741407481147,0.7535606963320068,0.7535606963320068,False
normal,N0023,1,1.6000000000000227,17,185.581,0.06600524445518126,0.03689291207153004,82.65252031696382,False,0.051055011256353075,0.014950233198828183,0.9663834227268735,0.04738423288770771,-0.010491320816177672,-0.7264037653250134,0.9663834227268735,0.9663834227268735,False
normal,N0027,1,1.700000000000017,18,226.457,0.06857572054994716,0.043136039580224175,86.22409206875811,False,0.05249619188641573,0.016079528663531434,1.0393811079091622,0.05270462023582202,-0.009568580655597847,-0.6625145812264571,1.0393811079091622,1.0393811079091622,False
normal,N0028,1,1.6999999999999886,18,233.925,0.06313793281072094,0.04367887704600474,92.99268093658284,False,0.05522741495767731,0.007910517853043635,0.5113360585549617,0.06278744009205774,-0.019108563046052997,-1.3230490602479177,1.3230490602479177,1.3230490602479177,False
normal,N0036,1,1.6000000000000227,17,289.736,0.0596556260356547,0.12008514614614572,147.882941193635,False,0.07737642535396001,-0.017720799318305315,-1.1454728813208244,0.14455464694142522,-0.0244695007952795,-1.6942325780282756,1.6942325780282756,1.6942325780282756,False
normal,N0041,1,1.6999999999999886,18,322.877,0.06324950820669588,0.06071837007538255,94.21222004952914,False,0.05571951655028819,0.007529991656407692,0.4867388363276117,0.06460412499102143,-0.0038857549156388824,-0.26904400802402023,0.4867388363276117,0.4867388363276117,False
normal,N0041,2,1.6999999999999886,18,324.577,0.05884805232498731,0.045864900458968745,92.59519374418805,False,0.05506702315199972,0.0037810291729875947,0.2444058139446481,0.06219532379805011,-0.016330423339081364,-1.130694715251502,1.130694715251502,1.130694715251502,False
normal,N0042,1,1.599999999999966,17,330.088,0.06607865094496014,0.040650168619142356,82.32904045116751,False,0.050924482472613344,0.015154168472346796,0.9795658035644583,0.0469023615142745,-0.006252192895132146,-0.4328927253429424,0.9795658035644583,0.9795658035644583,False
normal,N0042,2,1.6999999999999886,18,331.688,0.056599177039070095,0.04684798734085477,83.98218825984402,False,0.05159155141762283,0.005007625621447263,0.3236930369867604,0.049364971059057336,-0.0025169837182025673,-0.1742722848914116,0.3236930369867604,0.3236930369867604,False
normal,N0043,1,1.6000000000000227,17,336.88,0.0647812832868732,0.17947623782633207,170.69737948759288,False,0.08658237971802776,-0.021801096431154562,-1.4092233818793645,0.1785401461246709,0.0009360917016611736,0.06481362534711742,1.4092233818793645,1.4092233818793645,False
normal,N0043,2,1.6999999999999886,18,338.48,0.07070187009785056,0.18933055100757862,176.08797958982814,False,0.08875756448026928,-0.01805569438241872,-1.1671205060774479,0.18657024675705153,0.0027603042505270903,0.1911194439820794,1.1671205060774479,1.1671205060774479,False
normal,N0049,1,1.6000000000000227,17,378.015,0.07280520272739079,0.11004097882527003,126.70357884600693,False,0.0688302476782223,0.003974955049168491,0.2569411871048267,0.1130048365760478,-0.0029638577507777736,-0.20521319172061178,0.2569411871048267,0.2569411871048267,False
normal,N0051,1,1.6999999999999886,18,390.165,0.04601199298793981,0.04577268508073346,84.75012326952684,False,0.05190142425177375,-0.005889431263833941,-0.3806929742811383,0.05050892447610346,-0.004736239395369997,-0.3279303140718271,0.3806929742811383,0.3806929742811383,False
normal,N0051,2,1.6999999999999886,18,391.865,0.05615576304500426,0.04370699923162574,83.35041789290891,False,0.05133662297749922,0.004819140067505043,0.311509326383,0.04842385513006432,-0.0047168558984385794,-0.32658822898999107,0.32658822898999107,0.32658822898999107,False
normal,N0052,1,1.7000000000000455,18,397.412,0.11537003525058931,0.15625997987986417,126.03733756875228,False,0.068561409729427,0.046808625521162314,3.0257106456257095,0.11201237109904418,0.04424760878082,3.063639954223219,3.063639954223219,3.063639954223219,True
normal,N0053,1,1.6000000000000227,17,403.621,0.07079089813170981,0.16656886746963748,169.42227918460696,False,0.0860678583851924,-0.015276960253482588,-0.9875030671615279,0.17664069456915482,-0.010071827099517344,-0.6973586316710731,0.9875030671615279,0.9875030671615279,False
normal,N0053,2,1.6999999999999886,18,405.221,0.08009945219295268,0.16187032870256915,173.07959510333174,False,0.08754363802126941,-0.007444185828316727,-0.4811923455981604,0.182088810607217,-0.02021848190464784,-1.3998982246396205,1.3998982246396205,1.3998982246396205,False
normal,N0054,1,1.599999999999966,17,410.127,0.04584648945377709,0.04474709273106302,82.19076413132436,False,0.0508686859864713,-0.005022196532694208,-0.32463490102967046,0.04669637836910383,-0.0019492856380408097,-0.13496569707251735,0.32463490102967046,0.32463490102967046,False
normal,N0054,2,1.7000000000000455,18,411.727,0.026056747659888618,0.04601798673163933,83.73901347196451,False,0.05149342688916124,-0.025436679229272622,-1.6442275387595167,0.04900272604349394,-0.0029847393118546117,-0.2066590005808927,1.6442275387595167,1.6442275387595167,False
normal,N0056,1,1.6999999999999886,18,425.625,0.055074518867117166,0.044659097476201746,86.6045177088521,False,0.05264969911006515,0.002424819757052013,0.15674040566131978,0.05327132080999851,-0.008612223333796763,-0.5962977938719786,0.5962977938719786,0.5962977938719786,False
normal,N0056,2,1.6000000000000227,17,427.325,0.05045407109208043,0.0450567649370018,85.01376642215195,False,0.05200780806014077,-0.0015537369680603402,-0.10043359386053788,0.050901660165352566,-0.005844895228350765,-0.4046920284104965,0.4046920284104965,0.4046920284104965,False
normal,N0058,1,1.6999999999999886,18,439.829,0.0757017484305643,0.05147671293841949,85.91977879122784,False,0.05237339709702723,0.023328351333537077,1.5079451743967194,0.05225130034638627,-0.0007745874079667786,-0.053631303396308214,1.5079451743967194,1.5079451743967194,False
normal,N0058,2,1.6999999999999886,18,441.529,0.06743689714301643,0.0528965830029586,86.35427384651084,False,0.052548722108268366,0.014888175034748062,0.9623719815530599,0.05289854535659348,-1.96235363487951e-06,-0.00013587050613279766,0.9623719815530599,0.9623719815530599,False
normal,N0059,1,1.6999999999999886,18,446.452,0.07094554368199128,0.15909539383059182,173.48596801837354,False,0.08770761534398347,-0.016762071661992187,-1.0835007032518285,0.18269416350674045,-0.02359876967614863,-1.633944424171899,1.633944424171899,1.633944424171899,False
normal,N0059,2,1.6000000000000227,17,448.152,0.05830426413978958,0.1668870420485242,169.52863847145179,False,0.08611077588893595,-0.027806511749146376,-1.7974135681269086,0.17679913254644014,-0.009912090497915943,-0.6862987021448923,1.7974135681269086,1.7974135681269086,False
normal,N0060,1,1.7000000000000455,18,453.828,0.09234029584489223,0.1122194000711701,113.21864197554383,False,0.06338888147703489,0.028951414367857337,1.871420100108333,0.09291701740240567,0.019302382668764426,1.3364688484898628,1.871420100108333,1.871420100108333,False
normal,N0060,2,1.599999999999966,17,455.528,0.08492051715124735,0.10765505770938848,107.75646165882767,False,0.06118481306754374,0.02373570408370361,1.5342764656700885,0.08478028739395042,0.022874770315438053,1.5838157634505399,1.5838157634505399,1.5838157634505399,False
normal,N0061,1,1.599999999999966,17,461.141,0.05823585068596188,0.03185342189578049,81.94049914493641,False,0.0507677004608175,0.007468150225144382,0.4827414047681327,0.046323571448289344,-0.014470149552508853,-1.0018920690662894,1.0018920690662894,1.0018920690662894,False
normal,N0062,1,1.7000000000000455,18,467.905,0.06983976573477955,0.2014904846745595,185.9420528880698,False,0.09273382494808963,-0.022894059213310072,-1.4798725216142092,0.20124935459718307,0.0002411300773764169,0.016695495182000954,1.4798725216142092,1.4798725216142092,False
normal,N0063,1,1.6999999999999886,18,474.16,0.07848365699303264,0.12312074244550889,149.97474903101144,False,0.07822049993695716,0.00026315705607547757,0.017010478243568064,0.14767070584380426,-0.024549963398295377,-1.6998036914107257,1.6998036914107257,1.6998036914107257,False
normal,N0064,1,1.599999999999966,17,481.148,0.07678705215763153,0.057358350078309285,82.88612148414822,False,0.051149272691010536,0.02563777946662099,1.6572266627929204,0.04773221657129695,0.009626133507012337,0.6664994567921885,1.6572266627929204,1.6572266627929204,False
normal,N0065,1,1.6000000000000227,17,487.018,0.07078503204067935,0.1608958450439655,144.15173414056525,False,0.07587082958119251,-0.005085797540513165,-0.32874607165875336,0.13899645906843233,0.021899385975533175,1.516281573088788,1.516281573088788,1.516281573088788,False
normal,N0065,2,1.6999999999999886,18,488.618,0.0637168614619047,0.13924042210048854,152.21746482480492,False,0.07912546805334093,-0.015408606591436239,-0.9960126895178587,0.15101156459281873,-0.011771142492330189,-0.8150167532214662,0.9960126895178587,0.9960126895178587,False
normal,N0067,1,1.6999999999999886,18,507.005,0.11910947296313404,0.13710511233944236,131.53453978847583,False,0.07077960998107333,0.04832986298206071,3.1240434705851596,0.12020127144107139,0.016903840898370978,1.1703973114707613,3.1240434705851596,3.1240434705851596,True
normal,N0067,2,1.6999999999999886,18,508.705,0.06608490699765635,0.11471685252079476,130.87441293988715,False,0.07051323929228837,-0.00442833229463202,-0.2862475028278413,0.11921791431500574,-0.004501061794210975,-0.3116469596691488,0.3116469596691488,0.3116469596691488,False
normal,N0068,1,1.6999999999999318,18,514.187,0.08401331807748631,0.15924175072633712,172.82957921098216,False,0.08744275300864687,-0.0034294349311605604,-0.2216787539510637,0.18171637474902208,-0.022474624022684964,-1.5561102172348111,1.5561102172348111,1.5561102172348111,False
normal,N0068,2,1.7000000000000455,18,515.887,0.09092873790349354,0.14413276028717412,172.6335764814535,False,0.08736366308497553,0.003565074818518005,0.23044651943401448,0.1814243995305888,-0.03729163924341469,-2.582018759714922,2.582018759714922,2.582018759714922,False
normal,N0071,1,1.6000000000000227,17,533.961,0.07040199353168414,0.1575675712226345,167.61444637971,False,0.08533837181684881,-0.01493637828516467,-0.9654878407844621,0.17394765871516482,-0.01638008749253031,-1.1341333888655396,1.1341333888655396,1.1341333888655396,False
normal,N0071,2,1.6999999999999318,18,535.561,0.06700529109953432,0.1465911339351357,170.6306637205633,False,0.08655545894536948,-0.01955016784583516,-1.2637233056153216,0.1784407630665969,-0.03184962913146119,-2.2052219096782597,2.2052219096782597,2.2052219096782597,False
normal,N0072,1,1.6999999999999318,18,540.465,0.03674293171860103,0.060230231596027514,83.66594283070147,False,0.05146394183324387,-0.014721010114642837,-0.9515664372178858,0.04889387645504617,0.011336355140981344,0.7849127105876238,0.9515664372178858,0.9515664372178858,False
normal,N0072,2,1.6000000000000227,17,542.165,0.030734546901415256,0.044763745363197396,81.90600537243068,False,0.050753781726924484,-0.020019234825509227,-1.2940438061237092,0.04627218784365196,-0.0015084424804545637,-0.10444235923934198,1.2940438061237092,1.2940438061237092,False
normal,N0073,1,1.6999999999999318,18,547.214,0.07703717264087513,0.0819288135327791,103.69228751630659,False,0.059544860279682116,0.017492312361193016,1.1307034790830073,0.07872609551679173,0.0032027180159873714,0.22175152841575804,1.1307034790830073,1.1307034790830073,False
normal,N0073,2,1.7000000000000455,18,548.914,0.060561582334292874,0.09373008097012754,106.55183475307759,False,0.060698728765262215,-0.00013714643096934126,-0.008865148497170431,0.08298581644559806,0.010744264524529479,0.7439172191008865,0.7439172191008865,0.7439172191008865,False
normal,N0074,1,1.6999999999999318,18,555.017,0.09312855496570319,0.16364738250410377,183.27025094086486,False,0.09165571439025441,0.001472840575448775,0.09520444915499754,0.19726930820180127,-0.03362192569769751,-2.327933141328088,2.327933141328088,2.327933141328088,False
normal,N0075,1,1.6000000000000227,17,560.665,0.09836453179403043,0.10780554877539794,109.87025368423966,False,0.062037758586970644,0.036326773207059786,2.34816346752457,0.08792909501426409,0.019876453761133853,1.3762166943872418,2.34816346752457,2.34816346752457,False
normal,N0075,2,1.7000000000000455,18,562.265,0.10193335645138173,0.09939550625768864,110.19128321169069,False,0.06216729862390485,0.03976605782747688,2.570478905618946,0.08840731624427674,0.010988190013411905,0.7608062645020827,2.570478905618946,2.570478905618946,False
normal,N0076,1,1.7000000000000455,18,568.733,0.09066790960238726,0.16609551707259024,180.76961720115267,False,0.09064667266884874,2.1236933538518188e-05,0.0013727558793379076,0.19354424231047523,-0.027448725237884997,-1.9005097370986432,1.9005097370986432,1.9005097370986432,False
normal,N0076,2,1.7000000000000455,18,570.433,0.06900928743493717,0.16562845035584248,179.96444196644268,False,0.09032177286766535,-0.02131248543272818,-1.3776395555429102,0.19234481403926273,-0.026716363683420258,-1.849802090267166,1.849802090267166,1.849802090267166,False
normal,N0078,1,1.7000000000000455,18,581.972,0.05519094583554645,0.09144099365255536,107.67481626625954,False,0.06115186797600416,-0.005960922140457708,-0.38531414621381666,0.08465866443805346,0.006782329214501892,0.469598591579715,0.469598591579715,0.469598591579715,False
normal,N0078,2,1.6000000000000227,17,583.672,0.042958159980860174,0.09434486234461062,105.70049350841586,False,0.060355200314304025,-0.01739704033344385,-1.1245450929868255,0.08171761703598222,0.012627245308628396,0.8742920647061161,1.1245450929868255,1.1245450929868255,False
normal,N0079,1,1.7000000000000455,18,589.747,0.09969615922335669,0.15915462218965976,175.18155346280352,False,0.08839180848609268,0.011304350737264005,0.7307134953612967,0.18521999022201224,-0.026065368032352487,-1.804728100020233,1.804728100020233,1.804728100020233,False
normal,N0084,1,1.6000000000000227,17,629.937,0.08607464613174941,0.19277827340176254,173.37945022808154,False,0.08766463388181661,-0.0015899877500672038,-0.10277684525510906,0.18253548941499526,0.010242783986767284,0.7091954374253179,0.7091954374253179,0.7091954374253179,False
normal,N0086,1,1.6000000000000227,17,644.232,0.05929979830240472,0.033509861170214636,82.7168122331135,False,0.051080953970279515,0.008218844332125205,0.5312662893553434,0.04748000525938048,-0.013970144089165845,-0.967272419394022,0.967272419394022,0.967272419394022,False
normal,N0089,1,1.7000000000000455,18,670.175,0.07851325911483571,0.18770984530756207,178.05947158362383,False,0.08955308988791497,-0.011039830773079254,-0.7136149187057524,0.1895070773150348,-0.0017972320074727266,-0.12443772526503286,0.7136149187057524,0.7136149187057524,False
normal,N0089,2,1.6000000000000227,17,671.875,0.10128123641768064,0.18580005230924357,173.83859726157687,False,0.08784990632123821,0.013431330096442429,0.8682014907561357,0.18321945721340377,0.0025805950958397994,0.17867664398430147,0.8682014907561357,0.8682014907561357,False
normal,N0091,1,1.6000000000000227,17,684.737,0.04788412881357761,0.04873975098116406,81.87369182052467,False,0.05074074274343715,-0.0028566139298595375,-0.1846515910643666,0.046224052001876695,0.0025156989792873632,0.17418333144104486,0.1846515910643666,0.1846515910643666,False
normal,N0094,1,1.599999999999909,17,711.407,0.08653823378817291,0.14699829092964073,151.03986220777497,False,0.07865028844068944,0.007887945347483466,0.5098769712689877,0.1492573503420187,-0.002259059412377973,-0.15641398180426175,0.5098769712689877,0.5098769712689877,False
normal,N0096,1,1.599999999999909,17,725.224,0.03339768042491433,0.03876915175527483,81.81106784133387,False,0.05071547306609079,-0.017317792641176458,-1.1194225203099943,0.046130764270387634,-0.007361612515112803,-0.5097073231804913,1.1194225203099943,1.1194225203099943,False
normal,N0100,1,1.6999999999999318,18,758.873,0.07094737792938902,0.0650569367255415,94.41507540937799,False,0.055801371608966956,0.01514600632042206,0.9790382018736392,0.06490630822155426,0.0001506285039872407,0.010429298119724206,0.9790382018736392,0.9790382018736392,False
normal,N0100,2,1.6000000000000227,17,760.573,0.07362198985277668,0.05833971143629859,91.97331655918634,False,0.05481608675324136,0.018805903099535323,1.2156140150525105,0.0612689452350262,-0.002929233798727608,-0.2028158797347949,1.2156140150525105,1.2156140150525105,False
normal,N0102,1,1.6999999999999318,18,772.845,0.0812014924989409,0.08825120160214377,106.79407604016549,False,0.06079647661271261,0.02040501588622829,1.3189807028879743,0.08334667087288654,0.004904530729257228,0.339582560795491,1.3189807028879743,1.3189807028879743,False
normal,N0103,1,1.6999999999999318,18,780.47,0.07352062555349878,0.08235025936814043,94.67171780678436,False,0.05590493051179708,0.0176156950417017,1.1386789384293232,0.06528861524463579,0.017061644123504638,1.1813233768276383,1.1813233768276383,1.1813233768276383,False
normal,N0104,1,1.599999999999909,17,788.652,0.03003766427239602,0.048914347805478244,82.17638117890763,False,0.05086288225806638,-0.020825217985670358,-1.3461425763982617,0.046674952822206156,0.0022393949832720875,0.1550524453880371,1.3461425763982617,1.3461425763982617,False
normal,N0107,1,1.6000000000000227,17,814.117,0.0646555275190351,0.07997531840695676,103.5439713284845,False,0.05948501256224328,0.0051705149567918204,0.3342222074232668,0.07850515649496954,0.0014701619119872195,0.1017918684612293,0.3342222074232668,0.3342222074232668,False
normal,N0107,2,1.7000000000000455,18,815.717,0.06443546504018144,0.08855659189059716,108.10621919945073,False,0.06132594527145679,0.0031095197687246515,0.20099943038831858,0.08530130327249287,0.003255288618104285,0.22539144030027916,0.22539144030027916,0.22539144030027916,False
normal,N0108,1,1.599999999999909,17,820.767,0.08866404558284968,0.19721256419004285,178.7679028382667,False,0.08983895210009349,-0.0011749065172438067,-0.07594598468251239,0.19056239103855638,0.0066501731514864715,0.46044829835477613,0.46044829835477613,0.46044829835477613,False
normal,N0108,2,1.7000000000000455,18,822.367,0.11026865751452475,0.19638052287855728,183.822866534575,False,0.09187870273960663,0.018389954774918116,1.1887271056461346,0.1980925113228555,-0.001711988444298207,-0.11853558516802919,1.1887271056461346,1.1887271056461346,False
normal,N0113,1,1.7000000000000455,18,860.591,0.07651967609307353,0.18374905281721107,174.8203487959131,False,0.08824605720189987,-0.011726381108826345,-0.7579935484240876,0.1846819221462867,-0.0009328693290756307,-0.06459051296495014,0.7579935484240876,0.7579935484240876,False
normal,N0113,2,1.599999999999909,17,862.291,0.0754554549273551,0.18941786635140215,171.93363396850205,False,0.08708122620230163,-0.01162577127494653,-0.7514901264151,0.18038173105040406,0.009036135300998088,0.6256488407550844,0.7514901264151,0.7514901264151,False
normal,N0126,1,1.7000000000000455,18,949.707,0.0441083589224688,0.054362270697505724,83.76079520354945,False,0.05150221613149794,-0.007393857209029138,-0.4779391024733595,0.04903517317243271,0.005327097525073016,0.3688404699720542,0.4779391024733595,0.4779391024733595,False
normal,N0126,2,1.599999999999909,17,951.407,0.03620081486245693,0.047322682895327955,82.9906107913648,False,0.051191435631047666,-0.014990620768590736,-0.9689940761784757,0.04788786893579139,-0.0005651860404634335,-0.03913265785073667,0.9689940761784757,0.9689940761784757,False
normal,N0127,1,1.7000000000000455,18,956.266,0.08898057180175158,0.15332484989883408,115.12365731263627,False,0.064157582596482,0.024822989205269583,1.6045586012919788,0.09575482109271048,0.057570028806123594,3.9860649033010485,3.9860649033010485,3.9860649033010485,True
normal,N0127,2,1.6000000000000227,17,957.966,0.07070075395554387,0.09845739379130686,109.29497391211193,False,0.061805624915278114,0.008895129040265758,0.5749813486657185,0.08707213022846162,0.011385263562845235,0.7882990584479668,0.7882990584479668,0.7882990584479668,False
normal,N0131,1,1.6000000000000227,17,989.845,0.02778076203693738,0.03607612517669693,81.52829104449077,False,0.05060136855677029,-0.02282060651983291,-1.475124537794363,0.045709526172200615,-0.009633400995503687,-0.6670026471051254,1.475124537794363,1.475124537794363,False
normal,N0131,2,1.599999999999909,17,991.445,0.04153324617063526,0.034276255964459955,83.6030471460756,False,0.05143856251884208,-0.009905316348206822,-0.6402798798163813,0.048800183977898995,-0.01452392801343904,-1.0056156113349457,1.0056156113349457,1.0056156113349457,False
normal,N0133,1,1.6999999999999318,18,1005.306,0.0955383559452549,0.1755535283782572,187.21964123394793,False,0.0932493502420581,0.002289005703196789,0.147961382051888,0.20315251246265043,-0.027598984084393235,-1.9109134406731894,1.9109134406731894,1.9109134406731894,False
normal,N0136,1,1.7000000000000455,18,1031.221,0.07451364033741295,0.10829175732406106,122.72400317292824,False,0.06722443159094132,0.007289208746471626,0.4711746234124319,0.10707666670202119,0.001215090622039866,0.08413110403599552,0.4711746234124319,0.4711746234124319,False
normal,N0137,1,1.7000000000000455,18,1037.528,0.06170330493894868,0.04317031455114086,83.99559482790232,False,0.051596961160879855,0.010106343778068828,0.6532742975721683,0.049384942136228946,-0.0062146275850880825,-0.4302917580157845,0.6532742975721683,0.6532742975721683,False
normal,N0138,1,1.599999999999909,17,1045.208,0.060673901527660425,0.06206148954061608,88.49692723234921,False,0.053413313602211354,0.0072605879254490704,0.4693245728738758,0.05609034626600591,0.005971143274610166,0.4134332591644262,0.4693245728738758,0.4693245728738758,False
normal,N0138,2,1.7000000000000455,18,1046.808,0.0648858610976913,0.06491174239517669,89.14234917626091,False,0.053673750650218476,0.011212110447472827,0.7247510808774408,0.05705179824939614,0.007859944145780548,0.544211079117434,0.7247510808774408,0.7247510808774408,False
normal,N0139,1,1.599999999999909,17,1052.861,0.06550169809608442,0.0518932014656346,86.8229704827571,False,0.052737847949907775,0.01276385014617664,0.8250555712001802,0.05359673870867597,-0.0017035372430413698,-0.11795043630812399,0.8250555712001802,0.8250555712001802,False
normal,N0145,1,1.599999999999909,17,1094.044,0.0875582709923881,0.15224095939448404,151.98673635102557,False,0.07903236579183726,0.00852590520055084,0.5511147110534016,0.15066786021333128,0.001573099181152754,0.1089190949777244,0.5511147110534016,0.5511147110534016,False
normal,N0145,2,1.7000000000000455,18,1095.644,0.08982422792691662,0.14711959243021758,153.9358835838171,False,0.07981887476666832,0.010005353160248295,0.6467462616803697,0.15357140492631266,-0.006451812496095083,-0.4467140956272784,0.6467462616803697,0.6467462616803697,False
normal,N0146,1,1.699999999999818,18,1101.005,0.05135107556430645,0.05132243687652063,84.26495137920959,False,0.0517056504078842,-0.0003545748435777457,-0.02291972616028343,0.04978618878260725,0.001536248093913381,0.10636757939679549,0.10636757939679549,0.10636757939679549,False
normal,N0152,1,1.7000000000000455,18,1150.509,0.061105870632679624,0.04573678331010562,82.93738405248651,False,0.051169957875481294,0.00993591275719833,0.6422576324073348,0.04780857979146237,-0.002071796481356754,-0.14344816934051033,0.6422576324073348,0.6422576324073348,False
normal,N0152,2,1.7000000000000455,18,1152.209,0.058282223942353696,0.054817725459522265,83.07224433824805,False,0.05122437594268283,0.007057847999670866,0.4562194593421156,0.04800947424577884,0.006808251213743427,0.4713933930335765,0.4713933930335765,0.4713933930335765,False
normal,N0154,1,1.699999999999818,18,1165.852,0.05267955267674757,0.0491004797040382,88.08665427436496,False,0.05324776255601206,-0.0005682098792644877,-0.03672909985068939,0.05547918367244013,-0.0063787039684019345,-0.4416521677037913,0.4416521677037913,0.4416521677037913,False
normal,N0155,1,1.7000000000000455,18,1173.557,0.09920472243715686,0.1990512939445509,183.63514294355005,False,0.09180295356753551,0.00740176886962135,0.4784505123985993,0.1978128691126353,0.0012384248319156077,0.08574673072510465,0.4784505123985993,0.4784505123985993,False
normal,N0158,1,1.599999999999909,17,1198.625,0.08474697269692952,0.11144449697072899,114.95809555270888,False,0.06409077604237412,0.020656196654555398,1.3352170336121092,0.09550819222618788,0.015936304744541108,1.1034065180764405,1.3352170336121092,1.3352170336121092,False
normal,N0158,2,1.7000000000000455,18,1200.225,0.09411213850449308,0.10490461358750837,114.37328335389229,False,0.06385479589925214,0.030257342605240947,1.9558353318371176,0.09463702747301063,0.01026758611449774,0.7109127006076327,1.9558353318371176,1.9558353318371176,False
normal,N0159,1,1.599999999999909,17,1205.817,0.06720798416373565,0.04694714804656277,84.52251850999204,False,0.05180958245394711,0.01539840170978854,0.9953530457300934,0.050169873333594225,-0.003222725287031457,-0.22313680270819325,0.9953530457300934,0.9953530457300934,False
normal,N0159,2,1.7000000000000455,18,1207.417,0.051047923116420715,0.0476665885133392,86.68543341593613,False,0.052682349763004926,-0.001634426646584211,-0.10564937656262587,0.0533918567908359,-0.005725268277496698,-0.3964092326541464,0.3964092326541464,0.3964092326541464,False
normal,N0160,1,1.599999999999909,17,1212.95,0.0861655534551673,0.19358902192425126,172.6346782658899,False,0.08736410767086059,-0.0011985542156932871,-0.07747457246193332,0.18142604080238262,0.012162981121868643,0.8421470889421677,0.8421470889421677,0.8421470889421677,False
normal,N0164,1,1.6000000000001364,17,1247.012,0.06903200552173565,0.07209200418052411,82.19823872739043,False,0.05087170209361308,0.018160303428122568,1.1738824372320318,0.04670751289169103,0.025384491288833078,1.757585186474771,1.757585186474771,1.757585186474771,False
normal,N0166,1,1.7000000000000455,18,1261.397,0.07136476307869156,0.11133120767107486,138.38377586975653,False,0.07354337536422961,-0.002178612285538048,-0.1408255489592036,0.13040422731695062,-0.019073019645875752,-1.3205880870136046,1.3205880870136046,1.3205880870136046,False
normal,N0169,1,1.7000000000000455,18,1287.385,0.06830478438302189,0.04583217767997599,84.29451519031232,False,0.051717579831363006,0.01658720455165888,1.0721972891606333,0.04983022847646863,-0.003998050796492646,-0.2768192111764086,1.0721972891606333,1.0721972891606333,False
normal,N0170,1,1.7000000000000455,18,1295.139,0.10191171251763842,0.1938425025694543,171.52103740617423,False,0.08691473754829138,0.014996974969347043,0.9694048118635907,0.17976710710256327,0.014075395466891016,0.9745598714150558,0.9745598714150558,0.9745598714150558,False
normal,N0175,1,1.7000000000000455,18,1328.059,0.054960908620986654,0.13865928297609378,138.8890084321406,False,0.07374724397815821,-0.018786335357171557,-1.214349155729648,0.13115684636524866,0.007502436610845126,0.5194577783596589,1.214349155729648,1.214349155729648,False
normal,N0175,2,1.599999999999909,17,1329.759,0.07277544736257915,0.14692568029829792,137.69177778062402,False,0.07326414417096097,-0.0004886968083818166,-0.031589373093976116,0.1293733932376716,0.01755228706062631,1.2152947788274444,1.2152947788274444,1.2152947788274444,False
normal,N0176,1,1.699999999999818,18,1335.63,0.08911855565044927,0.13114594322505324,161.1649900767106,False,0.08273592333078697,0.006382632319662296,0.4125735020351299,0.16434023428096284,-0.0331942910559096,-2.298324341881297,2.298324341881297,2.298324341881297,False
normal,N0177,1,1.599999999999909,17,1342.65,0.0642952272535702,0.06832742530983141,83.02578665001707,False,0.05120562959652239,0.013089597657047813,0.8461118979018345,0.04794026860919527,0.020387156700636136,1.41157702172038,1.41157702172038,1.41157702172038,False
normal,N0184,1,1.7000000000000455,18,1397.885,0.04266641936581977,0.0581511500798661,84.9329818878325,False,0.05197521033730031,-0.00930879097148054,-0.6017204655492268,0.050781319585858256,0.007369830494007842,0.5102763240639141,0.6017204655492268,0.6017204655492268,False
normal,N0189,1,1.7000000000000455,18,1438.168,0.09115680966548187,0.14253813151769446,137.60071526780325,False,0.07322739913579929,0.017929410529682582,1.1589575148906697,0.12923774208048688,0.013300389437207571,0.9208995832611045,1.1589575148906697,1.1589575148906697,False
normal,N0193,1,1.6000000000001364,17,1469.877,0.08414043286113296,0.19095057885499803,174.193871186314,False,0.08799326446557348,-0.0038528316044405264,-0.24904712478875313,0.18374869056657295,0.007201888288425079,0.49864825047529676,0.49864825047529676,0.49864825047529676,False
normal,N0193,2,1.699999999999818,18,1471.477,0.07636433498077198,0.19661104252432007,180.04133252475617,False,0.0903527993151168,-0.013988464334344822,-0.9042146608908108,0.19245935396231906,0.004151688562001016,0.28745686617874816,0.9042146608908108,0.9042146608908108,False
normal,N0198,1,1.699999999999818,18,1511.429,0.08067422719665666,0.1985688163458704,168.06490549132815,False,0.08552013855469276,-0.004845911358036095,-0.31323982322744165,0.1746186845617244,0.023950131784145984,1.658272224523615,1.658272224523615,1.658272224523615,False
normal,N0199,1,1.6000000000001364,17,1517.965,0.06896061065053091,0.12501173738352353,126.42288142598854,False,0.06871698222739218,0.00024362842313872812,0.015748146954978403,0.11258669601892084,0.012425041364602693,0.8602917582740274,0.8602917582740274,0.8602917582740274,False
normal,N0199,2,1.7000000000000455,18,1519.565,0.06840109791516508,0.1196069489141645,127.38836566229715,False,0.06910656901906165,-0.0007054711038965711,-0.04560166861289653,0.11402492839184726,0.005582020522317238,0.3864909668266158,0.3864909668266158,0.3864909668266158,False
normal,N0203,1,1.7000000000000455,18,1550.809,0.07381012602805782,0.05433456792053389,95.02654449585071,False,0.056048108190099304,0.01776201783795852,1.1481372473927391,0.06581718237375296,-0.011482614453219069,-0.7950394922374179,1.1481372473927391,1.1481372473927391,False
normal,N0203,2,1.7000000000000455,18,1552.509,0.07136936509650185,0.06597122639749005,97.98785751280369,False,0.057243040633341125,0.014126324463160728,0.9131259428334297,0.07022849856844725,-0.004257272170957199,-0.29476732140609657,0.9131259428334297,0.9131259428334297,False
normal,N0204,1,1.6000000000001364,17,1558.368,0.08811135787873942,0.18410561516742632,174.79937640618738,False,0.08823759454065735,-0.00012623666191793892,-0.008159940771187918,0.18465068065242607,-0.000545065484999746,-0.03773953991017042,0.03773953991017042,0.03773953991017042,False
normal,N0205,1,1.599999999999909,17,1565.941,0.06836711805694141,0.05771907050533645,95.22230793333772,False,0.056127101555986186,0.012240016500955228,0.7911949521532317,0.06610880113109867,-0.008389730625762218,-0.5808927229847711,0.7911949521532317,0.7911949521532317,False
normal,N0210,1,1.599999999999909,17,1599.929,0.05119840079303947,0.05907597575057354,82.85581134722516,False,0.05113704211431664,6.135867872283235e-05,0.0039662264240001854,0.04768706511412013,0.011388910636453406,0.7885515765100689,0.7885515765100689,0.7885515765100689,False
normal,N0212,1,1.7000000000000455,18,1614.415,0.08370276980184109,0.1772286089770623,182.9475876252492,False,0.09152551509627033,-0.007822745294429237,-0.5056624383185964,0.1967886532013131,-0.01956004422425081,-1.3543089591264796,1.3543089591264796,1.3543089591264796,False
normal,N0216,1,1.699999999999818,18,1648.592,0.0969930681827315,0.1854094078797873,183.22130355214568,False,0.09163596341409697,0.0053571047686345324,0.3462833772134917,0.1971963937860307,-0.011786985906243413,-0.816113728113743,0.816113728113743,0.816113728113743,False
normal,N0217,1,1.7000000000000455,18,1654.645,0.0989342947530217,0.08577682013937228,101.36834502480232,False,0.05860711602116263,0.04032717873185908,2.606749773967874,0.07526423752014559,0.01051258261922669,0.7278759015853543,2.606749773967874,2.606749773967874,False
normal,N0221,1,1.6000000000001364,17,1688.994,0.09901267052489084,0.17575168333793462,179.20925732763533,False,0.09001704499175939,0.008995625533131449,0.5814774443089092,0.19121985419608378,-0.015468170858149166,-1.0709936099489021,1.0709936099489021,1.0709936099489021,False
normal,N0222,1,1.7000000000000455,18,1694.989,0.08038210565584025,0.11111998665956643,115.17556126639296,False,0.06417852658920459,0.016203579066635665,1.0473997288596308,0.09583213975185419,0.015287846907712246,1.0585082423892984,1.0585082423892984,1.0585082423892984,False
normal,N0222,2,1.699999999999818,18,1696.689,0.08319096567169351,0.09909098370072716,115.18807673350094,False,0.0641835767603969,0.019007388911296608,1.2286380626249613,0.09585078340162086,0.003240200299106308,0.2243467470796072,1.2286380626249613,1.2286380626249613,False
normal,N0227,1,1.7000000000000455,18,1735.205,0.08576288978631726,0.18235755157580455,176.83632608087947,False,0.08905953306509098,-0.003296643278773728,-0.21309509844305446,0.18768502016206434,-0.005327468586259793,-0.3688661617079189,0.3688661617079189,0.3688661617079189,False
normal,N0228,1,1.7000000000000455,18,1743.205,0.08148192684918266,0.19198291248557628,173.32609396168394,False,0.0876431038600311,-0.006161177010848437,-0.39825862570735976,0.18245600732016076,0.009526905165415517,0.6596290310158898,0.6596290310158898,0.6596290310158898,False
normal,N0228,2,1.7000000000000455,18,1744.905,0.08775906505471545,0.1964077186226538,176.05870096009966,False,0.0887457501315814,-0.0009866850768659452,-0.0637793463857133,0.18652663188326402,0.009881086739389783,0.6841520470833158,0.6841520470833158,0.6841520470833158,False
normal,N0229,1,1.7000000000000455,18,1750.473,0.07519756114100745,0.13389386553494112,139.92173370795277,False,0.07416396349749277,0.0010335976435146832,0.06681177578824858,0.1326952442677264,0.0011986212672147334,0.08299078990710124,0.08299078990710124,0.08299078990710124,False
normal,N0233,1,1.699999999999818,18,1776.726,0.03754315282075044,0.06717255511409072,83.15650476058131,False,0.0512583762363873,-0.013715223415636857,-0.8865523615314446,0.048134992677461866,0.019037562436628852,1.3181330815137071,1.3181330815137071,1.3181330815137071,False
normal,N0233,2,1.6000000000001364,17,1778.426,0.035136408795703976,0.06378027790229608,81.2123533025827,False,0.05047388312862093,-0.015337474332916955,-0.9914146986678198,0.045238889914089586,0.018541387988206495,1.2837786857319782,1.2837786857319782,1.2837786857319782,False
normal,N0235,1,1.7000000000000455,18,1790.289,0.09289959321493287,0.18481528730494973,179.04561452494062,False,0.08995101276452658,0.002948580450406288,0.19059630909787473,0.19097608390177861,-0.006160796596828888,-0.4265645788314107,0.4265645788314107,0.4265645788314107,False
normal,N0235,2,1.599999999999909,17,1791.989,0.09187673953887414,0.1746308743423918,175.18781047198445,False,0.08839433327939386,0.003482406259480278,0.2251028218493481,0.18522931096783413,-0.010598436625442326,-0.7338203078689891,0.7338203078689891,0.7338203078689891,False
normal,N0241,1,1.7000000000000455,18,1830.78,0.06966160101000965,0.19968234424594367,176.3296827720749,False,0.08885509519466792,-0.019193494184658266,-1.2406679118364696,0.1869302995971432,0.012752044648800476,0.8829329891616228,1.2406679118364696,1.2406679118364696,False
normal,N0245,1,1.599999999999909,17,1863.326,0.04322413407291048,0.04369271894586503,82.16475198958369,False,0.05085818971272172,-0.007634055639811239,-0.4934655346423925,0.04665762941502083,-0.0029649104691557987,-0.20528608040708154,0.4934655346423925,0.4934655346423925,False
normal,N0245,2,1.7000000000000455,18,1864.926,0.03907769898761526,0.05694996020338088,83.66916622477675,False,0.05146524251916794,-0.012387543531552678,-0.8007311028525194,0.04889867817995831,0.00805128202342257,0.5574590349471843,0.8007311028525194,0.8007311028525194,False
normal,N0246,1,1.7000000000000455,18,1872.779,0.09194081914501064,0.10761435259217672,113.60722380939082,False,0.06354567984230733,0.028395139302703307,1.8354624669201562,0.09349586784030263,0.014118484751874091,0.9775433107174365,1.8354624669201562,1.8354624669201562,False
normal,N0253,1,1.7000000000000455,18,1927.229,0.06438913015279313,0.1581296364794124,150.23916510178495,False,0.07832719562892657,-0.013938065476133438,-0.9009568775203373,0.14806459290959673,0.010065043569815663,0.6968889499595066,0.9009568775203373,0.9009568775203373,False
normal,N0257,1,1.7000000000000455,18,1959.989,0.05113170590847826,0.04425580205276291,83.62486502249278,False,0.051447366346139056,-0.0003156604376607988,-0.020404298054028228,0.04883268494994146,-0.004576882897178551,-0.3168967023518636,0.3168967023518636,0.3168967023518636,False
normal,N0258,1,1.7000000000000455,18,1966.952,0.049686228704071855,0.12872386323983945,142.49139226204693,False,0.07520085772541213,-0.025514629021340274,-1.6492662151371593,0.13652313288659784,-0.007799269646758394,-0.5400100652202231,1.6492662151371593,1.6492662151371593,False
normal,N0259,1,1.7000000000000455,18,1974.625,0.09862520424820423,0.19618472929670702,182.36612915191287,False,0.09129088822967102,0.00733431601853321,0.4740903585307418,0.1959224843210608,0.0002622449756462253,0.01815745996950342,0.4740903585307418,0.4740903585307418,False
normal,N0264,1,1.7000000000000455,18,2015.921,0.08156029510395635,0.18226734478049914,162.75851813374055,False,0.08337893484752304,-0.0018186397435666912,-0.11755691544884204,0.16671403133802265,0.015553313442476485,1.0768887584176685,1.0768887584176685,1.0768887584176685,False
normal,N0264,2,1.699999999999818,18,2017.621,0.09188676929696317,0.1930919580353994,166.11841433113707,False,0.08473470134340161,0.007152067953561561,0.4623098393595454,0.17171909646393685,0.021372861571462565,1.4798257906040286,1.4798257906040286,1.4798257906040286,False
normal,N0266,1,1.7000000000000455,18,2030.209,0.04482978560684353,0.0739973442605281,82.61751740735276,False,0.05104088707830683,-0.0062111014714633025,-0.4014857440061277,0.047332090847624575,0.02666525341290353,1.8462632896146378,1.8462632896146378,1.8462632896146378,False
normal,N0271,1,1.6000000000003638,17,2062.968,0.08278451131028287,0.17350082511551554,149.35862825869523,False,0.07797188633360586,0.0048126249766770185,0.31108819075989436,0.14675290231366522,0.026747922801850316,1.8519871976392082,1.8519871976392082,1.8519871976392082,False
normal,N0271,2,1.699999999999818,18,2064.568,0.07946180996274597,0.1635721717255108,149.74169998993202,False,0.0781264612931333,0.001335348669612671,0.08631696915438125,0.1473235446341698,0.016248627091341006,1.1250312622517165,1.1250312622517165,1.1250312622517165,False
normal,N0272,1,1.699999999999818,18,2069.925,0.030158170894837476,0.056684803259388274,84.53483058423255,False,0.05181455055318868,-0.021656379658351207,-1.3998688863094455,0.05018821399943284,0.006496589259955436,0.4498143735081181,1.3998688863094455,1.3998688863094455,False
normal,N0274,1,1.699999999999818,18,2086.409,0.0489411637376963,0.06913471688707169,84.74435993431166,False,0.0518990986630263,-0.0029579349253299955,-0.19120098257516324,0.05050033913108097,0.018634377755990722,1.290217161748363,1.290217161748363,1.290217161748363,False
normal,N0274,2,1.7000000000002728,18,2088.109,0.046630799210988824,0.05534050506836942,83.77930157183086,False,0.05150968371757866,-0.004878884506589833,-0.3153712083191431,0.04906274116056411,0.006277763907805309,0.4346632249982647,0.4346632249982647,0.4346632249982647,False
normal,N0275,1,1.699999999999818,18,2093.637,0.040703973124390586,0.08002154626932258,117.84381135286895,False,0.06525520392009129,-0.024551230795700707,-1.5869921313579487,0.09980689512238815,-0.01978534885306557,-1.3699087233109688,1.5869921313579487,1.5869921313579487,False
normal,N0275,2,1.699999999999818,18,2095.337,0.0688865753370471,0.09060683708780236,117.33801714264236,False,0.06505110867317088,0.0038354666638762275,0.24792465462559102,0.09905343941609103,-0.008446602328288672,-0.5848304367940712,0.5848304367940712,0.5848304367940712,False
normal,N0276,1,1.699999999999818,18,2102.152,0.0870283650640538,0.1995164030896541,181.77100623374233,False,0.09105074756282233,-0.004022382498768531,-0.2600068985533485,0.19503596021782343,0.004480442871830664,0.3102193355294936,0.3102193355294936,0.3102193355294936,False
normal,N0280,1,1.6000000000003638,17,2134.595,0.10314790593466201,0.19022258505730164,185.68133678177634,False,0.0926286222450649,0.010519283689597106,0.6799667430862963,0.2008609791788042,-0.010638394121502553,-0.7365869066700048,0.7365869066700048,0.7365869066700048,False
normal,N0280,2,1.699999999999818,18,2136.195,0.07610896194747517,0.1897968775044638,193.62558393439727,False,0.0958342403629246,-0.019725278415449424,-1.2750424569201153,0.21269511691378418,-0.02289823940932037,-1.5854407293117148,1.5854407293117148,1.5854407293117148,False
normal,N0281,1,1.599999999999909,17,2142.516,0.03224099701147776,0.0548724687386178,82.7197010997651,False,0.05108211966957116,-0.0188411226580934,-1.217890608139298,0.047484308655938556,0.007388160082679243,0.5115454380735851,1.217890608139298,1.217890608139298,False
normal,N0285,1,1.7000000000002728,18,2168.479,0.08390056863136666,0.06505135335256293,91.06660188786609,False,0.054450214327286625,0.029450354304080037,1.9036715892248917,0.0599182588703414,0.005133094482221531,0.3554079819868883,1.9036715892248917,1.9036715892248917,False
normal,N0285,2,1.599999999999909,17,2170.179,0.09874969581963576,0.06329998114115508,90.44263676849772,False,0.054198435416946474,0.04455126040268929,2.879794511708467,0.05898877001852586,0.004311211122629222,0.2985019758198461,2.879794511708467,2.879794511708467,False
normal,N0287,1,1.599999999999909,17,2182.241,0.06199346116847372,0.056975311785534125,93.17648070924567,False,0.05530158081253897,0.006691880355934751,0.43256330231382817,0.06306123719121172,-0.006085925405677595,-0.42138060665864063,0.43256330231382817,0.43256330231382817,False
normal,N0287,2,1.7000000000002728,18,2183.841,0.056592731765856844,0.05689674676064041,93.22652732673535,False,0.05532177534333344,0.0012709564225234019,0.08215465280040758,0.0631357890717316,-0.006239042311091195,-0.43198219806702115,0.43198219806702115,0.43198219806702115,False
normal,N0293,1,1.699999999999818,18,2222.713,0.0778369251323275,0.09937004724764902,109.23114823608702,False,0.06177987033595557,0.016057054796371928,1.037928396611708,0.08697705239080174,0.012392994856847278,0.8580729047753187,1.037928396611708,1.037928396611708,False
normal,N0293,2,1.599999999999909,17,2224.413,0.0885539689019872,0.0970706012864742,105.10891562998899,False,0.060116490122038096,0.028437478779949107,1.8381992917170076,0.08083637379672055,0.016234227489753644,1.1240342548209543,1.8381992917170076,1.8381992917170076,False
normal,N0294,1,1.699999999999818,18,2230.241,0.047915069122934126,0.055201312573464535,83.41221306538552,False,0.05136155821940215,-0.003446489096468025,-0.22278113559437274,0.04851590823067861,0.006685404342785924,0.4628876547013426,0.4628876547013426,0.4628876547013426,False
normal,N0298,1,1.699999999999818,18,2263.699,0.09706687126724087,0.14234347577114698,150.5102199477658,False,0.07843657016228599,0.01863030110495488,1.2042630980264393,0.14846836941849006,-0.006124893647343088,-0.42407871092690974,1.2042630980264393,1.2042630980264393,False
normal,N0300,1,1.699999999999818,18,2277.617,0.08476312430368657,0.17701314886831931,149.41625640126568,False,0.07799514011893924,0.006767984184747333,0.43748265558360105,0.14683874800344404,0.030174400864875273,2.0892315456479755,2.0892315456479755,2.0892315456479755,False
normal,N0303,1,1.599999999999909,17,2303.377,0.08755227926485175,0.19146302164432813,179.39030553036199,False,0.09009010054853106,-0.002537821283679312,-0.1640448269785762,0.19148955242255838,-2.6530778230254848e-05,-0.001836952423927621,0.1640448269785762,0.1640448269785762,False
normal,N0303,2,1.7000000000002728,18,2304.977,0.12269557391704614,0.2020332222362616,190.88059320339383,False,0.09472659707695777,0.027968976840088366,1.8079153153953347,0.20860604493907592,-0.006572822702814313,-0.4550926660040474,1.8079153153953347,1.8079153153953347,False
normal,N0306,1,1.599999999999909,17,2326.399,0.039111795100710986,0.06305073507804929,80.22073945096838,False,0.05007375266092686,-0.010961957560215875,-0.7085811924096603,0.0437617335927324,0.019289001485316884,1.3355423548470595,1.3355423548470595,1.3355423548470595,False
normal,N0309,1,1.7000000000002728,18,2352.589,0.07804948389963895,0.08612330035897499,97.55659814785712,False,0.05706902126974248,0.020980462629896467,1.3561775938225367,0.06958607360026207,0.016537226758712914,1.1450134826721647,1.3561775938225367,1.3561775938225367,False
normal,N0310,1,1.7000000000002728,18,2358.968,0.08221072287420905,0.198668166693582,189.32900116973644,False,0.09410050734950287,-0.011889784475293819,-0.7685559458443706,0.20629471782625547,-0.007626551132673465,-0.5280512869909683,0.7685559458443706,0.7685559458443706,False
normal,N0322,1,1.7000000000002728,18,2441.017,0.08006108689099009,0.19723779312193473,181.1975671583891,False,0.0908193566387831,-0.010758269747793009,-0.6954148074630772,0.19418173742364575,0.003056055698288984,0.21159684325513245,0.6954148074630772,0.6954148074630772,False
normal,N0324,1,1.699999999999818,18,2453.657,0.07582534202179522,0.07548994706949763,98.09517052144109,False,0.05728634297756094,0.018538999044234283,1.1983613306915923,0.07038835725619606,0.005101589813301569,0.35322664461957703,1.1983613306915923,1.1983613306915923,False
normal,N0324,2,1.699999999999818,18,2455.357,0.07830045032224697,0.08581768566074634,99.39238605784935,False,0.0578097881255266,0.020490662196720376,1.3245168823961144,0.07232075274124168,0.013496932919504656,0.9345079675715471,1.3245168823961144,1.3245168823961144,False
normal,N0328,1,1.6000000000003638,17,2480.18,0.07277791060116104,0.1707562162651084,153.17240605606887,False,0.07951080059066273,-0.006732889989501695,-0.43521416598425766,0.15243409159159932,0.018322124673509077,1.2685972133335508,1.2685972133335508,1.2685972133335508,False
normal,N0328,2,1.699999999999818,18,2481.78,0.08342930676460295,0.16725240205499792,159.33692186385028,False,0.081998271483954,0.0014310352806489457,0.09250215392391502,0.1616170547770635,0.0056353472779344105,0.3901832336776255,0.3901832336776255,0.3901832336776255,False
normal,N0329,1,1.699999999999818,18,2487.246,0.06595736379872817,0.14180980972806892,149.95052038391873,False,0.07821072332897916,-0.012253359530250987,-0.7920574458781734,0.14763461367027053,-0.005824803942201612,-0.4033009370346173,0.7920574458781734,0.7920574458781734,False
normal,N0330,1,1.699999999999818,18,2493.621,0.048542275463993464,0.0740448786570235,83.76954723907507,False,0.05150574770385591,-0.002963472239862444,-0.19155891471571354,0.049048210631097044,0.024996668025926455,1.730732868888448,1.730732868888448,1.730732868888448,False
normal,N0334,1,1.7000000000002728,18,2527.515,0.07833600288358973,0.18591656282770144,190.96747013932253,False,0.09476165317157403,-0.016425650287984303,-1.0617544177880205,0.20873546105693097,-0.02281889822922953,-1.579947261618453,1.579947261618453,1.579947261618453,False
normal,N0335,1,1.699999999999818,18,2534.895,0.057662884944399986,0.05849652781718473,90.92654046812552,False,0.05439369752763175,0.0032691874167682378,0.2113203508825357,0.05970961655336367,-0.0012130887361789383,-0.08399249637614331,0.2113203508825357,0.2113203508825357,False
normal,N0336,1,1.699999999999818,18,2541.797,0.061878456737561115,0.09551275873963413,110.36868780275667,False,0.0622388839309059,-0.00036042719334478807,-0.023298022185746933,0.08867158676924398,0.00684117197039015,0.473672778251561,0.473672778251561,0.473672778251561,False
normal,N0341,1,1.7000000000002728,18,2576.156,0.07464368238839775,0.04452943800017143,88.0937715345568,False,0.053250634472983185,0.021393047915414562,1.382847116303094,0.05548978589009372,-0.01096034788992229,-0.7588785164432993,1.382847116303094,1.382847116303094,False
normal,N0347,1,1.699999999999818,18,2616.545,0.05903231646451515,0.0787711695228654,108.9136267119356,False,0.06165174582886563,-0.00261942936435048,-0.16931997521688968,0.08650405685347269,-0.007732887330607285,-0.5354138503824494,0.5354138503824494,0.5354138503824494,False
normal,N0348,1,1.599999999999909,17,2622.582,0.10500541931701038,0.20940460124699212,181.45560088229766,False,0.09092347696189104,0.014081942355119337,0.9102570823343015,0.1945661170344936,0.014838484212498504,1.0273950241854934,1.0273950241854934,1.0273950241854934,False
normal,N0348,2,1.7000000000002728,18,2624.182,0.09195151529716324,0.2061223620763755,186.92242429885613,False,0.09312941892902607,-0.0011779036318628339,-0.0761397182414021,0.20270976363076337,0.0034125984456121194,0.23628334352452462,0.23628334352452462,0.23628334352452462,False
normal,N0353,1,1.599999999999909,17,2656.465,0.08056489527667231,0.051533882329407095,85.09501987683558,False,0.05204059499910032,0.02852430027757199,1.843811435348697,0.05102269927147503,0.0005111830579320673,0.03539357003358448,1.843811435348697,1.843811435348697,False
normal,N0353,2,1.699999999999818,18,2658.065,0.09081892769406606,0.05532492600888761,88.10187052149695,False,0.053253902530833466,0.037565025163232596,2.428204102857156,0.055501850535757694,-0.0001769245268700842,-0.012249996425485228,2.428204102857156,2.428204102857156,False
normal,N0354,1,1.7000000000002728,18,2662.939,0.08224294542053102,0.1995155579951376,184.44056687875587,False,0.0921279537229501,-0.009885008302419077,-0.6389671672629214,0.1990126678602272,0.0005028901349103942,0.034819380128038493,0.6389671672629214,0.6389671672629214,False
normal,N0354,2,1.599999999999909,17,2664.639,0.07624294969256849,0.2236672589119303,179.45955878207494,False,0.09011804523279715,-0.013875095540228657,-0.8968864993945082,0.19159271544148537,0.032074543470444916,2.2207946507635756,2.2207946507635756,2.2207946507635756,False
normal,N0359,1,1.7000000000002728,18,2703.937,0.08231407710275186,0.19001015076115743,148.80800484458547,False,0.07774970185740841,0.004564375245343449,0.29504132233539615,0.14593266684043604,0.04407748392072139,3.0518607568164953,3.0518607568164953,3.0518607568164953,True
normal,N0360,1,1.699999999999818,18,2712.021,0.06409614578549598,0.03846158668362789,84.35399716568361,False,0.051741581664925464,0.012354564120570517,0.798599312957297,0.049918835725937236,-0.011457249042309346,-0.7932832281485888,0.798599312957297,0.798599312957297,False
normal,N0361,1,1.699999999999818,18,2719.025,0.1063242481873778,0.19324611356434113,183.69865031396344,False,0.09182857970596042,0.014495668481417381,0.9370003487894879,0.1979074727867431,-0.004661359222401962,-0.32274572001115415,0.9370003487894879,0.9370003487894879,False
normal,N0362,1,1.599999999999909,17,2725.717,0.08835309802484707,0.15534885276862978,146.76617283154792,False,0.07692579323915003,0.011427304785697048,0.7386612479202443,0.14289105436164928,0.012457798406980497,0.8625598081545969,0.8625598081545969,0.8625598081545969,False
normal,N0365,1,1.7000000000002728,18,2751.173,0.04294931626670881,0.055697055789930824,83.52288543311629,False,0.05140621611338864,-0.008456899846679834,-0.5466542033694448,0.04868077118345698,0.007016284606473841,0.48579732199928766,0.5466542033694448,0.5466542033694448,False
normal,N0365,2,1.599999999999909,17,2752.873,0.058803363393701936,0.0717149030512282,81.44562710514276,False,0.05056801246693864,0.008235350926763293,0.5323332760178103,0.045586385939379734,0.026128517111848465,1.8091004502634846,1.8091004502634846,1.8091004502634846,False
normal,N0367,1,1.699999999999818,18,2766.429,0.07959154708328713,0.16480572121693268,164.83812004917414,False,0.08421808416525925,-0.0046265370819721235,-0.29905946490516827,0.16981190770419918,-0.005006186487266501,-0.3466210573469526,0.3466210573469526,0.3466210573469526,False
normal,N0372,1,1.599999999999909,17,2799.337,0.07395725673896336,0.16775691423569508,157.88530145202063,False,0.0814125217454302,-0.0074552650064668435,-0.4819085039322357,0.1594546502644052,0.008302263971289886,0.574836659285799,0.574836659285799,0.574836659285799,False
normal,N0372,2,1.7000000000002728,18,2800.937,0.0876268381858232,0.17901731206863147,165.73345550078537,False,0.08457936491220833,0.0030474732736148757,0.1969887434970204,0.17114564302861968,0.007871669040011797,0.5450228937084515,0.5450228937084515,0.5450228937084515,False
normal,N0373,1,1.699999999999818,18,2807.239,0.09842297415999986,0.16012780571537918,147.6148695288132,False,0.07726825457715404,0.021154719582845816,1.3674415673261973,0.14415531432457684,0.01597249139080234,1.1059120287322686,1.3674415673261973,1.3674415673261973,False
normal,N0377,1,1.7000000000002728,18,2832.477,0.050202880867978535,0.06212157219919664,83.23428270766945,False,0.05128976075798711,-0.0010868798900085727,-0.07025594144456772,0.04825085449808528,0.013870717701111361,0.9603882811695846,0.9603882811695846,0.9603882811695846,False
normal,N0377,2,1.699999999999818,18,2834.177,0.042346582495587,0.04968893954280861,83.6411833803944,False,0.05145395103852566,-0.009107368542938657,-0.5887005150695566,0.048856993571174706,0.0008319459716339059,0.057602726761529055,0.5887005150695566,0.5887005150695566,False
normal,N0378,1,1.699999999999818,18,2839.572,0.06381366534946362,0.08495958496707584,109.80782952745139,False,0.062012569540841014,0.001801095808622602,0.11642287508479476,0.08783610494796452,-0.0028765199808886838,-0.19916605180237615,0.19916605180237615,0.19916605180237615,False
normal,N0378,2,1.599999999999909,17,2841.272,0.06433950770944799,0.09749887686230936,108.92387452565833,False,0.061655880969264325,0.002683626740183666,0.1734696950883226,0.08651932249623877,0.010979554366070593,0.7602083448640639,0.7602083448640639,0.7602083448640639,False
normal,N0379,1,1.599999999999909,17,2846.469,0.07833232011793614,0.19742353515683872,183.41805592321538,False,0.09171535582892446,-0.013383035710988311,-0.865079740553786,0.19748948570703856,-6.59505501998392e-05,-0.004566319992480534,0.865079740553786,0.865079740553786,False
normal,N0383,1,1.699999999999818,18,2880.112,0.07534200306859971,0.18918179069834742,183.07682992322313,False,0.09157766622450433,-0.01623566315590462,-1.0494736451384261,0.19698117882721894,-0.007799388128871515,-0.5400182687490831,1.0494736451384261,1.0494736451384261,False
normal,N0383,2,1.599999999999909,17,2881.812,0.08609331218372718,0.19370619170780567,178.67659602319438,False,0.08980210848545553,-0.003708796301728351,-0.23973667946142516,0.19042637595683126,0.003279815750974413,0.2270896632391883,0.23973667946142516,0.23973667946142516,False
normal,N0384,1,1.599999999999909,17,2887.04,0.07187518602983599,0.07570102415190338,99.54669542072946,False,0.05787205417539901,0.014003131854436981,0.9051627697317259,0.07255061948871792,0.0031504046631854604,0.21812942809894315,0.9051627697317259,0.9051627697317259,False
normal,N0384,2,1.7000000000002728,18,2888.64,0.06824431235967174,0.08030735214370684,99.85063383983483,False,0.05799469770401536,0.01024961465565638,0.6625353304416083,0.07300338097077456,0.007303971172932272,0.5057163206430605,0.6625353304416083,0.6625353304416083,False
normal,N0385,1,1.599999999999909,17,2895.157,0.054254884458885905,0.045532923902574574,83.27206397267042,False,0.05130500604243962,0.0029498784164462832,0.19068020965297858,0.048307135311765115,-0.002774211409190541,-0.19208235538238327,0.19208235538238327,0.19208235538238327,False
normal,N0390,1,1.6000000000003638,17,2927.977,0.054451359820431644,0.14058852619090012,142.46665660068044,False,0.07519087652987398,-0.020739516709442338,-1.3406028439036684,0.13648628543989166,0.004102240751008457,0.28403317180113585,1.3406028439036684,1.3406028439036684,False
normal,N0390,2,1.699999999999818,18,2929.577,0.0741208577002602,0.1476931146661136,143.81495790373108,False,0.07573493552028027,-0.0016140778200200712,-0.10433402793882844,0.1384947807726798,0.009198333893433802,0.6368792349390119,0.6368792349390119,0.6368792349390119,False
normal,N0395,1,1.7000000000002728,18,2968.448,0.08115336974793126,0.13991428900699646,143.24857175717347,False,0.07550639055456745,0.0056469791933638075,0.36502086679009693,0.1376510643649726,0.002263224642023859,0.1567023762353528,0.36502086679009693,0.36502086679009693,False
normal,N0395,2,1.599999999999909,17,2970.148,0.07393710228136281,0.13084989896397456,135.54342947200965,False,0.07239725469367483,0.0015398475876879786,0.09953578398925944,0.12617310889374028,0.004676790070234277,0.3238141294291777,0.3238141294291777,0.3238141294291777,False
normal,N0396,1,1.6000000000003638,17,2975.689,0.05911552560776528,0.07103983508608971,82.8090663859077,False,0.05111817984932927,0.007997345758436004,0.5169486163850202,0.04761743154154621,0.023422403544543502,1.621733090220862,1.621733090220862,1.621733090220862,False
normal,N0400,1,1.699999999999818,18,3017.208,0.0890739338018954,0.19708813757907626,180.70243780942528,False,0.090619564816949,-0.001545631015053589,-0.0999096248690882,0.19344416861445585,0.0036439689646204088,0.2523031011067788,0.2523031011067788,0.2523031011067788,False
normal,N0401,1,1.599999999999909,17,3023.917,0.07770687020955551,0.13444887851674986,135.05162442968194,False,0.07219880427743616,0.0055080659321193465,0.35604151034272746,0.12544049213373126,0.009008386383018596,0.6237275461099987,0.6237275461099987,0.6237275461099987,False
normal,N0402,1,1.7000000000002728,18,3031.633,0.0501875736208122,0.05135283172761211,86.27849851469634,False,0.05251814567076777,-0.0023305720499555704,-0.1506482316760247,0.052785666729282546,-0.001432835001670435,-0.09920740758379516,0.1506482316760247,0.1506482316760247,False
normal,N0405,1,1.7000000000002728,18,3057.305,0.09843669935208786,0.2067992421253306,179.35700442447717,False,0.09007666307279316,0.0083600362792947,0.5403929401140636,0.1914399454722462,0.015359296653084414,1.0634553186420639,1.0634553186420639,1.0634553186420639,False
normal,N0405,2,1.699999999999818,18,3059.005,0.0754426022203488,0.20977639540909587,180.90704001407929,False,0.09070212475266004,-0.015259522532311234,-0.9863758924582295,0.19374895403014591,0.016027441378949958,1.1097166858383065,1.1097166858383065,1.1097166858383065,False
normal,N0406,1,1.599999999999909,17,3064.829,0.07668691519303361,0.12677673354226737,131.6940089298036,False,0.07084395807584667,0.0058429571171869366,0.37768888435773906,0.12043882444599387,0.006337909096273506,0.4388275902040366,0.4388275902040366,0.4388275902040366,False
normal,N0407,1,1.7000000000002728,18,3071.544,0.045814039359009684,0.06817489650197905,83.61628760091075,False,0.05144390523302165,-0.005629865874011965,-0.36391466142798107,0.04881990760471759,0.019354988897261463,1.3401112270930289,1.3401112270930289,1.3401112270930289,False
normal,N0410,1,1.699999999999818,18,3097.337,0.08763080037704907,0.19739197126726757,160.9200880163688,False,0.08263710182301529,0.004993698554033782,0.32279279102426645,0.16397541623615802,0.033416555031109546,2.3137135756403433,2.3137135756403433,2.3137135756403433,False
normal,N0410,2,1.6000000000003638,17,3099.037,0.07326490019623794,0.1874776615752018,158.9631998534477,False,0.08184746927141279,-0.00858256907517485,-0.5547774652309373,0.16106034025638816,0.026417321318813636,1.8290968327073147,1.8290968327073147,1.8290968327073147,False
normal,N0411,1,1.6000000000003638,17,3104.729,0.09710090880534296,0.16502794427807388,159.7253235598656,False,0.08215499716101748,0.014945911644325474,0.9661040773430064,0.1621956368728671,0.002832307405206791,0.19610483748886853,0.9661040773430064,0.9661040773430064,False
normal,N0412,1,1.599999999999909,17,3112.717,0.03492220518102891,0.05764797635191186,82.26862601405416,False,0.05090010437731114,-0.01597789919628223,-1.0328117767753933,0.04681236522434981,0.010835611127562046,0.7502419247842916,1.0328117767753933,1.0328117767753933,False
normal,N0417,1,1.6000000000003638,17,3154.653,0.06789775972653556,0.1263182263135451,135.96013256662036,False,0.07256540039259252,-0.00466764066605696,-0.3017164015392644,0.1267938501322085,-0.0004756238186633954,-0.03293150012366563,0.3017164015392644,0.3017164015392644,False
normal,N0418,1,1.599999999999909,17,3161.29,0.04403575620146989,0.0663708910592588,82.0258668143387,False,0.05080214754465793,-0.006766391343188037,-0.4373796942680525,0.04645073928916997,0.019920151770088823,1.379242280850402,1.379242280850402,1.379242280850402,False
normal,N0422,1,1.7000000000002728,18,3193.937,0.11689815318448982,0.1868900884346495,186.43565407388124,False,0.0929330001340872,0.023965153050402616,1.54910805223003,0.20198464698006352,-0.015094558545414027,-1.0451252378442095,1.54910805223003,1.54910805223003,False
normal,N0422,2,1.699999999999818,18,3195.637,0.1299907156148298,0.20067991782853278,181.39480432379492,False,0.09089894467510592,0.03909177093972388,2.526892985465027,0.19447555151792395,0.006204366310608833,0.4295812823236003,2.526892985465027,2.526892985465027,False
normal,N0423,1,1.7000000000002728,18,3200.24,0.0636581593378082,0.09034877821070225,106.15910634858265,False,0.06054025719902554,0.0031179021387826647,0.20154126698441002,0.0824007890739737,0.007947989136728548,0.5503071859912237,0.5503071859912237,0.5503071859912237,False
normal,N0423,2,1.599999999999909,17,3201.94,0.06937659267149031,0.09662566211598729,101.38830610542371,False,0.05861517060461939,0.010761422066870918,0.695618573441808,0.07529397251867652,0.02133168959731077,1.4769751031096945,1.4769751031096945,1.4769751031096945,False
normal,N0424,1,1.7000000000002728,18,3208.457,0.06177520880714745,0.06708579156117105,96.69613865120873,False,0.05672181347281103,0.005053395334336422,0.3266515922956179,0.06830429119809335,-0.0012184996369223045,-0.08436713925883166,0.3266515922956179,0.3266515922956179,False
normal,N0427,1,1.7000000000002728,18,3235.035,0.08585119988192749,0.1806322022870107,179.2591400208635,False,0.09003717337675393,-0.004185973494826439,-0.2705814243547341,0.19129416188703463,-0.010661959600023918,-0.7382185460631314,0.7382185460631314,0.7382185460631314,False
normal,N0428,1,1.699999999999818,18,3240.184,0.07748372048121535,0.11888240553028301,129.56370213430043,False,0.06998434860888647,0.0074993718723288805,0.48475957277046805,0.1172654156192769,0.0016169899110061031,0.11195802515505468,0.48475957277046805,0.48475957277046805,False
normal,N0428,2,1.599999999999909,17,3241.884,0.07168087697484142,0.12288511731742639,122.83593482811538,False,0.06726959762554935,0.0044112793492920715,0.2851452000432593,0.1072434055507681,0.015641711766658295,1.0830093295696888,1.0830093295696888,1.0830093295696888,False
normal,N0429,1,1.7000000000002728,18,3249.156,0.059844380795805154,0.06073534885788415,84.47359248760739,False,0.05178984009941333,0.008054540696391825,0.520645698508711,0.05009699074615691,0.010638358111727239,0.7365844134056317,0.7365844134056317,0.7365844134056317,False
normal,N0438,1,1.599999999999909,17,3321.549,0.07526866819873834,0.11812812770537114,133.19239017161036,False,0.07144857648259051,0.003820091716147833,0.24693081764576538,0.1226708861699549,-0.004542758464583768,-0.31453397636523606,0.31453397636523606,0.31453397636523606,False
normal,N0438,2,1.7000000000002728,18,3323.149,0.07292609325619405,0.12043302387818902,133.2981090358603,False,0.07149123556659538,0.0014348576895986676,0.09274923452759307,0.1228283701425308,-0.0023953462643417772,-0.16585028483658754,0.16585028483658754,0.16585028483658754,False
normal,N0440,1,1.6000000000003638,17,3336.749,0.07392347140833433,0.21904339476889584,177.8814011246419,False,0.08948123589362178,-0.01555776448528745,-1.0056542592559123,0.18924181488076774,0.029801579888128094,2.063417964493952,2.063417964493952,2.063417964493952,False
normal,N0444,1,1.599999999999909,17,3371.445,0.09482585274906963,0.2109937118966847,174.82099535077094,False,0.08824631809609498,0.006579534652974645,0.42530127345371954,0.18468288528591387,0.026310826610770832,1.8217232943068693,1.8217232943068693,1.8217232943068693,False
normal,N0445,1,1.7000000000002728,18,3378.408,0.08099333715394948,0.14982972907418754,144.0223972543708,False,0.07581864028524951,0.005174696868699966,0.33449252630656373,0.1388037925393033,0.011025936534884234,0.7634197786444716,0.7634197786444716,0.7634197786444716,False
normal,N0446,1,1.699999999999818,18,3385.213,0.03992527578280873,0.04841529263569518,84.75476053548948,False,0.05190329545536316,-0.011978019672554428,-0.774259471053621,0.05051583237348649,-0.0021005397377913057,-0.14543831053127107,0.774259471053621,0.774259471053621,False
normal,N0449,1,1.599999999999909,17,3410.665,0.08546664643452852,0.14560614116694878,134.28609190730313,False,0.0718899008815066,0.013576745553021921,0.8776011492616429,0.12430011757886252,0.021306023588086268,1.4751980260315827,1.4751980260315827,1.4751980260315827,False
normal,N0449,2,1.7000000000002728,18,3412.265,0.07593696729744567,0.14259703815939984,140.43769398437823,False,0.0743721608985089,0.0015648063989367744,0.10114912213061338,0.1334638438416939,0.009133194317705928,0.6323690656372175,0.6323690656372175,0.6323690656372175,False
normal,N0450,1,1.7000000000002728,18,3417.874,0.08505094581843939,0.19545270781004231,172.4692303096872,False,0.0872973470381943,-0.0022464012197549177,-0.14520742724834226,0.1811795814634347,0.0142731263466076,0.9882504693925452,0.9882504693925452,0.9882504693925452,False
normal,N0451,1,1.7000000000002728,18,3425.428,0.040830785470851116,0.055102362295095846,83.83420146623999,False,0.05153183661549403,-0.010701051144642912,-0.6917161956206762,0.049144522718915964,0.005957839576179881,0.4125121304713063,0.6917161956206762,0.6917161956206762,False
normal,N0454,1,1.699999999999818,18,3451.261,0.08205674884730012,0.06633246004240893,97.38537056316572,False,0.05699992847375829,0.02505682037354183,1.6196734534638413,0.06933100464503737,-0.002998544602628439,-0.20761485879695749,1.6196734534638413,1.6196734534638413,False
normal,N0454,2,1.6000000000003638,17,3452.961,0.08116624478845146,0.07776240116685759,96.96272792186271,False,0.056829386082224806,0.02433685870622665,1.573135114493535,0.06870141556834235,0.009060985598515245,0.6273694391432372,1.573135114493535,1.573135114493535,False
normal,N0456,1,1.699999999999818,18,3465.373,0.06278970769516645,0.05254863680809321,93.6482166017323,False,0.0554919330378346,0.0072977746573318555,0.4717283240902601,0.06376395796751318,-0.011215321159419964,-0.7765324940754329,0.7765324940754329,0.7765324940754329,False
normal,N0461,1,1.699999999999818,18,3505.074,0.052084245550411454,0.0676280918438813,91.84646067597399,False,0.054764898577726394,-0.00268065302731494,-0.1732774742191199,0.061079974528855205,0.006548117315026095,0.45338210095435955,0.45338210095435955,0.45338210095435955,False
normal,N0461,2,1.7000000000002728,18,3506.774,0.04456282493788342,0.05294514872173528,90.33521547279376,False,0.05415508937733604,-0.009592264439452623,-0.6200441971317275,0.05882875002108516,-0.00588360129934988,-0.4073719803638616,0.6200441971317275,0.6200441971317275,False
normal,N0467,1,1.699999999999818,18,3553.266,0.08934548510137487,0.20005732604611665,170.6079056991184,False,0.08654627575601637,0.0027992093453585026,0.1809409573831009,0.17840686160870162,0.02165046443741503,1.49904660851877,1.49904660851877,1.49904660851877,False
normal,N0467,2,1.7000000000002728,18,3554.966,0.10344837539350513,0.2003145231705768,172.8785635443642,False,0.08746251889250775,0.015985856500997375,1.0333261371378042,0.181789344199363,0.018525178971213807,1.2826563970152371,1.2826563970152371,1.2826563970152371,False
normal,N0468,1,1.699999999999818,18,3561.3,0.0657450538401517,0.11110537577728231,133.15130993486557,False,0.0714320000155364,-0.005686946175384705,-0.3676043334402674,0.12260969104718446,-0.011504315269902143,-0.7965420251620526,0.7965420251620526,0.7965420251620526,False
normal,N0469,1,1.699999999999818,18,3569.628,0.0957480209250069,0.20414420235991682,184.2391906440776,False,0.09204669551257605,0.003701325412430845,0.23925376100295404,0.19871268800663616,0.005431514353280653,0.3760701390006062,0.3760701390006062,0.3760701390006062,False
normal,N0472,1,1.7000000000002728,18,3594.573,0.034735374016347596,0.026244213504017306,88.05061426986967,False,0.053233219895246556,-0.01849784587889896,-1.19570118912431,0.055425496725272846,-0.02918128322125554,-2.0204695271780393,2.0204695271780393,2.0204695271780393,False
normal,N0472,2,1.699999999999818,18,3596.273,0.021789400696720005,0.05181780946257763,88.02772944878734,False,0.053223985540413916,-0.03143458484369391,-2.0319322975930776,0.05539140638045782,-0.003573596917880194,-0.2474306431368676,2.0319322975930776,2.0319322975930776,False
normal,N0473,1,1.699999999999818,18,3602.141,0.03589487886484954,0.044473473931721984,88.5022653039302,False,0.0534154675909589,-0.017520588726109364,-1.1325312639708245,0.05609829811759297,-0.011624824185870984,-0.8048858868977473,1.1325312639708245,1.1325312639708245,False
normal,N0474,1,1.699999999999818,18,3608.646,0.0509055844016919,0.0530861998451575,88.31012714996938,False,0.05333793707917645,-0.0024323526774845533,-0.15722733381380655,0.05581207975927226,-0.0027258799141147566,-0.18873595309214922,0.18873595309214922,0.18873595309214922,False
normal,N0477,1,1.599999999999909,17,3634.605,0.04544331005057776,0.03902584102496553,86.12049969486922,False,0.05245439087189156,-0.0070110808213138046,-0.4531964278421459,0.0525503039869261,-0.013524462961960575,-0.9364141075943305,0.9364141075943305,0.9364141075943305,False
normal,N0477,2,1.7000000000002728,18,3636.205,0.04252603955813426,0.05336078326199245,87.73713892085414,False,0.05310672807808613,-0.010580688519951864,-0.6839359527528632,0.05495852856762347,-0.0015977453056310181,-0.1106255567221897,0.6839359527528632,0.6839359527528632,False
normal,N0478,1,1.7000000000002728,18,3641.185,0.04670795266630489,0.06295322562647428,87.54226894403679,False,0.05302809523644468,-0.00632014257013979,-0.4085341631682544,0.05466824075283565,0.008284984873638629,0.5736402797435838,0.5736402797435838,0.5736402797435838,False
normal,N0478,2,1.599999999999909,17,3642.885,0.036540099109624434,0.046767007373222626,85.51504418265574,False,0.05221008085456421,-0.015669981744939776,-1.0129079855376097,0.051648387948025745,-0.004881380574803119,-0.3379796778355734,1.0129079855376097,1.0129079855376097,False
normal,N0480,1,1.7000000000002728,18,3657.613,0.03788729952914447,0.04387347176382456,87.47101688532966,False,0.052999344004774976,-0.015112044475630505,-0.9768429074340628,0.05456210021359488,-0.010688628449770317,-0.7400650583576367,0.9768429074340628,0.9768429074340628,False
normal,N0480,2,1.599999999999909,17,3659.313,0.04207769893968566,0.047647562795519155,85.66984370102439,False,0.05227254468923415,-0.010194845749548494,-0.6589950670731632,0.05187898485500626,-0.004231422059487108,-0.29297749735677475,0.6589950670731632,0.6589950670731632,False
normal,N0481,1,1.699999999999818,18,3664.905,0.042546727281112154,0.04121370279679105,88.50437568156447,False,0.05341631915872234,-0.010869591877610184,-0.7026106725313491,0.056101441838969826,-0.014887739042178778,-1.03080535681826,1.03080535681826,1.03080535681826,False
normal,N0483,1,1.699999999999818,18,3680.777,0.04406997338702774,0.04532489529374435,88.17174419606646,False,0.053282097564655836,-0.009212124177628095,-0.5954719217395904,0.05560593776680915,-0.0102810424730648,-0.7118443992661698,0.7118443992661698,0.7118443992661698,False
normal,N0483,2,1.6000000000003638,17,3682.477,0.04627340899734202,0.06121818093651975,86.3419391690846,False,0.052543744888315876,-0.006270335890973852,-0.40531465826509266,0.05288017101994781,0.008338009916571937,0.5773116564480194,0.5773116564480194,0.5773116564480194,False
normal,N0484,1,1.699999999999818,18,3688.652,0.022821596390991874,0.041799089954872894,88.44223065444896,False,0.05339124274543494,-0.030569646354443068,-1.9760226534708738,0.05600886757783467,-0.01420977762296178,-0.9838642960792804,1.9760226534708738,1.9760226534708738,False
normal,N0484,2,1.6000000000003638,17,3690.352,0.034238578748334206,0.03465984351395379,86.52865151484565,False,0.05261908600836175,-0.018380507260027545,-1.188116418063221,0.05315830682993812,-0.01849846331598433,-1.2808066439772925,1.2808066439772925,1.2808066439772925,False
normal,N0485,1,1.699999999999818,18,3697.541,0.04377150562739291,0.043882700104938846,88.31253262038932,False,0.053338907721128044,-0.009567402093735133,-0.6184370945245675,0.055815663065244506,-0.01193296296030566,-0.8262209666187706,0.8262209666187706,0.8262209666187706,False
normal,N0486,1,1.699999999999818,18,3704.587,0.03545441881486707,0.05245379546642295,88.40504248692041,False,0.05337623678435275,-0.01792181796948568,-1.1584667316224266,0.055953470271055364,-0.0034996748046324105,-0.24231238373513717,1.1584667316224266,1.1584667316224266,False
normal,N0486,2,1.6000000000003638,17,3706.287,0.04467199992099276,0.05919977973627545,86.49555673624535,False,0.05260573178865414,-0.00793373186766138,-0.512836613001384,0.05310900723480462,0.006090772501470831,0.4217162125081566,0.512836613001384,0.512836613001384,False
normal,N0491,1,1.699999999999818,18,3755.261,0.04708192234522952,0.055700275375840325,87.15031422289411,False,0.05286993586258115,-0.005788013517351635,-0.3741373287826788,0.05408436589763958,0.0016159094782007416,0.11188321756202167,0.3741373287826788,0.3741373287826788,False
normal,N0492,1,1.599999999999909,17,3761.779,0.046345320570943614,0.043795628856555725,85.98507705078237,False,0.05239974588500818,-0.006054425314064568,-0.3913581935369784,0.05234857181624074,-0.008552942959685013,-0.5921933071520368,0.5921933071520368,0.5921933071520368,False
normal,N0493,1,1.7000000000002728,18,3769.352,0.03327421767341462,0.041743667425264766,87.3263460744447,False,0.052940967249421225,-0.019666749576006608,-1.2712591513731881,0.054346591522921886,-0.01260292409765712,-0.8726080994994173,1.2712591513731881,1.2712591513731881,False
normal,N0497,1,1.699999999999818,18,3803.822,0.04108583224719251,0.04299103186841543,88.97856949416091,False,0.053607663190174654,-0.012521830942982141,-0.8094114442599369,0.056807824052857794,-0.013816792184442366,-0.9566545569758671,0.9566545569758671,0.9566545569758671,False
normal,N0498,1,1.6000000000003638,17,3810.729,0.031989390957371,0.040541079523628586,86.80202458263508,False,0.05272939597760177,-0.020740005020230767,-1.3406344083244237,0.05356553667502002,-0.013024457151391437,-0.9017944338806319,1.3406344083244237,1.3406344083244237,False
normal,N0498,2,1.699999999999818,18,3812.329,0.025608401431735033,0.034896350772283084,88.18935215160077,False,0.053289202628256566,-0.027680801196521533,-1.7892876350727,0.05563216743552683,-0.02073581666324375,-1.435717729462893,1.7892876350727,1.7892876350727,False
normal,N0504,1,1.699999999999818,18,3859.636,0.0345415340544298,0.04179763727905097,88.49338600761718,False,0.05341188466704074,-0.018870350612610942,-1.2197799038011328,0.056085071085057434,-0.014287433806006465,-0.9892410970324496,1.2197799038011328,1.2197799038011328,False
normal,N0505,1,1.699999999999818,18,3866.29,0.0395563910372128,0.044952770944749455,89.11122207454112,False,0.05366119041646537,-0.014104799379252568,-0.9117345609074771,0.05700542980164193,-0.012052658856892474,-0.8345085360771883,0.9117345609074771,0.9117345609074771,False
normal,N0506,1,1.699999999999818,18,3873.48,0.03466745282762429,0.04290345320017959,87.95245361556381,False,0.05319361065778722,-0.018526157830162933,-1.197531274314466,0.05527927183059193,-0.012375818630412344,-0.8568836478862213,1.197531274314466,1.197531274314466,False
normal,N0509,1,1.699999999999818,18,3899.637,0.03609463953968788,0.03793926167573639,89.40259934482908,False,0.05377876534066186,-0.017684125800973977,-1.1431023043050177,0.057439479584231165,-0.019500217908494773,-1.350166672202635,1.350166672202635,1.350166672202635,False
normal,N0510,1,1.699999999999818,18,3906.425,0.051780913674291655,0.030657319207654146,88.90289846982913,False,0.053577128842245296,-0.0017962151679536409,-0.1161073903581006,0.05669510080705674,-0.026037781599402593,-1.802818055601823,1.802818055601823,1.802818055601823,False
normal,N0514,1,1.599999999999909,17,3946.985,0.04174219804522827,0.035716453037616086,86.55535755627966,False,0.052629862280629276,-0.01088766423540101,-0.7037788701605348,0.0531980894508227,-0.017481636413206617,-1.210403030952464,1.210403030952464,1.210403030952464,False
normal,N0516,1,1.699999999999818,18,3962.777,0.03489873161178084,0.04121995142727205,88.52893154428226,False,0.053426227802916754,-0.018527496191135917,-1.1976177859989805,0.056138021448846095,-0.014918070021574047,-1.0329054296331857,1.1976177859989805,1.1976177859989805,False
normal,N0519,1,1.699999999999818,18,3988.539,0.04980069396772164,0.061440087299652245,88.04025696609904,False,0.05322904057403695,-0.0034283466063153092,-0.22160840460767856,0.055410067980795244,0.006030019318857001,0.4175097506737121,0.4175097506737121,0.4175097506737121,False
normal,N0520,1,1.599999999999909,17,3995.089,0.033922777200577195,0.030221501625011755,86.70255942229986,False,0.052689260353175574,-0.01876648315259838,-1.2130659087629314,0.053417368524580414,-0.023195866899568658,-1.6060480230327503,1.6060480230327503,1.6060480230327503,False
normal,N0521,1,1.7000000000002728,18,4002.714,0.030178404623357927,0.031597468699600326,88.71345197492067,False,0.05350068445364855,-0.023322279830290622,-1.5075527122852361,0.05641289207524301,-0.024815423375642687,-1.718183753413103,1.718183753413103,1.718183753413103,False
normal,N0525,1,1.599999999999909,17,4034.885,0.03693741165730453,0.048848159343370286,86.82472925291965,False,0.05273855763899346,-0.015801145981688934,-1.0213864448608359,0.05359935865842676,-0.004751199315056472,-0.32896611711127455,1.0213864448608359,1.0213864448608359,False
normal,N0525,2,1.699999999999818,18,4036.485,0.038552767968792534,0.0452605166618765,88.54127233944989,False,0.05343120749146598,-0.014878439522673446,-0.9617426778254512,0.056156404898777504,-0.010895888236901005,-0.7544154239989235,0.9617426778254512,0.9617426778254512,False
normal,N0526,1,1.7000000000002728,18,4042.048,0.051736680485039925,0.050449605417463655,88.75284325670178,False,0.053516579403055,-0.0017798989180150757,-0.11505270758145109,0.05647157124838546,-0.006021965830921808,-0.4169521389046522,0.4169521389046522,0.4169521389046522,False
normal,N0526,2,1.699999999999818,18,4043.748,0.040928034974004476,0.03630000826446187,88.97411220470093,False,0.05360586460969561,-0.012677829635691133,-0.8194952033957376,0.056801184257244605,-0.020501175992782734,-1.4194715513593277,1.4194715513593277,1.4194715513593277,False
normal,N0536,1,1.699999999999818,18,4116.185,0.0341027092651335,0.04378062051994137,89.40737407284574,False,0.05378069201216942,-0.019677982747035923,-1.2719852638105673,0.057446592251789316,-0.01366597173184795,-0.9462119686142884,1.2719852638105673,1.2719852638105673,False
normal,N0537,1,1.699999999999818,18,4123.182,0.03048970581833955,0.054199708335623605,89.08157434503087,False,0.053649227130700756,-0.023159521312361205,-1.497031997889496,0.0569612650988308,-0.002761556763207197,-0.1912061661348882,1.497031997889496,1.497031997889496,False
normal,N0538,1,1.6000000000003638,17,4130.757,0.03515954109651671,0.03207955199463469,87.34389483695932,False,0.052948048427786165,-0.01778850733126946,-1.149849528858299,0.054372733014832544,-0.022293181020197853,-1.5435473681419423,1.5435473681419423,1.5435473681419423,False
normal,N0543,1,1.699999999999818,18,4170.662,0.038984106435970944,0.04478056337544473,88.62563295098742,False,0.053465248212957034,-0.01448114177698609,-0.9360613422761761,0.05628207257718214,-0.011501509201737405,-0.7963477370913379,0.9360613422761761,0.9360613422761761,False
normal,N0543,2,1.6000000000003638,17,4172.362,0.035457497900344595,0.04833428235248157,86.79974088120807,False,0.052728474471192215,-0.01727097657084762,-1.1163963284318268,0.05356213476207426,-0.005227852409592691,-0.3619688827965084,1.1163963284318268,1.1163963284318268,False
normal,N0548,1,1.699999999999818,18,4212.549,0.02522647837205097,0.03849970154718375,88.54387551635729,False,0.0534322579108321,-0.02820577953878113,-1.8232222473629,0.05616028271796904,-0.01766058117078529,-1.2227929052083233,1.8232222473629,1.8232222473629,False
normal,N0549,1,1.5999999999994543,17,4218.836,0.04580941925168305,0.06162714987730651,86.58317914720004,False,0.05264108869317771,-0.006831669441494659,-0.44159927206538074,0.05323953384859041,0.0083876160287161,0.5807463113666917,0.5807463113666917,0.5807463113666917,False
normal,N0549,2,1.7000000000007276,18,4220.436,0.045694422143189424,0.04449365547156384,88.21973220087916,False,0.05330146141559253,-0.007607039272403103,-0.49171919602290076,0.05567742303755545,-0.011183767565991612,-0.7743477692464538,0.7743477692464538,0.7743477692464538,False
normal,N0550,1,1.7000000000007276,18,4226.628,0.02440602993342242,0.043965128370865324,86.87892472617423,False,0.05276042629282979,-0.02835439635940737,-1.8328288421150694,0.053680090876695605,-0.009714962505830281,-0.6726498472284381,1.8328288421150694,1.8328288421150694,False
normal,N0550,2,1.5999999999994543,17,4228.328,0.036847497915693805,0.03743277819913828,86.12448210445068,False,0.05245599783150168,-0.015608499915807872,-1.0089337986682934,0.05255623637832814,-0.015123458179189857,-1.0471262063742068,1.0471262063742068,1.0471262063742068,False
normal,N0551,1,1.699999999999818,18,4235.853,0.03986387053600178,0.028442830523115428,88.30644795775206,False,0.05333645247213889,-0.01347258193613711,-0.8708680106363121,0.05580659905523362,-0.027363768532118193,-1.8946274585905403,1.8946274585905403,1.8946274585905403,False
normal,N0555,1,1.7000000000007276,18,4260.918,0.03903669935742803,0.044054568769248494,88.30421514613572,False,0.053335551500500726,-0.014298852143072693,-0.9242781360876154,0.055803272950230035,-0.011748704180981541,-0.8134631572408667,0.9242781360876154,0.9242781360876154,False
normal,N0555,2,1.699999999999818,18,4262.618,0.028080614561769593,0.04130916340165272,88.48151222416958,False,0.0534070934244452,-0.025326478862675604,-1.6371041844919638,0.056067383318544814,-0.014758219916892093,-1.0218376413191044,1.6371041844919638,1.6371041844919638,False
normal,N0556,1,1.6000000000003638,17,4268.929,0.03853631898688332,0.037651184271664334,86.71708127147076,False,0.05269512012842083,-0.01415880114153751,-0.9152252360813128,0.0534390009788525,-0.015787816707188165,-1.093125422747382,1.093125422747382,1.093125422747382,False
normal,N0557,1,1.699999999999818,18,4275.185,0.02942274411252477,0.039359958306493276,88.1865964831847,False,0.05328809067637092,-0.02386534656384615,-1.5426565586107654,0.055628062457552044,-0.016268104151058768,-1.1263798254845427,1.5426565586107654,1.5426565586107654,False
normal,N0557,2,1.699999999999818,18,4276.885,0.027402390898322075,0.04141602812653307,88.46580699156773,False,0.05340075613694564,-0.025998365238623568,-1.6805349355068069,0.05604398803863979,-0.01462795991210672,-1.0128186284030716,1.6805349355068069,1.6805349355068069,False
normal,N0558,1,1.699999999999818,18,4283.108,0.04210502518438598,0.058298613583191,87.37877430056382,False,0.05296212279359123,-0.010857097609205245,-0.7018030427301912,0.05442469116372796,0.0038739224194630426,0.2682247432311536,0.7018030427301912,0.7018030427301912,False
normal,N0561,1,1.5999999999994543,17,4309.171,0.06414127009325954,0.052922873814859384,88.33204212604974,False,0.05334678008758569,0.010794490005673847,0.6977560857774284,0.0558447253757053,-0.0029218515608459145,-0.2023047443412877,0.6977560857774284,0.6977560857774284,False
normal,N0568,1,1.6000000000003638,17,4356.936,0.05640713059117093,0.04850745907893051,83.23439956606269,False,0.051289807912031464,0.005117322679139467,0.330783857354965,0.048251028576043145,0.00025643050288736563,0.017754874348548767,0.330783857354965,0.330783857354965,False
normal,N0568,2,1.699999999999818,18,4358.536,0.03911532527241294,0.045119965144169945,85.06349828563404,False,0.05202787558316094,-0.012912550310747999,-0.8346675533069079,0.050975743172962704,-0.005855778028792759,-0.40544553765464764,0.8346675533069079,0.8346675533069079,False
normal,N0570,1,1.7000000000007276,18,4371.949,0.05040672024090086,0.05388505159184276,84.03265701576032,False,0.05161191628735095,-0.0012051960464500924,-0.07790390055699188,0.049440151777551164,0.004444899814291595,0.3077583860189485,0.3077583860189485,0.3077583860189485,False
normal,N0571,1,1.699999999999818,18,4380.0,0.07759613982129952,0.16469646929899728,167.26955898462205,False,0.08519920478678597,-0.007603064965486447,-0.4914622967310967,0.17343389764276634,-0.00873742834376906,-0.6049668063133089,0.6049668063133089,0.6049668063133089,False
normal,N0574,1,1.6000000000003638,17,4406.021,0.05946661556656118,0.10972457304140057,123.8196911878595,False,0.06766655748213123,-0.008199941915570046,-0.5300444367082695,0.10870885696928718,0.0010157160721133845,0.07032670072833452,0.5300444367082695,0.5300444367082695,False
normal,N0575,1,1.699999999999818,18,4413.121,0.10804310838066238,0.16892573713584583,189.3499429908503,False,0.09410895767587035,0.013934150704792023,0.900703826609504,0.20632591378362208,-0.037400176647776256,-2.5895337314318545,2.5895337314318545,2.5895337314318545,False
normal,N0575,2,1.699999999999818,18,4414.821,0.08690338758644567,0.17439454573992083,188.69444854548757,False,0.09384445622849052,-0.006941068642044856,-0.4486708389409777,0.20534945731116983,-0.030954911571248994,-2.1432729695945327,2.1432729695945327,2.1432729695945327,False
normal,N0576,1,1.699999999999818,18,4421.037,0.055547150474969366,0.10346745400232009,112.43911197475262,False,0.06307432989701173,-0.007527179422042361,-0.48655705343263544,0.0917557915215028,0.011711662480817286,0.810898443898777,0.810898443898777,0.810898443898777,False
normal,N0578,1,1.699999999999818,18,4435.711,0.09747059013192988,0.094528517568627,110.4194132393587,False,0.06225935237498675,0.03521123775694313,2.2760552300061483,0.08874714985179706,0.005781367716829938,0.400293476085289,2.2760552300061483,2.2760552300061483,False
normal,N0583,1,1.6000000000003638,17,4484.616,0.06468543537586112,0.18586625298379286,171.08499944073836,False,0.08673878995058668,-0.022053354574725556,-1.425529354164397,0.17911756369819598,0.006748689285596882,0.46726941192254695,1.425529354164397,1.425529354164397,False
normal,N0587,1,1.7000000000007276,18,4524.614,0.07961970406947712,0.10201570751468728,119.95885481943672,False,0.06610865441404445,0.013511049655432664,0.8733545649089388,0.10295756695043858,-0.0009418594357512994,-0.06521297485076048,0.8733545649089388,0.8733545649089388,False
normal,N0587,2,1.699999999999818,18,4526.314,0.06918869617534677,0.09759830935153424,117.67086869684759,False,0.06518541906812958,0.004003277107217193,0.2587719255977834,0.09954927131332338,-0.0019509619617891355,-0.13508176328610697,0.2587719255977834,0.2587719255977834,False
normal,N0588,1,1.6000000000003638,17,4532.317,0.0675036973118118,0.041059534087354035,84.81722067703843,False,0.05192849902186189,0.01557519828994991,1.0067811807959828,0.05060887604443935,-0.009549341957085317,-0.6611825217761441,1.0067811807959828,1.0067811807959828,False
normal,N0593,1,1.699999999999818,18,4571.875,0.07814644874919852,0.04548952030168902,86.2050999287432,False,0.052488528284445765,0.02565792046475275,1.6585285773820004,0.05267632861844147,-0.0071868083167524535,-0.4976041352112723,1.6585285773820004,1.6585285773820004,False
normal,N0593,2,1.6000000000003638,17,4573.575,0.07906900212286659,0.0635327382323013,84.41825576000132,False,0.051767510933012885,0.027301491189853706,1.7647690273932584,0.0500145584597851,0.013518179772516195,0.9359790687130821,1.7647690273932584,1.7647690273932584,False
normal,N0597,1,1.699999999999818,18,4604.905,0.07801532600322124,0.13567712030916962,153.4407786916103,False,0.07961909281348784,-0.0016037668102665964,-0.10366752402783165,0.15283387254909997,-0.01715675223993035,-1.187908524217099,1.187908524217099,1.187908524217099,False
normal,N0597,2,1.6000000000003638,17,4606.605,0.06867680855153019,0.1241706760267543,150.10061486265465,False,0.07827128861240791,-0.009594480060877722,-0.6201874149523313,0.14785820172090597,-0.023687525694151668,-1.6400897615228687,1.6400897615228687,1.6400897615228687,False
normal,N0598,1,1.699999999999818,18,4612.309,0.06240605262178768,0.0398263425574079,85.07397734719021,False,0.05203210403539024,0.010373948586397438,0.6705722786251355,0.050991353293771705,-0.011165010736363806,-0.7730490736955382,0.7730490736955382,0.7730490736955382,False
