framework,model,features,CV_PR_AUC,CV_F1,CV_F2,TEST_PR_AUC,TEST_F1,TEST_F2,TEST_Recall,TEST_Precision,TEST_FalseAlarm,TEST_TP,TEST_FN,TEST_FP,TEST_TN,TEST_AbnSegDetect,TEST_NormSegFalseAlarm
A,RMS-IQR,F0_RMS,0.5463942871918538,0.5737051792828686,0.5146533238027162,0.7773251350088836,0.7615062761506276,0.7268370607028755,0.7054263565891473,0.8272727272727273,0.0062520565975649,91,38,19,3020,1.0,0.0377358490566037
A,LogReg,F1_진동,0.95023882404527,0.913978494623656,0.8762886597938143,0.9999403697078116,0.9699248120300752,0.9877488514548237,1.0,0.9416058394160584,0.0026324448831852,129,0,8,3031,1.0,0.0377358490566037
A,RandomForest,F1_진동,0.9749630327543538,0.9170731707317074,0.9325396825396824,0.9907567436811332,0.8657718120805369,0.9416058394160584,1.0,0.7633136094674556,0.0131622244159262,129,0,40,2999,1.0,0.0660377358490566
A,HistGB,F1_진동,0.9703012012129844,0.9204737732656514,0.9139784946236559,0.9960422127279132,0.927536231884058,0.9653092006033182,0.992248062015504,0.8707482993197279,0.0062520565975649,128,1,19,3020,1.0,0.0377358490566037
B,IsolationForest,F1_진동,0.8408101743757185,0.725609756097561,0.7662588538312943,0.9586215905696356,0.8157894736842105,0.8972503617945008,0.9612403100775194,0.7085714285714285,0.016781836130306,124,5,51,2988,1.0,0.1037735849056603
B,Mahalanobis,F1_진동,0.9717831384896852,0.8125,0.8931917551530294,0.9999403697078116,0.8514851485148515,0.9347826086956521,1.0,0.7413793103448276,0.014807502467917,129,0,45,2994,1.0,0.1415094339622641
A,LogReg,F2_+전류크기,0.9811272388124296,0.9541595925297114,0.9454912516823688,1.0,0.996138996138996,0.9984520123839011,1.0,0.9923076923076924,0.0003290556103981,129,0,1,3038,1.0,0.0094339622641509
A,RandomForest,F2_+전류크기,0.9965638010447287,0.9850746268656716,0.9899999999999999,1.0,1.0,1.0,1.0,1.0,0.0,129,0,0,3039,1.0,0.0
A,HistGB,F2_+전류크기,0.988414822005876,0.9767441860465116,0.980653769179453,0.997256338774842,0.9554655870445344,0.9305993690851736,0.9147286821705426,1.0,0.0,118,11,0,3039,1.0,0.0
B,IsolationForest,F2_+전류크기,0.9352011652127028,0.7971223021582734,0.8699748743718595,0.9833957510441896,0.8737201365187713,0.9411764705882353,0.992248062015504,0.7804878048780488,0.0118460019743336,128,1,36,3003,1.0,0.0943396226415094
B,Mahalanobis,F2_+전류크기,0.9994482554812196,0.8340306834030683,0.926270136307311,1.0,0.86,0.9388646288209607,1.0,0.7543859649122807,0.0138203356367226,129,0,42,2997,1.0,0.1037735849056603
A,LogReg,F3_+채널관계,0.9783000988318952,0.9433962264150944,0.9290540540540542,0.9998816498017636,0.992248062015504,0.992248062015504,0.992248062015504,0.992248062015504,0.0003290556103981,128,1,1,3038,1.0,0.0094339622641509
A,RandomForest,F3_+채널관계,0.9960077027527,0.9867549668874172,0.9926715522984676,1.0,0.996138996138996,0.9984520123839011,1.0,0.9923076923076924,0.0003290556103981,129,0,1,3038,1.0,0.0094339622641509
A,HistGB,F3_+채널관계,0.9896944676634496,0.9767441860465116,0.980653769179453,0.9967256405186784,0.9554655870445344,0.9305993690851736,0.9147286821705426,1.0,0.0,118,11,0,3039,1.0,0.0
B,IsolationForest,F3_+채널관계,0.9359454540877374,0.8108108108108109,0.890625,0.9573934057351668,0.8160535117056856,0.8892128279883382,0.9457364341085271,0.7176470588235294,0.0157946692991115,122,7,48,2991,1.0,0.0849056603773584
B,Mahalanobis,F3_+채널관계,0.9994169492119418,0.8340306834030683,0.926270136307311,1.0,0.86,0.9388646288209607,1.0,0.7543859649122807,0.0138203356367226,129,0,42,2997,1.0,0.1320754716981132
A,LogReg,F4_+H1잔차,0.9764972673869724,0.93631669535284,0.9201623815967522,0.9999403697078116,0.9923076923076924,0.9969088098918084,1.0,0.9847328244274808,0.0006581112207963,129,0,2,3037,1.0,0.0188679245283018
A,RandomForest,F4_+H1잔차,0.9967471836298504,0.9818780889621088,0.9906914893617021,1.0,0.9772727272727272,0.9907834101382487,1.0,0.9555555555555556,0.0019743336623889,129,0,6,3033,1.0,0.0188679245283018
A,HistGB,F4_+H1잔차,0.988877188113848,0.9802631578947368,0.9900332225913622,0.9997045590068846,0.9885057471264368,0.9953703703703705,1.0,0.9772727272727272,0.0009871668311944,129,0,3,3036,1.0,0.0188679245283018
B,IsolationForest,F4_+H1잔차,0.9322788677738828,0.8074179743223966,0.8854818523153941,0.962188957565369,0.8155339805825242,0.9051724137931034,0.9767441860465116,0.7,0.0177690029615004,126,3,54,2985,1.0,0.1226415094339622
B,Mahalanobis,F4_+H1잔차,0.9994622946888574,0.8340306834030683,0.926270136307311,1.0,0.8571428571428571,0.9375,1.0,0.75,0.0141493912471207,129,0,43,2996,1.0,0.1320754716981132
A,LogReg,F5_+전류시간구조,0.9973614253914376,0.9916247906197656,0.9906291834002677,1.0,0.996138996138996,0.9984520123839011,1.0,0.9923076923076924,0.0003290556103981,129,0,1,3038,1.0,0.0094339622641509
A,RandomForest,F5_+전류시간구조,0.9999777775308616,0.998324958123953,0.9973226238286479,1.0,1.0,1.0,1.0,1.0,0.0,129,0,0,3039,1.0,0.0
A,HistGB,F5_+전류시간구조,0.9998993647627956,0.9966666666666668,0.9986639946559785,1.0,0.9662921348314608,0.9862385321100916,1.0,0.9347826086956522,0.0029615004935834,129,0,9,3030,1.0,0.0660377358490566
B,IsolationForest,F5_+전류시간구조,0.974995783731267,0.8291316526610645,0.9186840471756672,0.9857185739499637,0.819047619047619,0.9188034188034188,1.0,0.6935483870967742,0.0187561697926949,129,0,57,2982,1.0,0.1886792452830188
B,Mahalanobis,F5_+전류시간구조,1.0,0.8340306834030683,0.926270136307311,1.0,0.8431372549019608,0.9307359307359306,1.0,0.7288135593220338,0.0157946692991115,129,0,48,2991,1.0,0.1415094339622641
