group,n_features,PR_AUC_drop_mean,PR_AUC_drop_std
cur_crest,1,0.00594832464039714,0.008169469374395676
cur_min,1,0.0031421191214901978,0.005757895796392723
v1_ac2,1,0.0023961635473570848,0.004269274275236171
cur_impulse,1,0.0016853254724617183,0.0035989127437143016
cur_std,1,0.0010780571027592333,0.0016590858755876675
v1_ac3,1,0.00086252262042578,0.0015172177051946403
cur_kurt,1,0.0006947157220275576,0.001180615313609687
v1_diffstd,1,0.0006659623494578456,0.0014324734049582343
cur_rms,1,0.0006204889889146248,0.0010664715033979466
cur_absmean,1,0.0005706966336303188,0.0009593889099580533
v0_ac3,1,0.0005044067313873116,0.0006967951791134986
v1_resid,1,0.0004939855776708412,0.0007457842197820193
cur_ptp,1,0.00042592160574148605,0.0006969588710818733
v1_std,1,0.0003691258524985308,0.0008253904984394409
v1_mean,1,0.00036862857756510736,0.0008242785578847993
v1_max,1,0.0003136927836107232,0.000593422234478546
v0_diffstd,1,0.00026690915787976147,0.000490240365503897
v1_kurt,1,0.00024487569312181545,0.0004418781947841998
v0_mean,1,0.00020247907682923545,0.00045275697981161445
v1_absmax,1,0.00019310612331102647,0.0006158687410638626
cur_mean,1,0.00018546733774877923,0.00033985769949615034
v1_mcr,1,0.00015661277709292745,0.0003501968157249732
v1_impulse,1,0.0001349860512194804,0.0003018379865410679
v1_crest,1,0.00013412064933766566,0.0002999028891054739
cur_absmax,1,0.00011894110941462383,0.0002648196390120227
v0_mcr,1,0.00011577718488896919,0.000220276079313239
v1_min,1,0.00010352735826655302,0.00032244979528191724
v0_ac2,1,8.956077359600911e-05,0.0002002639778782688
v1_ptp,1,8.869537171421657e-05,0.00019832888044272443
corr_v0_cur,1,6.620324395895477e-05,0.0001480349538232665
v0_kurt,1,6.620324395891034e-05,0.00014803495382324994
v0_impulse,1,2.2067747986254106e-05,4.934498460780515e-05
v1_rms,1,1.9443732449309053e-05,0.0009420178681369593
v0_skew,1,1.4802973661668754e-17,3.31004553766303e-17
corr_v1_cur,1,-1.4802973661668754e-17,8.107922592650823e-17
v0_crest,1,-2.960594732333751e-17,4.0539612963254114e-17
cur_skew,1,-7.401486830834378e-17,1.6550227688315153e-16
cur_max,1,-5.793968207197982e-06,6.680680889735353e-05
corr_v0_v1,1,-1.3865008916291722e-05,3.44881285293886e-05
v1_ac1,1,-2.894114339542971e-05,6.815002715769782e-05
v0_ac1,1,-6.378099283321781e-05,0.00014261863564733643
v0_min,1,-6.497725795978997e-05,0.00014529356578942278
rms_ratio_v0_v1,1,-7.616593406438721e-05,0.0001325744623510004
rms_diff_v0_v1,1,-9.287745373643593e-05,0.00013893735773856387
v0_max,1,-0.00011414039247017448,0.00029781521950795234
v1_absmean,1,-0.00011594295426329282,0.0005497114924275388
v0_ptp,1,-0.0002064401865459864,0.0007953239611914235
v0_std,1,-0.0002519258205889052,0.0007473608607043714
v1_skew,1,-0.0002615463205198084,0.0005582996218330865
v0_rms,1,-0.0003587116263038759,0.0006827450719665201
v0_absmean,1,-0.0003897916573838645,0.000678726753579934
v0_resid,1,-0.0004053316729239438,0.0006793798448845098
v0_absmax,1,-0.00046994298753525083,0.0007008125046697922
