eval_set,rule,k,TP,FP,FN,TN,Precision,Recall,F1,F2,FalseAlarmRate,AbnSegDetect,AbnSegDetectRate,NormSegFalseAlarm,NormSegFalseAlarmRate,DelaySec_median,DelaySec_max
OOF,A만,1,298,10,1,11822,0.9675324675324676,0.9966555183946488,0.9818780889621088,0.9906914893617021,0.0008451656524678837,13/13,1.0,3/424,0.007075471698113208,0.9,0.9
TEST,A만,1,129,6,0,3033,0.9555555555555556,1.0,0.9772727272727273,0.9907834101382487,0.0019743336623889436,4/4,1.0,2/106,0.018867924528301886,0.9,0.9
OOF,A만,2,285,6,14,11826,0.979381443298969,0.9531772575250836,0.9661016949152542,0.9583053127101546,0.0005070993914807302,12/13,0.9230769230769231,1/424,0.0023584905660377358,1.0,1.0
TEST,A만,2,125,3,4,3036,0.9765625,0.9689922480620154,0.9727626459143969,0.9704968944099378,0.0009871668311944718,4/4,1.0,2/106,0.018867924528301886,1.0,1.0
OOF,A만,3,273,5,26,11827,0.9820143884892086,0.9130434782608695,0.9462738301559791,0.9260515603799185,0.00042258282623394185,12/13,0.9230769230769231,1/424,0.0023584905660377358,1.1,1.1
TEST,A만,3,121,1,8,3038,0.9918032786885246,0.937984496124031,0.9641434262948207,0.9482758620689653,0.0003290556103981573,4/4,1.0,1/106,0.009433962264150943,1.1,1.1
OOF,A만,5,249,3,50,11829,0.9880952380952381,0.8327759197324415,0.9038112522686025,0.8598066298342543,0.0002535496957403651,12/13,0.9230769230769231,1/424,0.0023584905660377358,1.3,1.3
TEST,A만,5,113,0,16,3039,1.0,0.875968992248062,0.9338842975206612,0.8982511923688394,0.0,4/4,1.0,0/106,0.0,1.3,1.3
OOF,B만,1,299,119,0,11713,0.715311004784689,1.0,0.8340306834030684,0.926270136307311,0.010057471264367816,13/13,1.0,37/424,0.08726415094339622,0.9,0.9
TEST,B만,1,129,43,0,2996,0.75,1.0,0.8571428571428571,0.9375,0.014149391247120764,4/4,1.0,14/106,0.1320754716981132,0.9,0.9
OOF,B만,2,286,62,13,11770,0.8218390804597702,0.9565217391304348,0.8840803709428131,0.9261658031088084,0.005240027045300879,12/13,0.9230769230769231,23/424,0.054245283018867926,1.0,1.0
TEST,B만,2,125,19,4,3020,0.8680555555555556,0.9689922480620154,0.9157509157509157,0.9469696969696969,0.006252056597564989,4/4,1.0,5/106,0.04716981132075472,1.0,1.0
OOF,B만,3,274,34,25,11798,0.8896103896103896,0.9163879598662207,0.9028006589785831,0.9109042553191489,0.0028735632183908046,12/13,0.9230769230769231,10/424,0.02358490566037736,1.1,1.1
TEST,B만,3,121,12,8,3027,0.9097744360902256,0.937984496124031,0.9236641221374046,0.9322033898305085,0.003948667324777887,4/4,1.0,3/106,0.02830188679245283,1.1,1.1
OOF,B만,5,250,12,49,11820,0.9541984732824428,0.8361204013377926,0.8912655971479501,0.8573388203017832,0.0010141987829614604,12/13,0.9230769230769231,3/424,0.007075471698113208,1.3,1.3
TEST,B만,5,113,7,16,3032,0.9416666666666667,0.875968992248062,0.9076305220883534,0.8883647798742139,0.002303389272787101,4/4,1.0,2/106,0.018867924528301886,1.3,1.3
OOF,A·B 모두(경보),1,298,8,1,11824,0.9738562091503268,0.9966555183946488,0.9851239669421488,0.992010652463382,0.000676132521974307,13/13,1.0,2/424,0.0047169811320754715,0.9,0.9
TEST,A·B 모두(경보),1,129,5,0,3034,0.9626865671641791,1.0,0.9809885931558935,0.9923076923076923,0.0016452780519907865,4/4,1.0,2/106,0.018867924528301886,0.9,0.9
OOF,A·B 모두(경보),2,285,6,14,11826,0.979381443298969,0.9531772575250836,0.9661016949152542,0.9583053127101546,0.0005070993914807302,12/13,0.9230769230769231,1/424,0.0023584905660377358,1.0,1.0
TEST,A·B 모두(경보),2,125,2,4,3037,0.984251968503937,0.9689922480620154,0.9765625,0.9720062208398134,0.0006581112207963146,4/4,1.0,1/106,0.009433962264150943,1.0,1.0
OOF,A·B 모두(경보),3,273,5,26,11827,0.9820143884892086,0.9130434782608695,0.9462738301559791,0.9260515603799185,0.00042258282623394185,12/13,0.9230769230769231,1/424,0.0023584905660377358,1.1,1.1
TEST,A·B 모두(경보),3,121,1,8,3038,0.9918032786885246,0.937984496124031,0.9641434262948207,0.9482758620689653,0.0003290556103981573,4/4,1.0,1/106,0.009433962264150943,1.1,1.1
OOF,A·B 모두(경보),5,249,3,50,11829,0.9880952380952381,0.8327759197324415,0.9038112522686025,0.8598066298342543,0.0002535496957403651,12/13,0.9230769230769231,1/424,0.0023584905660377358,1.3,1.3
TEST,A·B 모두(경보),5,113,0,16,3039,1.0,0.875968992248062,0.9338842975206612,0.8982511923688394,0.0,4/4,1.0,0/106,0.0,1.3,1.3
OOF,A·B 중 하나(주의),1,299,121,0,11711,0.7119047619047619,1.0,0.8317107093184979,0.9251237623762376,0.010226504394861393,13/13,1.0,38/424,0.08962264150943396,0.9,0.9
TEST,A·B 중 하나(주의),1,129,44,0,2995,0.7456647398843931,1.0,0.8543046357615894,0.9361393323657474,0.014478446857518921,4/4,1.0,14/106,0.1320754716981132,0.9,0.9
OOF,A·B 중 하나(주의),2,286,62,13,11770,0.8218390804597702,0.9565217391304348,0.8840803709428131,0.9261658031088084,0.005240027045300879,12/13,0.9230769230769231,23/424,0.054245283018867926,1.0,1.0
TEST,A·B 중 하나(주의),2,125,20,4,3019,0.8620689655172413,0.9689922480620154,0.9124087591240875,0.94553706505295,0.006581112207963146,4/4,1.0,5/106,0.04716981132075472,1.0,1.0
OOF,A·B 중 하나(주의),3,274,34,25,11798,0.8896103896103896,0.9163879598662207,0.9028006589785831,0.9109042553191489,0.0028735632183908046,12/13,0.9230769230769231,10/424,0.02358490566037736,1.1,1.1
TEST,A·B 중 하나(주의),3,121,13,8,3026,0.9029850746268657,0.937984496124031,0.9201520912547528,0.9307692307692309,0.0042777229351760445,4/4,1.0,3/106,0.02830188679245283,1.1,1.1
OOF,A·B 중 하나(주의),5,250,12,49,11820,0.9541984732824428,0.8361204013377926,0.8912655971479501,0.8573388203017832,0.0010141987829614604,12/13,0.9230769230769231,3/424,0.007075471698113208,1.3,1.3
TEST,A·B 중 하나(주의),5,113,8,16,3031,0.9338842975206612,0.875968992248062,0.904,0.8869701726844585,0.0026324448831852583,4/4,1.0,2/106,0.018867924528301886,1.3,1.3
