framework,model,features,threshold,CV_PR_AUC,CV_F1,CV_Recall,CV_Precision,CV_FalseAlarm,CV_AbnSegDetect,CV_NormSegFalseAlarm,TEST_PR_AUC,TEST_F1,TEST_Recall,TEST_Precision,TEST_FalseAlarm,TEST_AbnSegDetect,TEST_NormSegFalseAlarm,ALLABN_PR_AUC,ALLABN_F1,ALLABN_Recall,ALLABN_Precision,ALLABN_FalseAlarm,ALLABN_AbnSegDetect,ALLABN_NormSegFalseAlarm
A,RMS-IQR,F0_RMS,0.0,0.5463942871918538,0.5737051792828686,0.4816053511705686,0.7093596059113301,0.004986477349560514,0.7692307692307693,0.02830188679245283,0.7773251350088836,0.7615062761506276,0.7054263565891473,0.8272727272727273,0.006252056597564989,1.0,0.03773584905660377,,,,,,,
A,LogReg,F1_진동,0.9465478776199867,0.95023882404527,0.9139784946236559,0.8528428093645485,0.9845559845559846,0.0003380662609871535,0.8461538461538461,0.007075471698113208,0.9999403697078117,0.9699248120300752,1.0,0.9416058394160584,0.0026324448831852583,1.0,0.03773584905660377,,,,,,,
A,RandomForest,F1_진동,0.2974105094464767,0.9749630327543538,0.9170731707317074,0.9431438127090301,0.8924050632911392,0.0028735632183908046,0.9230769230769231,0.01650943396226415,0.9907567436811331,0.8657718120805369,1.0,0.7633136094674556,0.013162224415926292,1.0,0.0660377358490566,,,,,,,
A,HistGB,F1_진동,0.05635427757696443,0.9703012012129845,0.9204737732656514,0.9096989966555183,0.9315068493150684,0.0016903313049357674,0.9230769230769231,0.01650943396226415,0.9960422127279132,0.927536231884058,0.9922480620155039,0.8707482993197279,0.006252056597564989,1.0,0.03773584905660377,,,,,,,
B,IsolationForest,F1_진동,0.5508602105714114,0.8408101743757185,0.725609756097561,0.7959866220735786,0.6666666666666666,0.010057471264367816,1.0,0.07311320754716981,0.9586215905696355,0.8157894736842105,0.9612403100775194,0.7085714285714285,0.01678183613030602,1.0,0.10377358490566038,0.9440882114995295,0.8702830188679245,0.8621495327102804,0.8785714285714286,0.01678183613030602,1.0,0.10377358490566038
B,Mahalanobis,F1_진동,118.89738494021572,0.9717831384896851,0.8125,0.9565217391304348,0.7061728395061728,0.010057471264367816,0.9230769230769231,0.09198113207547169,0.9999403697078115,0.8514851485148515,1.0,0.7413793103448276,0.014807502467917079,1.0,0.14150943396226415,0.9921658446199446,0.9346846846846847,0.969626168224299,0.9021739130434783,0.014807502467917079,0.9411764705882353,0.14150943396226415
A,LogReg,F2_+전류크기,0.3747572491292211,0.9811272388124297,0.9541595925297114,0.939799331103679,0.9689655172413794,0.0007606490872210953,1.0,0.014150943396226415,1.0,0.9961389961389961,1.0,0.9923076923076923,0.0003290556103981573,1.0,0.009433962264150943,,,,,,,
A,RandomForest,F2_+전류크기,0.4475760024622744,0.9965638010447287,0.9850746268656716,0.9933110367892977,0.9769736842105263,0.0005916159567275186,1.0,0.0023584905660377358,1.0,1.0,1.0,1.0,0.0,1.0,0.0,,,,,,,
A,HistGB,F2_+전류크기,0.31664420329601356,0.9884148220058759,0.9767441860465116,0.9832775919732442,0.9702970297029703,0.0007606490872210953,1.0,0.007075471698113208,0.9972563387748421,0.9554655870445344,0.9147286821705426,1.0,0.0,1.0,0.0,,,,,,,
B,IsolationForest,F2_+전류크기,0.5471680953822305,0.9352011652127029,0.7971223021582734,0.9264214046822743,0.6994949494949495,0.010057471264367816,1.0,0.07547169811320754,0.9833957510441895,0.8737201365187713,0.9922480620155039,0.7804878048780488,0.011846001974333662,1.0,0.09433962264150944,0.9863879430636393,0.9259259259259259,0.9345794392523364,0.9174311926605505,0.011846001974333662,1.0,0.09433962264150944
B,Mahalanobis,F2_+전류크기,131.04869960561211,0.9994482554812195,0.8340306834030683,1.0,0.715311004784689,0.010057471264367816,1.0,0.09198113207547169,1.0,0.86,1.0,0.7543859649122807,0.013820335636722606,1.0,0.10377358490566038,0.999962127689783,0.9532293986636972,1.0,0.9106382978723404,0.013820335636722606,1.0,0.10377358490566038
A,LogReg,F3_+채널관계,0.3876647905404922,0.9783000988318952,0.9433962264150944,0.919732441471572,0.9683098591549296,0.0007606490872210953,1.0,0.01179245283018868,0.9998816498017635,0.9922480620155039,0.9922480620155039,0.9922480620155039,0.0003290556103981573,1.0,0.009433962264150943,,,,,,,
A,RandomForest,F3_+채널관계,0.3970127830929233,0.9960077027527,0.9867549668874173,0.9966555183946488,0.9770491803278688,0.0005916159567275186,1.0,0.0023584905660377358,1.0,0.9961389961389961,1.0,0.9923076923076923,0.0003290556103981573,1.0,0.009433962264150943,,,,,,,
A,HistGB,F3_+채널관계,0.2745347814572665,0.9896944676634496,0.9767441860465116,0.9832775919732442,0.9702970297029703,0.0007606490872210953,1.0,0.007075471698113208,0.9967256405186784,0.9554655870445344,0.9147286821705426,1.0,0.0,1.0,0.0,,,,,,,
B,IsolationForest,F3_+채널관계,0.5410414466298505,0.9359454540877374,0.8108108108108109,0.9531772575250836,0.7054455445544554,0.010057471264367816,1.0,0.07547169811320754,0.9573934057351668,0.8160535117056856,0.9457364341085271,0.7176470588235294,0.01579466929911155,1.0,0.08490566037735849,0.9776542100673298,0.9181818181818182,0.9439252336448598,0.8938053097345132,0.01579466929911155,1.0,0.08490566037735849
B,Mahalanobis,F3_+채널관계,141.66071742188487,0.9994169492119418,0.8340306834030683,1.0,0.715311004784689,0.010057471264367816,1.0,0.08726415094339622,1.0,0.86,1.0,0.7543859649122807,0.013820335636722606,1.0,0.1320754716981132,0.9999837370167184,0.9532293986636972,1.0,0.9106382978723404,0.013820335636722606,1.0,0.1320754716981132
A,LogReg,F4_+H1잔차,0.3433061697313745,0.9764972673869723,0.9363166953528399,0.9096989966555183,0.9645390070921985,0.0008451656524678837,1.0,0.01650943396226415,0.9999403697078116,0.9923076923076923,1.0,0.9847328244274809,0.0006581112207963146,1.0,0.018867924528301886,,,,,,,
A,RandomForest,F4_+H1잔차,0.33248326866677774,0.9967471836298503,0.9818780889621087,0.9966555183946488,0.9675324675324676,0.0008451656524678837,1.0,0.007075471698113208,1.0,0.9772727272727273,1.0,0.9555555555555556,0.0019743336623889436,1.0,0.018867924528301886,,,,,,,
A,HistGB,F4_+H1잔차,0.0015098664953594812,0.9888771881138481,0.9802631578947368,0.9966555183946488,0.9644012944983819,0.0009296822177146721,1.0,0.01179245283018868,0.9997045590068846,0.9885057471264368,1.0,0.9772727272727273,0.0009871668311944718,1.0,0.018867924528301886,,,,,,,
B,IsolationForest,F4_+H1잔차,0.5388594520750581,0.9322788677738829,0.8074179743223966,0.9464882943143813,0.7039800995024875,0.010057471264367816,1.0,0.07783018867924528,0.962188957565369,0.8155339805825242,0.9767441860465116,0.7,0.017769002961500493,1.0,0.12264150943396226,0.9733654495244769,0.9156355455568054,0.9509345794392523,0.8828633405639913,0.017769002961500493,1.0,0.12264150943396226
B,Mahalanobis,F4_+H1잔차,141.5704279926976,0.9994622946888574,0.8340306834030683,1.0,0.715311004784689,0.010057471264367816,1.0,0.08726415094339622,1.0,0.8571428571428571,1.0,0.75,0.014149391247120764,1.0,0.1320754716981132,0.999989132797218,0.9521690767519466,1.0,0.9087048832271762,0.014149391247120764,1.0,0.1320754716981132
A,LogReg,F5_+전류시간구조,0.07165851824832231,0.9973614253914375,0.9916247906197655,0.9899665551839465,0.9932885906040269,0.00016903313049357674,1.0,0.0023584905660377358,1.0,0.9961389961389961,1.0,0.9923076923076923,0.0003290556103981573,1.0,0.009433962264150943,,,,,,,
A,RandomForest,F5_+전류시간구조,0.6293326434795011,0.9999777775308615,0.998324958123953,0.9966555183946488,1.0,0.0,1.0,0.0,1.0,1.0,1.0,1.0,0.0,1.0,0.0,,,,,,,
A,HistGB,F5_+전류시간구조,0.012369237918205891,0.9998993647627955,0.9966666666666667,1.0,0.9933554817275747,0.00016903313049357674,1.0,0.0023584905660377358,1.0,0.9662921348314607,1.0,0.9347826086956522,0.0029615004935834156,1.0,0.0660377358490566,,,,,,,
B,IsolationForest,F5_+전류시간구조,0.5404904268599926,0.974995783731267,0.8291316526610645,0.9899665551839465,0.7132530120481928,0.010057471264367816,1.0,0.10613207547169812,0.9857185739499637,0.819047619047619,1.0,0.6935483870967742,0.018756169792694965,1.0,0.18867924528301888,0.9931934286794138,0.9364035087719298,0.9976635514018691,0.8822314049586777,0.018756169792694965,1.0,0.18867924528301888
B,Mahalanobis,F5_+전류시간구조,145.5589039989675,1.0,0.8340306834030683,1.0,0.715311004784689,0.010057471264367816,1.0,0.08490566037735849,1.0,0.8431372549019608,1.0,0.7288135593220338,0.01579466929911155,1.0,0.14150943396226415,1.0,0.9469026548672567,1.0,0.8991596638655462,0.01579466929911155,1.0,0.14150943396226415
