source,segment_id,cycle_id,duration_sec,n_samples,AI2_Current_rms,Shape_RMSE,Template_Corr,H1_share,H2_share,H3_share,Shape_Break,Low_Corr
normal,N0000,1,1.7,18,155.49395186163716,0.05154036876110943,0.9986289498776612,0.9983326919393055,0.001087726620755898,0.00013037053586220196,False,False
normal,N0001,1,1.700000000000001,18,148.7467728205239,0.03984053116802252,0.9991807649425805,0.9983872673246061,0.0007746244847558632,0.00014864604709455503,False,False
normal,N0004,1,1.6999999999999957,18,83.82992740443507,0.05695377516488742,0.9983258154810154,0.9937955272346713,0.0018718574982518753,0.0033399354917380835,False,False
normal,N0006,1,1.7000000000000028,18,83.34553111997793,0.0933770830365186,0.9954997266392727,0.9935361205102994,0.0020443502091834743,0.0033899919300809265,False,False
normal,N0010,1,1.7000000000000028,18,157.31333845218617,0.0881587968470232,0.995988658858573,0.9987321726864818,0.0007409362748908915,0.0002103917485053709,False,False
normal,N0012,1,1.6999999999999886,18,139.46223388345433,0.1069011474743996,0.9941017520870485,0.9979987896328484,0.0011305281806002858,0.0004188821251330294,False,False
normal,N0016,1,1.700000000000017,18,117.09330492437681,0.07830496779954746,0.9968352681382774,0.9975436298356211,0.0007642818623905405,0.0008711647596467435,False,False
normal,N0016,2,1.6999999999999886,18,116.54637693861358,0.044992726248251805,0.9989551765598709,0.9978649264120819,0.0006896902170044068,0.0010714895687366339,False,False
normal,N0018,1,1.6999999999999886,18,105.87022823778115,0.05839176691837511,0.9982402072547871,0.9977473869012426,0.0007919188094974687,0.0008961586289636058,False,False
normal,N0022,1,1.6999999999999886,18,103.83641298250191,0.047252955563489525,0.9988475655176852,0.9971305869338949,0.0006444262816046704,0.0016531845619735448,False,False
normal,N0023,1,1.6000000000000227,17,82.65252031696382,0.08944765886381185,0.9958705116509853,0.9968909336880724,2.210558761877765e-05,0.0023590517544555918,False,False
normal,N0027,1,1.700000000000017,18,86.22409206875811,0.05707408860530801,0.9983187346631603,0.9930140304128229,0.0021341495775022376,0.003849612391507301,False,False
normal,N0028,1,1.6999999999999886,18,92.99268093658284,0.03757999081204629,0.9992710938273894,0.9952645040004601,0.0013144047380307265,0.0024987956006657613,False,False
normal,N0036,1,1.6000000000000227,17,147.882941193635,0.12474159919150678,0.9919687914483332,0.9985380286282792,8.700479250004608e-05,0.0007562982917128304,False,False
normal,N0041,1,1.6999999999999886,18,94.21222004952914,0.17750215307514755,0.9837383151760966,0.9954453615084521,0.0010208964585714294,0.0026405208606566813,False,False
normal,N0041,2,1.6999999999999886,18,92.59519374418805,0.10194855112045072,0.9946356092513245,0.99548343052042,0.0008775774773478505,0.0027644098531030012,False,False
normal,N0042,1,1.599999999999966,17,82.32904045116751,0.05055866730051702,0.9986806818894428,0.9965513985246665,3.804250148399679e-05,0.002700733907296503,False,False
normal,N0042,2,1.6999999999999886,18,83.98218825984402,0.05928963532633113,0.998185671815675,0.993049604820982,0.0022811589594036222,0.0036830783350800455,False,False
normal,N0043,1,1.6000000000000227,17,170.69737948759288,0.05302004529187466,0.9985490966695473,0.9991927991951238,4.411068857848321e-05,0.0006489315569297164,False,False
normal,N0043,2,1.6999999999999886,18,176.08797958982814,0.07253541479710797,0.9972844457291417,0.9976337996205942,0.0016111141420836073,5.927186703943298e-05,False,False
normal,N0049,1,1.6000000000000227,17,126.70357884600693,0.06833261462644305,0.9975900148533234,0.9984400480707347,7.960957159051833e-05,0.0012579268105704603,False,False
normal,N0051,1,1.6999999999999886,18,84.75012326952684,0.1243140751081449,0.9920237474735518,0.995811728267024,0.0007828097838718472,0.002556194330775948,False,False
normal,N0051,2,1.6999999999999886,18,83.35041789290891,0.07189187317214997,0.9973324173273805,0.9947378058517932,0.001495625132024222,0.002872111828315816,False,False
normal,N0052,1,1.7000000000000455,18,126.03733756875228,0.0752208166954013,0.9970796535409947,0.9975502453316327,0.0012510933385358083,0.00035368540057572706,False,False
normal,N0053,1,1.6000000000000227,17,169.42227918460696,0.12453430624671714,0.9919954614542705,0.9986021680980933,9.161407500181687e-05,0.0006567862191553655,False,False
normal,N0053,2,1.6999999999999886,18,173.07959510333174,0.06921289173619156,0.9975275228993626,0.9982133083327387,0.0009812773548346701,0.00016671502644670833,False,False
normal,N0054,1,1.599999999999966,17,82.19076413132436,0.05797177860781308,0.9982654311664756,0.9968228431378131,0.0003050180530003853,0.002230962639256849,False,False
normal,N0054,2,1.7000000000000455,18,83.73901347196451,0.06904785808236882,0.9975392997647675,0.9914192716400354,0.0035635848374966296,0.003799734508073247,False,False
normal,N0056,1,1.6999999999999886,18,86.6045177088521,0.058757338261268756,0.9982181033292651,0.9935071614970409,0.001992639023410331,0.003596492293381904,False,False
normal,N0056,2,1.6000000000000227,17,85.01376642215195,0.10814011905735958,0.9939642398194892,0.9965053171421098,7.212799517470571e-05,0.002794880186433512,False,False
normal,N0058,1,1.6999999999999886,18,85.91977879122784,0.1568848820029956,0.9872965851865324,0.9937954645581321,0.002258384707212735,0.0030029512113297543,False,False
normal,N0058,2,1.6999999999999886,18,86.35427384651084,0.0505820992844251,0.9986794587003771,0.9939621469929135,0.0021615846909490686,0.002921229612734316,False,False
normal,N0059,1,1.6999999999999886,18,173.48596801837354,0.10682176204164204,0.9941105089828742,0.9987316236120743,0.0009553265285945189,9.819912158718924e-05,False,False
normal,N0059,2,1.6000000000000227,17,169.52863847145179,0.06006267318519666,0.9981380517625025,0.9991344230826867,7.520862933057839e-05,0.0006552085609660255,False,False
normal,N0060,1,1.7000000000000455,18,113.21864197554383,0.04910815360242534,0.9987552976772957,0.9977462373468928,0.0006881591363213486,0.0011680372248061715,False,False
normal,N0060,2,1.599999999999966,17,107.75646165882767,0.08781053626714233,0.9960202888879882,0.9968188748472396,0.00020330901854572652,0.001978588986200436,False,False
normal,N0061,1,1.599999999999966,17,81.94049914493641,0.06178750633484174,0.9980295762895081,0.996299916646382,6.536491516640206e-05,0.002838058705357362,False,False
normal,N0062,1,1.7000000000000455,18,185.9420528880698,0.11627536062006016,0.9930219563936385,0.998705027719906,0.0009492387083227236,0.0001537007200945096,False,False
normal,N0063,1,1.6999999999999886,18,149.97474903101144,0.050401945238817296,0.9986888484728479,0.9979461274881196,0.0011251763757896044,1.1113559299083027e-05,False,False
normal,N0064,1,1.599999999999966,17,82.88612148414822,0.07420307862998893,0.9971581435467518,0.9967341513345602,7.090287784164728e-05,0.002483681920628419,False,False
normal,N0065,1,1.6000000000000227,17,144.15173414056525,0.09053034877258805,0.9957699385554134,0.998995987734058,0.00010041274204362557,0.0007053257503532194,False,False
normal,N0065,2,1.6999999999999886,18,152.21746482480492,0.05974919443880197,0.9981574367813751,0.9980391160803616,0.0013839449942511513,4.59854121588489e-05,False,False
normal,N0067,1,1.6999999999999886,18,131.53453978847583,0.049360220929577474,0.9987424870140821,0.9979493563084634,0.0011764245618299547,0.0002494073837393342,False,False
normal,N0067,2,1.6999999999999886,18,130.87441293988715,0.06844028376508929,0.9975824142235636,0.9986303691581456,0.0006645133471963602,0.0005131128299773871,False,False
normal,N0068,1,1.6999999999999318,18,172.82957921098216,0.04071464140458151,0.9991444221807986,0.9983309538005819,0.0010258253746205472,0.00011522190139966509,False,False
normal,N0068,2,1.7000000000000455,18,172.6335764814535,0.13747743052558625,0.9902451386302366,0.9987097658407955,0.0008578644485799192,0.0001965092982833085,False,False
normal,N0071,1,1.6000000000000227,17,167.61444637971,0.06300586644001928,0.9979511023453641,0.9983936464907148,8.501416429353434e-05,0.0007009965671328756,False,False
normal,N0071,2,1.6999999999999318,18,170.6306637205633,0.045431507797070704,0.9989346983738243,0.9975083527153111,0.0012430013588005562,7.259351995849678e-05,False,False
normal,N0072,1,1.6999999999999318,18,83.66594283070147,0.06454448973348186,0.9978498110167972,0.9929706615571465,0.0024512055758278066,0.003365965532738886,False,False
normal,N0072,2,1.6000000000000227,17,81.90600537243068,0.1194200823622455,0.9926394033179843,0.9966239037086906,0.00010209546722932794,0.002440477854022769,False,False
normal,N0073,1,1.6999999999999318,18,103.69228751630659,0.11689216850503084,0.9929477269379052,0.9959521032177797,0.001838051621813521,0.0009385970576934106,False,False
normal,N0073,2,1.7000000000000455,18,106.55183475307759,0.03568754252833597,0.9993426577075034,0.9971279480272393,0.0012178149026249654,0.0010816471462628385,False,False
normal,N0074,1,1.6999999999999318,18,183.27025094086486,0.03582025143209358,0.9993377597870152,0.9983911734763095,0.0012031812874072827,2.5196253472066928e-05,False,False
normal,N0075,1,1.6000000000000227,17,109.87025368423966,0.06351934957906621,0.9979175701827366,0.9969015809211811,0.00020097958859385958,0.0019510562253709704,False,False
normal,N0075,2,1.7000000000000455,18,110.19128321169069,0.08642481772683881,0.9961449036804555,0.9973650635894757,0.0006299982501075729,0.00124140149821418,False,False
normal,N0076,1,1.7000000000000455,18,180.76961720115267,0.06271434492232682,0.9979700185501745,0.9984768412095519,0.0010474457550300326,0.00018972275278554096,False,False
normal,N0076,2,1.7000000000000455,18,179.96444196644268,0.17204909178930491,0.9847221212977938,0.9987612764784776,0.0008558811546377837,0.0002368647332259864,False,False
normal,N0078,1,1.7000000000000455,18,107.67481626625954,0.030519158520928253,0.9995192675938965,0.9971307039110955,0.001016438890682106,0.0014019834440384359,False,False
normal,N0078,2,1.6000000000000227,17,105.70049350841586,0.08349858591126723,0.9964015412391325,0.9972061349903742,5.5825031592820104e-05,0.002096545483130199,False,False
normal,N0079,1,1.7000000000000455,18,175.18155346280352,0.14471761268109626,0.9891906129444562,0.9989052886166785,0.0008061699413276255,0.00017648874869220218,False,False
normal,N0084,1,1.6000000000000227,17,173.37945022808154,0.10189884131836784,0.9946408392970187,0.9991074794657131,6.066411346860737e-05,0.0006882885029279625,False,False
normal,N0086,1,1.6000000000000227,17,82.7168122331135,0.0763485500161199,0.9969914316957089,0.9962929828621995,3.75905661423623e-05,0.002977608286774839,False,False
normal,N0089,1,1.7000000000000455,18,178.05947158362383,0.1584644531090624,0.987039492697211,0.9988225346055019,0.0009793638500807085,7.34989801477385e-05,False,False
normal,N0089,2,1.6000000000000227,17,173.83859726157687,0.09722511398130815,0.995121175334876,0.9993416743754647,9.036990001722263e-05,0.000454974315875312,False,False
normal,N0091,1,1.6000000000000227,17,81.87369182052467,0.0477859651954261,0.9988214201446926,0.9966352907354108,9.28881968244117e-05,0.0025704661806238544,False,False
normal,N0094,1,1.599999999999909,17,151.03986220777497,0.06425279873665636,0.9978692014732937,0.9989750812833987,6.185039351276408e-05,0.0007987965082698901,False,False
normal,N0096,1,1.599999999999909,17,81.81106784133387,0.0874955347635018,0.9960487903981673,0.9965071347988553,0.00010227222285730887,0.002614994476257609,False,False
normal,N0100,1,1.6999999999999318,18,94.41507540937799,0.041887493659985876,0.9990944195483275,0.9960709502673348,0.00124720064965554,0.0022017974019414533,False,False
normal,N0100,2,1.6000000000000227,17,91.97331655918634,0.12233925516978138,0.992275151816518,0.9967475026276956,2.5305930520917588e-05,0.00257136823953085,False,False
normal,N0102,1,1.6999999999999318,18,106.79407604016549,0.1268411439600677,0.9916961673284652,0.9975187728855244,0.0006175651407254438,0.001115557181417895,False,False
normal,N0103,1,1.6999999999999318,18,94.67171780678436,0.0883167848499669,0.9959742686522658,0.9955063595256414,0.0014395342171803543,0.0023284184835134867,False,False
normal,N0104,1,1.599999999999909,17,82.17638117890763,0.08359215840940029,0.9963934715109459,0.996204870020411,3.0053243765237984e-05,0.0029345158672149222,False,False
normal,N0107,1,1.6000000000000227,17,103.5439713284845,0.04932330409967991,0.9987443673149372,0.9971063387254867,2.1088187427282226e-05,0.0022050031042277992,False,False
normal,N0107,2,1.7000000000000455,18,108.10621919945073,0.04656623504328698,0.9988808184536224,0.9967972371937243,0.0012003669677159825,0.0013578431892617958,False,False
normal,N0108,1,1.599999999999909,17,178.7679028382667,0.045840117900732204,0.9989154495952758,0.9994108680095898,4.5249068657534485e-05,0.00044683817629288504,False,False
normal,N0108,2,1.7000000000000455,18,183.822866534575,0.0450751080972151,0.9989513469058192,0.9979589680914465,0.0014626557933641472,4.806976586744025e-05,False,False
normal,N0113,1,1.7000000000000455,18,174.8203487959131,0.11403318368883644,0.9932884815575682,0.9986928560758652,0.0009551142681830228,0.00010512840195586952,False,False
normal,N0113,2,1.599999999999909,17,171.93363396850205,0.06651899262030832,0.9977162444494346,0.9991611494139225,7.528721004580823e-05,0.0006349567003572473,False,False
normal,N0126,1,1.7000000000000455,18,83.76079520354945,0.0526894045172274,0.99856713633632,0.9935333155107102,0.001990983638070624,0.003292085217035175,False,False
normal,N0126,2,1.599999999999909,17,82.9906107913648,0.053557716142016557,0.9985195205376263,0.9961079239492153,8.765968863177867e-06,0.002785834615710106,False,False
normal,N0127,1,1.7000000000000455,18,115.12365731263627,0.08542432299165527,0.9962336438923445,0.9981840628244967,0.0006859402627859172,0.0007598752770586095,False,False
normal,N0127,2,1.6000000000000227,17,109.29497391211193,0.05884268638775494,0.998212922972218,0.9976517681077662,0.00011370081935970194,0.0015513640094712816,False,False
normal,N0131,1,1.6000000000000227,17,81.52829104449077,0.045467477311627466,0.9989330108422798,0.9966248078485641,9.696443866371321e-05,0.0025560563180700414,False,False
normal,N0131,2,1.599999999999909,17,83.6030471460756,0.13304551201415626,0.990863944120202,0.9961670968482046,4.728762589792888e-05,0.002710797819163378,False,False
normal,N0133,1,1.6999999999999318,18,187.21964123394793,0.17618722673116477,0.9839783541351129,0.9989053855982574,0.0008534285343463855,0.0001336044145996155,False,False
normal,N0136,1,1.7000000000000455,18,122.72400317292824,0.0997142783075806,0.9948681613943731,0.9976673038940149,0.000902477835835206,0.00038980153269588025,False,False
normal,N0137,1,1.7000000000000455,18,83.99559482790232,0.10082898373712765,0.9947527824715038,0.9937588691492473,0.0020176438732730584,0.003395504930093634,False,False
normal,N0138,1,1.599999999999909,17,88.49692723234921,0.10733891828781814,0.9940533453526715,0.9961899294625387,0.00029943921668793266,0.002730468404394576,False,False
normal,N0138,2,1.7000000000000455,18,89.14234917626091,0.16695685623711204,0.9856131138866685,0.9948015138264164,0.0010404358859320282,0.0031839157498546474,False,False
normal,N0139,1,1.599999999999909,17,86.8229704827571,0.20335278053001374,0.9786568498842386,0.9963153340344034,1.6088304769281205e-05,0.0029068596475452044,True,True
normal,N0145,1,1.599999999999909,17,151.98673635102557,0.0680991916905801,0.9976064516599172,0.9987435688166421,0.00010605664085535856,0.00055491563827662,False,False
normal,N0145,2,1.7000000000000455,18,153.9358835838171,0.0346226305776904,0.999381302426777,0.9980426637613976,0.0011147457350916578,7.759262713283725e-05,False,False
normal,N0146,1,1.699999999999818,18,84.26495137920959,0.08212569898494644,0.9965189004212822,0.9934375269178557,0.0020604591422542073,0.0035788321518742333,False,False
normal,N0152,1,1.7000000000000455,18,82.93738405248651,0.12348807674032854,0.9921293909176643,0.9937245464306615,0.001843340857771201,0.0033911011806928544,False,False
normal,N0152,2,1.7000000000000455,18,83.07224433824805,0.051677163888634824,0.9986216623135108,0.9938548564271703,0.001767874246379676,0.0034163702936108073,False,False
normal,N0154,1,1.699999999999818,18,88.08665427436496,0.1420793399994502,0.9895811412362946,0.9937503373693547,0.002474941521444134,0.0029374915462817026,False,False
normal,N0155,1,1.7000000000000455,18,183.63514294355005,0.12878819228922772,0.9914392782074184,0.9986866836493682,0.0010361697519600255,0.00010290092272331699,False,False
normal,N0158,1,1.599999999999909,17,114.95809555270888,0.11485107850288284,0.9931918605247612,0.9973008590351583,0.00016223096187052523,0.0013222532861906105,False,False
normal,N0158,2,1.7000000000000455,18,114.37328335389229,0.15901312085691516,0.9869495883330808,0.9972092704537132,0.0009847986728929864,0.0005294280901046429,False,False
normal,N0159,1,1.599999999999909,17,84.52251850999204,0.057418022569041584,0.9982984106757478,0.9963894042213254,5.78558014410419e-05,0.0028064302288950274,False,False
normal,N0159,2,1.7000000000000455,18,86.68543341593613,0.08082633398130225,0.9966281825729771,0.9932545821517318,0.002013015236502685,0.0038111270546113503,False,False
normal,N0160,1,1.599999999999909,17,172.6346782658899,0.04889166439744774,0.9987662478206177,0.9992593272302046,7.502369488224265e-05,0.0005606085880354014,False,False
normal,N0164,1,1.6000000000001364,17,82.19823872739043,0.05050083408222644,0.9986836984552258,0.9970143105195686,0.00012726597269860015,0.0022495577400853325,False,False
normal,N0166,1,1.7000000000000455,18,138.38377586975653,0.05837442929243657,0.9982412521315003,0.9980998095135144,0.0009149720712574568,0.0004597625719259399,False,False
normal,N0169,1,1.7000000000000455,18,84.29451519031232,0.055933411393974744,0.9983852663173327,0.9934976294002378,0.0018865048793314909,0.003725248376598998,False,False
normal,N0170,1,1.7000000000000455,18,171.52103740617423,0.12845567620310214,0.9914834267102989,0.9985301286720514,0.001162027949480555,8.688812398561851e-05,False,False
normal,N0175,1,1.7000000000000455,18,138.8890084321406,0.1027549476536655,0.9945504107007445,0.9985141479269992,0.0009433105596739255,0.000317842683870997,False,False
normal,N0175,2,1.599999999999909,17,137.69177778062402,0.06297096191020876,0.997953371848311,0.9989532273519598,3.888371208808887e-05,0.0008372315694956646,False,False
normal,N0176,1,1.699999999999818,18,161.1649900767106,0.040468027682581294,0.9991547554763778,0.9980649121034667,0.001182337036942262,2.7207792173571734e-05,False,False
normal,N0177,1,1.599999999999909,17,83.02578665001707,0.049240970528733746,0.998748555778781,0.9964166736095618,2.955743418758411e-05,0.0028007145112607878,False,False
normal,N0184,1,1.7000000000000455,18,84.9329818878325,0.08658169797933779,0.9961308952645237,0.9944343732214768,0.001347666845612269,0.0033006587075016954,False,False
normal,N0189,1,1.7000000000000455,18,137.60071526780325,0.0657632217645125,0.9977678444713041,0.9977154581234989,0.0009590193857096457,0.00012674797037399928,False,False
normal,N0193,1,1.6000000000001364,17,174.193871186314,0.11646919278527292,0.992998672068102,0.9992053035014027,4.271524261043502e-05,0.0006328052253342645,False,False
normal,N0193,2,1.699999999999818,18,180.04133252475617,0.06954941382181397,0.9975034214384737,0.9984279109466767,0.001180873690567987,5.9153198594467186e-05,False,False
normal,N0198,1,1.699999999999818,18,168.06490549132815,0.1415073315363329,0.9896648645788212,0.9985133907433053,0.0010738027464690385,9.621258238317513e-05,False,False
normal,N0199,1,1.6000000000001364,17,126.42288142598854,0.061390887755821785,0.9980547916906077,0.9981245015764084,0.00014829815557933178,0.0010175141018430591,False,False
normal,N0199,2,1.7000000000000455,18,127.38836566229715,0.07455090981254328,0.997131438372192,0.9982324052037284,0.0008461236323763332,0.0002162344323443823,False,False
normal,N0203,1,1.7000000000000455,18,95.02654449585071,0.11059228253183748,0.9936874049261414,0.9955026026943394,0.0014867877925110295,0.002213728443478319,False,False
normal,N0203,2,1.7000000000000455,18,97.98785751280369,0.06071380407477114,0.9980974627069782,0.9956634435594375,0.0016591827102396027,0.0021654233553409083,False,False
normal,N0204,1,1.6000000000001364,17,174.79937640618738,0.0894324246657066,0.9958719181514386,0.9991935731202066,8.3987153716533e-05,0.0005994244704485096,False,False
normal,N0205,1,1.599999999999909,17,95.22230793333772,0.1360705849951658,0.9904437656253282,0.9964162194872468,0.0002098212452679059,0.00250476783288823,False,False
normal,N0210,1,1.599999999999909,17,82.85581134722516,0.06173672991800257,0.9980328135117582,0.9966982725335831,4.383090734381467e-05,0.002521204020918667,False,False
normal,N0212,1,1.7000000000000455,18,182.9475876252492,0.16414717877842191,0.986093266425334,0.9987897119470384,0.0008210923744444076,0.0002447069359610024,False,False
normal,N0216,1,1.699999999999818,18,183.22130355214568,0.11757905445326536,0.992864601782646,0.998648917216966,0.001018774838288272,0.0001255808727632715,False,False
normal,N0217,1,1.7000000000000455,18,101.36834502480232,0.06514179305356937,0.9978098306052988,0.9972669939489088,0.0006724423221931935,0.0015342618393165575,False,False
normal,N0221,1,1.6000000000001364,17,179.20925732763533,0.10970792536958725,0.9937879592831491,0.9994205571723878,7.117531042205293e-05,0.00041185365711639326,False,False
normal,N0222,1,1.7000000000000455,18,115.17556126639296,0.14804532407994897,0.9886877842673873,0.9969231679924074,0.0011254283352041033,0.0007428345243348228,False,False
normal,N0222,2,1.699999999999818,18,115.18807673350094,0.041938624211018447,0.9990922073802769,0.9978470525452208,0.0007025406565802086,0.0010298390808985887,False,False
normal,N0227,1,1.7000000000000455,18,176.83632608087947,0.04311874684746851,0.9990403993137051,0.9980446521368697,0.0012774783021153612,2.0096732487204018e-05,False,False
normal,N0228,1,1.7000000000000455,18,173.32609396168394,0.06093775777589123,0.9980834011237403,0.9977788450427983,0.0015060109381613868,7.420837404366981e-06,False,False
normal,N0228,2,1.7000000000000455,18,176.05870096009966,0.08185540101486591,0.9965417771998429,0.9984831970637582,0.0011580460678740868,4.323293747885298e-05,False,False
normal,N0229,1,1.7000000000000455,18,139.92173370795277,0.14289049727830744,0.9894618352451912,0.9983396465726121,0.0005186073759626593,0.00042524233588773044,False,False
normal,N0233,1,1.699999999999818,18,83.15650476058131,0.09809760254260924,0.9950332182582667,0.9939611499175537,0.0017327563633144454,0.0035005974844258833,False,False
normal,N0233,2,1.6000000000001364,17,81.2123533025827,0.04786679859891999,0.9988174294667824,0.9967317338196118,0.00011819063846609892,0.002531552330246151,False,False
normal,N0235,1,1.7000000000000455,18,179.04561452494062,0.1456257133356189,0.9890545298660607,0.9986035904015518,0.0011159588880392188,6.144070662607902e-05,False,False
normal,N0235,2,1.599999999999909,17,175.18781047198445,0.09197061773064445,0.995634273793158,0.9992300514036494,6.0198024315500604e-05,0.00044471569349194935,False,False
normal,N0241,1,1.7000000000000455,18,176.3296827720749,0.1264953076916751,0.9917413869068328,0.9986479808549423,0.0010113974056054913,0.00012960941525262895,False,False
normal,N0245,1,1.599999999999909,17,82.16475198958369,0.06421824082113545,0.9978714929268846,0.99672923078157,3.664277338824704e-05,0.002539273422912778,False,False
normal,N0245,2,1.7000000000000455,18,83.66916622477675,0.09901562294559689,0.9949398226646173,0.9930150222983679,0.0021615062547773053,0.003744248872867483,False,False
normal,N0246,1,1.7000000000000455,18,113.60722380939082,0.10738153301567419,0.9940486226411375,0.9971162320064156,0.0009361349611770543,0.0009335037634889891,False,False
normal,N0253,1,1.7000000000000455,18,150.23916510178495,0.0995945891704344,0.9948804737073408,0.9985546467614707,0.0010656199515656503,8.012201739322662e-05,False,False
normal,N0257,1,1.7000000000000455,18,83.62486502249278,0.05550225793422692,0.9984100641879757,0.9931978599933755,0.002399904062696509,0.0034551466060434213,False,False
normal,N0258,1,1.7000000000000455,18,142.49139226204693,0.05700642288076188,0.998322718838885,0.9977954290349,0.0012916839904462902,0.00017393924469353525,False,False
normal,N0259,1,1.7000000000000455,18,182.36612915191287,0.044802694374640045,0.9989639837815603,0.9986726195872572,0.0008515715584169218,0.00017430820525995278,False,False
normal,N0264,1,1.7000000000000455,18,162.75851813374055,0.05033031553301389,0.9986925725617275,0.998032598059862,0.0012164449818603334,3.602632624999323e-05,False,False
normal,N0264,2,1.699999999999818,18,166.11841433113707,0.16109806565851975,0.9866051165115268,0.9984774034297731,0.0010094422398234197,0.00011641005477969345,False,False
normal,N0266,1,1.7000000000000455,18,82.61751740735276,0.054501720137367815,0.998466870968809,0.9937080591991699,0.0020582195846788123,0.0032829958281865683,False,False
normal,N0271,1,1.6000000000003638,17,149.35862825869523,0.059345491385480946,0.998182251691466,0.9981841166863631,0.00011302581775289453,0.0010647133279090728,False,False
normal,N0271,2,1.699999999999818,18,149.74169998993202,0.06847376289403935,0.9975800484103904,0.9978431446446334,0.0011814069499303836,0.00014405471361201048,False,False
normal,N0272,1,1.699999999999818,18,84.53483058423255,0.09263498025920433,0.995570973126388,0.9937973236215085,0.00193066544214397,0.0033058770701963956,False,False
normal,N0274,1,1.699999999999818,18,84.74435993431166,0.11575406962021588,0.9930843847052171,0.9943700500434401,0.0015506685399737812,0.003130130488731565,False,False
normal,N0274,2,1.7000000000002728,18,83.77930157183086,0.05762384135377972,0.9982861898878114,0.9948177195000206,0.0013309587352379124,0.0029819766183095827,False,False
normal,N0275,1,1.699999999999818,18,117.84381135286895,0.038396784428058356,0.9992390642299795,0.9982213724198913,0.0007364928594501819,0.0005307582651569065,False,False
normal,N0275,2,1.699999999999818,18,117.33801714264236,0.10643191343140668,0.9941534182210733,0.9982381059199146,0.0008178148464885089,0.0006010283102438707,False,False
normal,N0276,1,1.699999999999818,18,181.77100623374233,0.03522406854929674,0.9993596206424954,0.9975517304608922,0.0016156623724138878,6.205333099060436e-05,False,False
normal,N0280,1,1.6000000000003638,17,185.68133678177634,0.09096441854826498,0.9957292771913163,0.9992449733510596,6.919043884770231e-05,0.000564014211332519,False,False
normal,N0280,2,1.699999999999818,18,193.62558393439727,0.048403207617815754,0.9987907765121585,0.9984669986602017,0.0011109482633352337,0.00012129360701638062,False,False
normal,N0281,1,1.599999999999909,17,82.7197010997651,0.0745413306596171,0.997132175495997,0.9961507539608634,9.283010567074913e-05,0.002753905078657201,False,False
normal,N0285,1,1.7000000000002728,18,91.06660188786609,0.06924456726459802,0.9975252593054651,0.9947170534184405,0.0020822998564282266,0.0024197760153113674,False,False
normal,N0285,2,1.599999999999909,17,90.44263676849772,0.11453258958468228,0.9932295669280139,0.9968774346341283,2.6528158703921604e-05,0.002223723824448566,False,False
normal,N0287,1,1.599999999999909,17,93.17648070924567,0.19238883589476524,0.980896276553836,0.9959459977585207,0.0002058344268040296,0.002867549428549903,True,True
normal,N0287,2,1.7000000000002728,18,93.22652732673535,0.25056490655982216,0.9675959884390544,0.9951259941437015,0.0011816294093166888,0.0026642180539520497,True,True
normal,N0293,1,1.699999999999818,18,109.23114823608702,0.029534189125006608,0.999549796992376,0.9975575459373859,0.0007302603411422121,0.0011392618596069851,False,False
normal,N0293,2,1.599999999999909,17,105.10891562998899,0.09520305429754036,0.9953220017818942,0.9971689776506005,0.00013444341818013615,0.001684528615214804,False,False
normal,N0294,1,1.699999999999818,18,83.41221306538552,0.05559990025697197,0.99840446507944,0.9932475270221869,0.002146522663723192,0.0036354465431552383,False,False
normal,N0298,1,1.699999999999818,18,150.5102199477658,0.04689061016170223,0.9988651719631808,0.9981472286171521,0.0009373255504395155,0.00010910424667129745,False,False
normal,N0300,1,1.699999999999818,18,149.41625640126568,0.0340762089859369,0.9994006771515597,0.9982211344727268,0.0010999190668295271,0.00015426703807752687,False,False
normal,N0303,1,1.599999999999909,17,179.39030553036199,0.10993762309402148,0.9937619194985482,0.9990836155925379,9.28814361911739e-05,0.000646359270510767,False,False
normal,N0303,2,1.7000000000002728,18,190.88059320339383,0.0800158802577219,0.9966954626614616,0.9980244770986441,0.0013168419104308273,0.0002645766362015675,False,False
normal,N0306,1,1.599999999999909,17,80.22073945096838,0.07791926371776974,0.9968663681763517,0.9969835855289785,7.469379225561442e-05,0.0023868168832349864,False,False
normal,N0309,1,1.7000000000002728,18,97.55659814785712,0.06403184435522252,0.9978838311785643,0.9958950584256863,0.001304120396795397,0.002077625973850711,False,False
normal,N0310,1,1.7000000000002728,18,189.32900116973644,0.041821033814041064,0.9990972909061807,0.998479833196854,0.0011283568358361488,3.858816196725297e-05,False,False
normal,N0322,1,1.7000000000002728,18,181.1975671583891,0.09419091685232456,0.9954209399651709,0.9983937603112818,0.0010072725407175003,0.00018484482252949453,False,False
normal,N0324,1,1.699999999999818,18,98.09517052144109,0.12326821963965882,0.9921573914977387,0.9956541966376297,0.0017412147715403655,0.001614807800812642,False,False
normal,N0324,2,1.699999999999818,18,99.39238605784935,0.025420477078286364,0.9996664770813483,0.9970427961123777,0.0010066998892405271,0.0015453586368089852,False,False
normal,N0328,1,1.6000000000003638,17,153.17240605606887,0.07577294077516412,0.997036625262598,0.9989627784919182,8.298770017904377e-05,0.000715921889942544,False,False
normal,N0328,2,1.699999999999818,18,159.33692186385028,0.041229836626213115,0.9991226325531746,0.9978527812437487,0.0013596944352997663,5.117793955497213e-05,False,False
normal,N0329,1,1.699999999999818,18,149.95052038391873,0.0437190939834936,0.9990134920367805,0.9978639533175948,0.0011109014966795322,0.00013653099739143094,False,False
normal,N0330,1,1.699999999999818,18,83.76954723907507,0.057975042229255674,0.9982652358598794,0.9935233481684098,0.0022425062819828308,0.0033005100341957777,False,False
normal,N0334,1,1.7000000000002728,18,190.96747013932253,0.14725047028548977,0.9888089285164917,0.9988743907412334,0.0009579856992419479,7.281582318590928e-05,False,False
normal,N0335,1,1.699999999999818,18,90.92654046812552,0.18418614058980007,0.982490562897876,0.9953915281541171,0.0010674804262617093,0.0026597447834978347,False,False
normal,N0336,1,1.699999999999818,18,110.36868780275667,0.0906743270698222,0.995756472986031,0.9975522032968189,0.0011658900310355736,0.0008447254985478173,False,False
normal,N0341,1,1.7000000000002728,18,88.0937715345568,0.045107719191766274,0.9989498289906149,0.9943358255280191,0.0020450958701746405,0.002868516305029173,False,False
normal,N0347,1,1.699999999999818,18,108.9136267119356,0.030231261919077546,0.9995282946078865,0.9973562651430864,0.0010733902143737763,0.0009317414010883272,False,False
normal,N0348,1,1.599999999999909,17,181.45560088229766,0.11658142303227442,0.9929851725438813,0.9992447004049102,5.956656658016693e-05,0.0005890670991700378,False,False
normal,N0348,2,1.7000000000002728,18,186.92242429885613,0.06607057076656511,0.9977469314470092,0.9984505404044958,0.0011878503119106092,3.657534770784963e-05,False,False
normal,N0353,1,1.599999999999909,17,85.09501987683558,0.12224459952690046,0.9922871008446491,0.9963680850357987,3.579042024058174e-05,0.002734079653941731,False,False
normal,N0353,2,1.699999999999818,18,88.10187052149695,0.12443181906645888,0.9920086309180968,0.9942220558108936,0.0019562789723302195,0.002858231815370908,False,False
normal,N0354,1,1.7000000000002728,18,184.44056687875587,0.18409606284601238,0.9825076849778567,0.9988789751493429,0.0009005825068386281,9.486184335832558e-05,False,False
normal,N0354,2,1.599999999999909,17,179.45955878207494,0.12068598937595014,0.9924825248868894,0.9991342085667358,8.875786982912487e-05,0.0006770179328642025,False,False
normal,N0359,1,1.7000000000002728,18,148.80800484458547,0.03588563664594475,0.999335339913556,0.997836230268471,0.001478569642890929,4.876330568438182e-05,False,False
normal,N0360,1,1.699999999999818,18,84.35399716568361,0.06101099286593634,0.9980787916126518,0.99352641873593,0.002117391611522276,0.003408555113520583,False,False
normal,N0361,1,1.699999999999818,18,183.69865031396344,0.03607683709235846,0.9993282383615028,0.9983155609683441,0.0012584523747916055,7.23003354432812e-06,False,False
normal,N0362,1,1.599999999999909,17,146.76617283154792,0.06191138025015783,0.9980216676105914,0.9982708278458355,0.00011830107287962815,0.0007837455270333274,False,False
normal,N0365,1,1.7000000000002728,18,83.52288543311629,0.11603584672986075,0.9930506747219018,0.9944083970934307,0.0016672770016958392,0.0031154340229637336,False,False
normal,N0365,2,1.599999999999909,17,81.44562710514276,0.04799633336532754,0.9988110203785728,0.9969256096975994,0.00014772504345152233,0.002290934840095882,False,False
normal,N0367,1,1.699999999999818,18,164.83812004917414,0.12481712505349576,0.9919590633772282,0.9984236470358729,0.0008513846074662239,0.00031448068079835363,False,False
normal,N0372,1,1.599999999999909,17,157.88530145202063,0.13360596692410964,0.9907868106334315,0.9988937152686388,6.477302995070211e-05,0.000504845414964162,False,False
normal,N0372,2,1.7000000000002728,18,165.73345550078537,0.09377899176725876,0.9954609035887051,0.9980642009449577,0.0012198112358029647,9.478019666196191e-05,False,False
normal,N0373,1,1.699999999999818,18,147.6148695288132,0.04470514671217622,0.9989684902490026,0.9983166254475562,0.0009077008056515177,2.6395201917191304e-05,False,False
normal,N0377,1,1.7000000000002728,18,83.23428270766945,0.09587911705200483,0.9952553264068787,0.9933176630029659,0.002208606843477108,0.003452389546243421,False,False
normal,N0377,2,1.699999999999818,18,83.6411833803944,0.08000979024530352,0.9966959656593046,0.9933792282341319,0.002216608351819592,0.003492858948876548,False,False
normal,N0378,1,1.699999999999818,18,109.80782952745139,0.06254400486888083,0.9979810309444965,0.9972566444147396,0.0009979749692359602,0.0011777291209122522,False,False
normal,N0378,2,1.599999999999909,17,108.92387452565833,0.05379177710472012,0.9985065521114407,0.9974741689978656,3.164614101522296e-05,0.0018001299637593852,False,False
normal,N0379,1,1.599999999999909,17,183.41805592321538,0.07194870852833933,0.997328197853473,0.9991557622264756,9.733023877056993e-05,0.0006158549213783533,False,False
normal,N0383,1,1.699999999999818,18,183.07682992322313,0.16690002854235475,0.985622906050354,0.9988866702497192,0.0008835867186405482,7.614878180087225e-05,False,False
normal,N0383,2,1.599999999999909,17,178.67659602319438,0.10740473710016533,0.9940460502959715,0.9992282613052847,7.634253598201776e-05,0.0005902849979246979,False,False
normal,N0384,1,1.599999999999909,17,99.54669542072946,0.13800814538793332,0.9901696783517846,0.9961874327129018,0.00027729813904809816,0.0024673817790419913,False,False
normal,N0384,2,1.7000000000002728,18,99.85063383983483,0.19172623844591996,0.9810276384471631,0.9962048881577622,0.0008952736517660518,0.0020040195408932626,True,True
normal,N0385,1,1.599999999999909,17,83.27206397267042,0.04504724775230795,0.9989526428231962,0.9968011056143586,5.152651348277975e-05,0.002406312190507037,False,False
normal,N0390,1,1.6000000000003638,17,142.46665660068044,0.06250141714802981,0.9979837795378002,0.9982064189796087,6.27064666922776e-05,0.0009610463589350156,False,False
normal,N0390,2,1.699999999999818,18,143.81495790373108,0.05313459503090373,0.9985428205475624,0.9978859880803638,0.0009947307235606431,0.00025409783469470133,False,False
normal,N0395,1,1.7000000000002728,18,143.24857175717347,0.12322966410184844,0.9921622967150173,0.9986873747241886,0.0005064567327939846,0.0002463457208567615,False,False
normal,N0395,2,1.599999999999909,17,135.54342947200965,0.07242320298311503,0.9972928411198276,0.9977177751221176,0.00013470073584847094,0.0008005756731602237,False,False
normal,N0396,1,1.6000000000003638,17,82.8090663859077,0.06856911989459996,0.9975733036370993,0.9965403727607262,3.244227439651819e-05,0.002689497664185688,False,False
normal,N0400,1,1.699999999999818,18,180.70243780942528,0.07252165347862645,0.997285476013794,0.9987112203493997,0.0009676328073639752,6.905713750819552e-05,False,False
normal,N0401,1,1.599999999999909,17,135.05162442968194,0.07483371238779545,0.997109633801425,0.9976363504534653,8.947722028677825e-05,0.001065665462774297,False,False
normal,N0402,1,1.7000000000002728,18,86.27849851469634,0.12195426693116587,0.9923236938205326,0.9928870593659312,0.002218494490759071,0.0038688750943178213,False,False
normal,N0405,1,1.7000000000002728,18,179.35700442447717,0.03995495154987949,0.9991760525660113,0.9982074615797024,0.001346773681750284,4.835036697410991e-05,False,False
normal,N0405,2,1.699999999999818,18,180.90704001407929,0.14863702256225286,0.9885971796252015,0.9987656402993331,0.001013376231897265,8.590783006989496e-05,False,False
normal,N0406,1,1.599999999999909,17,131.6940089298036,0.09236883519171905,0.9955963862117807,0.9982019180770406,0.00016330132742154878,0.0010699961224238039,False,False
normal,N0407,1,1.7000000000002728,18,83.61628760091075,0.07457287404751688,0.9971297478484096,0.9933684101565408,0.002169672958622785,0.003474927554331737,False,False
normal,N0410,1,1.699999999999818,18,160.9200880163688,0.14512596024856897,0.9891295255029318,0.9984667014566443,0.0009528588876843429,0.000213994249147152,False,False
normal,N0410,2,1.6000000000003638,17,158.9631998534477,0.09548845400841988,0.9952939123360423,0.9987555533885756,4.3001325997728646e-05,0.000735521750589731,False,False
normal,N0411,1,1.6000000000003638,17,159.7253235598656,0.06227876649741513,0.9979981188353861,0.998476712680619,0.00010171975602934702,0.0008354836461837555,False,False
normal,N0412,1,1.599999999999909,17,82.26862601405416,0.04939038102580942,0.9987409498127098,0.9967136909582467,8.346298615330442e-05,0.002413109976912281,False,False
normal,N0417,1,1.6000000000003638,17,135.96013256662036,0.09377367385586155,0.9954614183698447,0.9981910333245505,8.775905464180077e-05,0.0010593082398108343,False,False
normal,N0418,1,1.599999999999909,17,82.0258668143387,0.0540859728257037,0.9984901716353535,0.9969801914602869,5.513808437227518e-05,0.0022245132654138693,False,False
normal,N0422,1,1.7000000000002728,18,186.43565407388124,0.03652151955026425,0.9993115760566399,0.9989188169762604,0.0008927790216996076,3.7126962584435205e-05,False,False
normal,N0422,2,1.699999999999818,18,181.39480432379492,0.12452246075368145,0.9919969841382443,0.99892018584397,0.0009189253217821029,3.744822827459685e-05,False,False
normal,N0423,1,1.7000000000002728,18,106.15910634858265,0.0394643609145144,0.9991961621768306,0.9970160696879166,0.0008276650608590979,0.0015857901542515188,False,False
normal,N0423,2,1.599999999999909,17,101.38830610542371,0.14146500912582605,0.9896710457770476,0.996295557946586,0.00012865213301944224,0.0024115410830029384,False,False
normal,N0424,1,1.7000000000002728,18,96.69613865120873,0.03930681503019737,0.9992025673766101,0.9963771438892486,0.001248669523413534,0.0017798280634487844,False,False
normal,N0427,1,1.7000000000002728,18,179.2591400208635,0.059616187431059245,0.9981656310689988,0.9978587247594043,0.0014134410870664952,1.6717113487626546e-05,False,False
normal,N0428,1,1.699999999999818,18,129.56370213430043,0.03363517140916157,0.9994160904486588,0.998124591762172,0.000845401877230933,0.0006676073933608189,False,False
normal,N0428,2,1.599999999999909,17,122.83593482811538,0.09973150607714242,0.9948663879719147,0.9973913481820338,0.00015924366412132794,0.0016127019431531671,False,False
normal,N0429,1,1.7000000000002728,18,84.47359248760739,0.11785712886457207,0.9928308114455741,0.9933578432522443,0.0018334882017418824,0.003844360596095913,False,False
normal,N0438,1,1.599999999999909,17,133.19239017161036,0.06075209322666467,0.998095062280557,0.9977495298538057,0.00013114861212401528,0.0015185584044591265,False,False
normal,N0438,2,1.7000000000002728,18,133.2981090358603,0.06697511997144284,0.9976848171895798,0.998165668334504,0.000731946512840831,0.0004957372196323462,False,False
normal,N0440,1,1.6000000000003638,17,177.8814011246419,0.08189042416080097,0.9965388172545878,0.9990635153349829,6.545777875423918e-05,0.0007532342510929197,False,False
normal,N0444,1,1.599999999999909,17,174.82099535077094,0.06672835655305843,0.9977018459002469,0.9991243868864189,5.367599729833889e-05,0.0006864687266346448,False,False
normal,N0445,1,1.7000000000002728,18,144.0223972543708,0.08073906824982238,0.9966354595396906,0.9981715248900968,0.0006425865860493285,0.00037885897161005395,False,False
normal,N0446,1,1.699999999999818,18,84.75476053548948,0.07313457382607562,0.9972393982509826,0.993275265197905,0.002164436335429616,0.0035923211348080093,False,False
normal,N0449,1,1.599999999999909,17,134.28609190730313,0.11263264659760563,0.9934523287331195,0.9988238844871891,7.673192518544359e-05,0.0008299905002919855,False,False
normal,N0449,2,1.7000000000002728,18,140.43769398437823,0.06496039023795025,0.9978220117161978,0.9984731922874501,0.0009501315323273555,0.00019449836237569952,False,False
normal,N0450,1,1.7000000000002728,18,172.4692303096872,0.14824589859565782,0.988657111509453,0.9987394746400629,0.0008370332401579863,0.00017274029538556941,False,False
normal,N0451,1,1.7000000000002728,18,83.83420146623999,0.08704501164326156,0.9960893759731738,0.9936404135467926,0.0018234384116743243,0.0035422734696913976,False,False
normal,N0454,1,1.699999999999818,18,97.38537056316572,0.03642697989093248,0.9993151355540777,0.9954660580016456,0.0014939173141198278,0.002462657256231387,False,False
normal,N0454,2,1.6000000000003638,17,96.96272792186271,0.057304656224241884,0.9983051232903335,0.9966400517074937,9.419813374678193e-06,0.0025841979144860237,False,False
normal,N0456,1,1.699999999999818,18,93.6482166017323,0.09371025897853755,0.9954675547675744,0.9950310671711616,0.0012011478849632978,0.0027608795066644365,False,False
normal,N0461,1,1.699999999999818,18,91.84646067597399,0.16380624820356476,0.9861509744771468,0.9949875207176516,0.001019032068728904,0.0031136071899970905,False,False
normal,N0461,2,1.7000000000002728,18,90.33521547279376,0.08735508685352075,0.9960614651875168,0.9947707303568819,0.0010977499513366194,0.0032042609306426576,False,False
normal,N0467,1,1.699999999999818,18,170.6079056991184,0.03951740557274928,0.9991939998228639,0.9983047749391012,0.001203663015632342,7.716633048586891e-05,False,False
normal,N0467,2,1.7000000000002728,18,172.8785635443642,0.15445793192668375,0.9876865792335133,0.9986894951231876,0.001020314926650363,0.00012505908977366188,False,False
normal,N0468,1,1.699999999999818,18,133.15130993486557,0.06452367586539727,0.9978511975498408,0.9980359131841338,0.000547010405189421,0.000491877191574205,False,False
normal,N0469,1,1.699999999999818,18,184.2391906440776,0.1356906057691471,0.9904970629708396,0.998680020446933,0.0010210119166085142,0.00010944966600152792,False,False
normal,N0472,1,1.7000000000002728,18,88.05061426986967,0.07751018206875603,0.9968991853809903,0.9929132372296322,0.0020447030181934564,0.0047022522996924675,False,False
normal,N0472,2,1.699999999999818,18,88.02772944878734,0.07815688145981199,0.9968472267770206,0.9932270800004022,0.0018779801106013822,0.004625423841760498,False,False
normal,N0473,1,1.699999999999818,18,88.5022653039302,0.09108365809374612,0.9957180734081349,0.9926056166162339,0.0020022529214105632,0.005012610641407771,False,False
normal,N0474,1,1.699999999999818,18,88.31012714996938,0.05884308683640564,0.9982128986485487,0.9928496234659254,0.0020011805334819973,0.004811344020501804,False,False
normal,N0477,1,1.599999999999909,17,86.12049969486922,0.0815318461455792,0.996569062226629,0.9963586413356582,8.192805966670638e-05,0.0033964715513382492,False,False
normal,N0477,2,1.7000000000002728,18,87.73713892085414,0.11826709404613746,0.9927808487565846,0.9928963081126461,0.0020935010310694983,0.004554023695665081,False,False
normal,N0478,1,1.7000000000002728,18,87.54226894403679,0.08231856162403718,0.9965025313094967,0.9933776235926748,0.001895963519099793,0.004444961781284139,False,False
normal,N0478,2,1.599999999999909,17,85.51504418265574,0.05235677298138495,0.9985851707473424,0.9963257205699757,8.957655316281007e-05,0.0034390998208280207,False,False
normal,N0480,1,1.7000000000002728,18,87.47101688532966,0.057808482220982525,0.9982751893591257,0.9930808672340153,0.0019416380850979854,0.004670201734234104,False,False
normal,N0480,2,1.599999999999909,17,85.66984370102439,0.07893617639134212,0.9967840413195945,0.9961028304069336,5.957704534701217e-05,0.003684262885257259,False,False
normal,N0481,1,1.699999999999818,18,88.50437568156447,0.05578963308183877,0.9983935570790162,0.9932920910744971,0.0019325622035539477,0.004462438808922326,False,False
normal,N0483,1,1.699999999999818,18,88.17174419606646,0.05710675196286994,0.9983168097446458,0.9930610242096511,0.0019996843560701125,0.004613762988646965,False,False
normal,N0483,2,1.6000000000003638,17,86.3419391690846,0.10489623420715924,0.9943209187350488,0.9961704003683266,6.47477070085361e-05,0.0036064801163700707,False,False
normal,N0484,1,1.699999999999818,18,88.44223065444896,0.0623777029624356,0.9979917533796802,0.9925678935917126,0.0020658035915528633,0.0050224050852739795,False,False
normal,N0484,2,1.6000000000003638,17,86.52865151484565,0.07648101537880125,0.9969809828576144,0.9958082134240793,7.003011514966509e-05,0.003948535857541601,False,False
normal,N0485,1,1.699999999999818,18,88.31253262038932,0.0703490939536319,0.9974456799896275,0.9927436473526894,0.0020306133374153597,0.004880284493594536,False,False
normal,N0486,1,1.699999999999818,18,88.40504248692041,0.09871382164404004,0.9949706226665441,0.992991719911164,0.0018397961473354903,0.004850202731673171,False,False
normal,N0486,2,1.6000000000003638,17,86.49555673624535,0.05105506915256705,0.9986546476974589,0.9957723617291458,8.415911288294476e-05,0.0039702160410372955,False,False
normal,N0491,1,1.699999999999818,18,87.15031422289411,0.053803684531846044,0.9985058908546054,0.9934632104506412,0.0017997795473294075,0.004399413287675533,False,False
normal,N0492,1,1.599999999999909,17,85.98507705078237,0.05700344895591879,0.9983228938359381,0.9960044704975464,5.415453064517952e-05,0.003775099185969112,False,False
normal,N0493,1,1.7000000000002728,18,87.3263460744447,0.10584740953762224,0.9942174585260258,0.993124876762263,0.0020374117152370734,0.004406128001666916,False,False
normal,N0497,1,1.699999999999818,18,88.97856949416091,0.07094610839518359,0.9974021417824922,0.9929335182204931,0.0019242457164567357,0.004847481883178301,False,False
normal,N0498,1,1.6000000000003638,17,86.80202458263508,0.08704614358900911,0.9960892742638873,0.9963689499461582,6.288214137441058e-05,0.003418039862801713,False,False
normal,N0498,2,1.699999999999818,18,88.18935215160077,0.13355404072640664,0.9907939706867869,0.9934286411320606,0.0018441681495979174,0.004278129281601644,False,False
normal,N0504,1,1.699999999999818,18,88.49338600761718,0.09031202080943633,0.9957903168502278,0.9931089548423557,0.0018003449112543916,0.004808993411715575,False,False
normal,N0505,1,1.699999999999818,18,89.11122207454112,0.057943122108434816,0.9982671456001687,0.9924516814314004,0.0020711821364544167,0.005154568447610038,False,False
normal,N0506,1,1.699999999999818,18,87.95245361556381,0.11464464420948851,0.9932163125440411,0.9925598366832399,0.0022061603448230217,0.004830453333732001,False,False
normal,N0509,1,1.699999999999818,18,89.40259934482908,0.07949048042592598,0.9967387166563385,0.99302126838712,0.0019835287829823287,0.004721807232509139,False,False
normal,N0510,1,1.699999999999818,18,88.90289846982913,0.05924355064944836,0.9981884912033271,0.9927342934813063,0.0019782671091495615,0.00501232688382601,False,False
normal,N0514,1,1.599999999999909,17,86.55535755627966,0.09287529432040942,0.9955479637186565,0.9959573584363328,8.556485925924234e-05,0.0038101729105958788,False,False
normal,N0516,1,1.699999999999818,18,88.52893154428226,0.06691820417258337,0.9976887504259698,0.9928296617582959,0.0020101112602253965,0.004830278728406697,False,False
normal,N0519,1,1.699999999999818,18,88.04025696609904,0.09846995501086453,0.9949954415278237,0.9932909495242932,0.001853171276568793,0.00458686121346517,False,False
normal,N0520,1,1.599999999999909,17,86.70255942229986,0.05754708212052981,0.9982907526913097,0.995900253697795,7.876835548924191e-05,0.0038800127788469014,False,False
normal,N0521,1,1.7000000000002728,18,88.71345197492067,0.056612929736425004,0.998345794160856,0.9930791164640208,0.0019394249836498154,0.004682350400429373,False,False
normal,N0525,1,1.599999999999909,17,86.82472925291965,0.050234238236049875,0.99869755938521,0.9959051943672392,7.284329231115997e-05,0.0038760331251860795,False,False
normal,N0525,2,1.699999999999818,18,88.54127233944989,0.07360018779497304,0.9972041354098294,0.9925784642455483,0.002051644800482918,0.005015317945721178,False,False
normal,N0526,1,1.7000000000002728,18,88.75284325670178,0.08039425169369295,0.9966641364101217,0.992604145508077,0.002148796441731544,0.0048718430123994025,False,False
normal,N0526,2,1.699999999999818,18,88.97411220470093,0.0884124235132991,0.9959655449643895,0.9929024481833278,0.0020336092354813753,0.004776538917658394,False,False
normal,N0536,1,1.699999999999818,18,89.40737407284574,0.09297999199245148,0.9955379205621077,0.993231298426094,0.0018048234480982008,0.0047021778246959444,False,False
normal,N0537,1,1.699999999999818,18,89.08157434503087,0.13416455881447875,0.9907096109203181,0.9922343356387181,0.0021115905849921966,0.005214813532021326,False,False
normal,N0538,1,1.6000000000003638,17,87.34389483695932,0.06100317576878705,0.9980792838947729,0.9959469857911779,7.515818525853836e-05,0.003834490288419231,False,False
normal,N0543,1,1.699999999999818,18,88.62563295098742,0.06735146016178369,0.9976587255814585,0.9927341065069601,0.0019748755329213313,0.0050029658598094275,False,False
normal,N0543,2,1.6000000000003638,17,86.79974088120807,0.06471819696360988,0.9978382219260797,0.9956733403047572,6.36644713144957e-05,0.004126509615231448,False,False
normal,N0548,1,1.699999999999818,18,88.54387551635729,0.062008123833913555,0.9980154800405666,0.9927638343265215,0.001978369306923914,0.00492279468278177,False,False
normal,N0549,1,1.5999999999994543,17,86.58317914720004,0.11823234542062548,0.9927850903206906,0.9961933354093013,9.704309425266287e-05,0.0035572361548639967,False,False
normal,N0549,2,1.7000000000007276,18,88.21973220087916,0.15779047746080568,0.9871495046310662,0.9927669426718141,0.0021787204006571016,0.004568263721351349,False,False
normal,N0550,1,1.7000000000007276,18,86.87892472617423,0.0972084901837311,0.9951228435799742,0.9925641473451743,0.0025156075915897112,0.004663811816300996,False,False
normal,N0550,2,1.5999999999994543,17,86.12448210445068,0.06836887763960961,0.9975874562943484,0.9959350616698133,2.6107942887056314e-05,0.00390710666994232,False,False
normal,N0551,1,1.699999999999818,18,88.30644795775206,0.09092275460070141,0.9957331884881654,0.9931115779564492,0.0019011889429726941,0.00471011474658309,False,False
normal,N0555,1,1.7000000000007276,18,88.30421514613572,0.10525423301042736,0.994282088481748,0.9931060735619266,0.001960414021714939,0.004533825533634793,False,False
normal,N0555,2,1.699999999999818,18,88.48151222416958,0.05764892485201318,0.9982846975295006,0.9935287409041369,0.0018313112222116735,0.004362417402522527,False,False
normal,N0556,1,1.6000000000003638,17,86.71708127147076,0.11052765453209938,0.9936947806883266,0.9960264460190689,9.1778477620219e-05,0.0037278359742216683,False,False
normal,N0557,1,1.699999999999818,18,88.1865964831847,0.08078311392980923,0.9966317876148664,0.993089539686386,0.002030842176194522,0.004499343058029662,False,False
normal,N0557,2,1.699999999999818,18,88.46580699156773,0.08198498784026301,0.9965308189774618,0.9933995990069403,0.0018848684519206656,0.004447336190506427,False,False
normal,N0558,1,1.699999999999818,18,87.37877430056382,0.09164863920479474,0.9956647880938887,0.9927322028096912,0.0022071119266554085,0.004674970304027206,False,False
normal,N0561,1,1.5999999999994543,17,88.33204212604974,0.14840079517052882,0.9886333956091636,0.9959851037010862,4.008902758754597e-05,0.003132623639005108,False,False
normal,N0568,1,1.6000000000003638,17,83.23439956606269,0.09757135521813572,0.9950863642017529,0.9965442634018107,3.303462894699659e-05,0.0027645966237303454,False,False
normal,N0568,2,1.699999999999818,18,85.06349828563404,0.1237345879688396,0.992097936382029,0.9926916009213386,0.0025063007662828266,0.0037935507395177735,False,False
normal,N0570,1,1.7000000000007276,18,84.03265701576032,0.0704559818795308,0.9974379120605888,0.9939690423977389,0.0017235647661216738,0.003376249559665926,False,False
normal,N0571,1,1.699999999999818,18,167.26955898462205,0.13091898817345846,0.9911536611796841,0.9982911907012125,0.0009724493032771382,0.00022707075698921071,False,False
normal,N0574,1,1.6000000000003638,17,123.8196911878595,0.067476280586692,0.9976500395139023,0.9980845839203907,9.460697289059352e-05,0.0009402711447241956,False,False
normal,N0575,1,1.699999999999818,18,189.3499429908503,0.02921588850123684,0.9995594487014622,0.9981291878414446,0.001349571894566366,6.664710959204692e-05,False,False
normal,N0575,2,1.699999999999818,18,188.69444854548757,0.10857318727202381,0.9939158002609519,0.998881257596236,0.0009440420016034227,6.482999479595996e-05,False,False
normal,N0576,1,1.699999999999818,18,112.43911197475262,0.06814747091784236,0.9976030566232268,0.9976214650102369,0.0005963160345287697,0.0011592642693635635,False,False
normal,N0578,1,1.699999999999818,18,110.4194132393587,0.15698939312095136,0.9872796544245241,0.9973170946708043,0.0008466916506805314,0.0008743609235556238,False,False
normal,N0583,1,1.6000000000003638,17,171.08499944073836,0.05162966274254838,0.9986241950581114,0.9991389697441988,6.13369580250311e-05,0.0006946454437185349,False,False
normal,N0587,1,1.7000000000007276,18,119.95885481943672,0.13350960102375117,0.9908000962242469,0.9977642339694173,0.0009083802108267088,0.0005824612083158862,False,False
normal,N0587,2,1.699999999999818,18,117.67086869684759,0.049219860978664515,0.9987496285343178,0.9980905584175259,0.0006317482742516854,0.000894403809785894,False,False
normal,N0588,1,1.6000000000003638,17,84.81722067703843,0.13885599657206862,0.9900485224340532,0.9967880649004908,4.434726491334696e-05,0.002642684880353545,False,False
normal,N0593,1,1.699999999999818,18,86.2050999287432,0.049220188459569894,0.9987496118957444,0.9940993073613016,0.0017832039247122123,0.0037771097926391608,False,False
normal,N0593,2,1.6000000000003638,17,84.41825576000132,0.08819554895245675,0.995985313623213,0.9968195387073088,0.00011968454161952428,0.0028969179912973026,False,False
normal,N0597,1,1.699999999999818,18,153.4407786916103,0.07958101350648815,0.9967312837622093,0.9984455342265927,0.0010918075711394473,0.00016821456392189754,False,False
normal,N0597,2,1.6000000000003638,17,150.10061486265465,0.05172914281793562,0.9986188881462306,0.9989381032426692,4.719998385247835e-05,0.0009086226641257694,False,False
normal,N0598,1,1.699999999999818,18,85.07397734719021,0.04909233172447112,0.9987560995952797,0.9943867054354448,0.0017930426689463535,0.0032828776905683824,False,False
