L,n_normal_ref,null_pass_rate,corr_min,shape_rmse_max,amp_min,amp_max,abs_offset_max,return_error_max
5,17652,0.07715839564921823,0.9668909332860233,0.23016191409240838,148.4342171630831,622.1058695546519,0.2591271725801154,0.0756187705891535
6,17082,0.021660227139679196,0.9711862623955143,0.21914126951786891,169.99028770521383,592.8820827381159,0.16654063617462994,0.07405753055089216
7,16517,0.004782950899073682,0.9791993559591157,0.18883391327999424,193.37035367211604,566.0964257226409,0.10752898091528983,0.07391712050163943
8,15959,0.0006892662447521774,0.9860428200374648,0.15628518206919684,202.54295497605494,549.4150901216434,0.08266389005651233,0.0734914039607442
9,15409,0.0,0.9902995843896037,0.13132091138304158,210.51750823441546,538.9294232399899,0.05359703254175046,0.07414193190693287
10,14871,0.0,0.9927256601426206,0.11442816840385346,214.91250508317972,537.4385423470131,0.036576076432194946,0.07348074203588012
11,14341,0.0,0.994306301437061,0.10174562564386265,217.17214442656518,537.7525025606294,0.03409809827423665,0.0734223133110048
12,13820,0.0,0.9953840280965522,0.09199247280367577,217.3607686269502,538.0331412826097,0.03213286619678072,0.07419601171404606
13,13309,0.0,0.9962157084094858,0.08358458616616089,217.16146010710798,538.2972316518474,0.0300893884569206,0.07454998310570814
14,12808,0.0,0.9966666805036566,0.07867941551449371,217.1183431539742,538.4075790740201,0.027538780983019446,0.07485052021950601
15,12320,0.0,0.9969290281649896,0.07571314764361448,217.0526781371674,539.1822813328176,0.025208429694607834,0.07428387745404484
16,11840,0.0,0.9971143054490713,0.07355730453400021,216.88059228482484,539.5431373583839,0.023763497378532814,0.07428387745404484
17,11367,0.0,0.9971636194857447,0.0730689345825858,217.22011154489977,539.6312531333264,0.02308072637359807,0.07405525471419658
18,10898,0.0,0.9970954447102922,0.07407011685063267,217.22011154489977,539.4638558056564,0.023401398910632053,0.07420499861151533
19,10435,0.0,0.9969552579278959,0.07595383449065822,217.2371367884328,539.211196029037,0.023814110214996638,0.0720710867188559
20,9978,0.0,0.9968903716205497,0.07686541600223075,217.3607686269502,539.3378478636334,0.024095639430013017,0.06881364005265622
21,9526,0.0,0.9968668912521442,0.07725166573883582,217.37241119296988,540.6044903824946,0.024013859965299506,0.06538848106662751
22,9082,0.0,0.9969049073804006,0.0768687964384359,217.48631984639482,540.6044903824946,0.023848034510633366,0.06292589220989885
23,8646,0.0,0.9969678582553904,0.07616179397590331,217.50581747311196,540.6044903824946,0.024116419439405574,0.061429527645833246
24,8222,0.0,0.9970104928588123,0.0756960270574583,217.72034190238335,540.6044903824946,0.02454637213622613,0.06061341527808717
25,7809,0.0,0.9969749053310817,0.07621142793756196,217.75884499438303,540.6044903824946,0.024893694434132918,0.06006071811616227
26,7407,0.0,0.9968502555155804,0.07782802130574126,217.75884499438303,540.6044903824946,0.024301084204641336,0.05997464123630353
27,7015,0.0,0.9967897910130122,0.0786296585794402,217.75884499438303,540.6044903824946,0.023554048317091368,0.05995893760488793
28,6633,0.0,0.9967617670884555,0.0790263250834204,217.75884499438303,540.4935855465876,0.023258587208122416,0.05960985591003235
29,6261,0.0,0.9967316939258953,0.07944312198807583,217.77499338985766,540.3965438151686,0.023352817326322314,0.05938820578038645
30,5893,0.0,0.996767109129937,0.07905850368073591,217.79320306635037,540.2856389792615,0.02337326628155341,0.0593255773268892
31,5533,0.0,0.9968518545408737,0.07805884770887234,217.83353645518162,540.1470079343777,0.02310587352245564,0.05958481151841839
32,5179,0.0,0.996923564914151,0.0772048711764534,217.83353645518162,539.9875822327608,0.02275129619770065,0.05953125034436943
33,4829,0.0,0.9968308963336567,0.0783971912512704,217.85442005002253,539.9113351580748,0.022331385166052847,0.05943674657115393
34,4488,0.0,0.9967499615724174,0.07942847896350709,217.89842476772304,540.3029678598717,0.022315868562979953,0.05891881346945859
35,4152,0.0,0.9966788580541024,0.08032746679074718,217.92748191490068,540.6044903824946,0.022316822027766497,0.05889182077412089
36,3826,0.0,0.9965687540948364,0.08168139915580652,217.78547972240634,540.6044903824946,0.02235563841045926,0.05899342129956669
37,3510,0.0,0.9964775627640597,0.08279120187126461,217.757304684213,540.6044903824946,0.02234935863485669,0.05933828497333251
38,3206,0.0,0.9963128680990568,0.08473582319843531,217.757304684213,540.6044903824946,0.022038201994472876,0.059633770806859575
