source,segment_id,source_row,pos_in_seg,seg_len,t_end,label,split,anomaly_score,alarm,eval_set,RMS_Detected,Outlier_Category,H1_Residual_AI0,H1_Residual_AI1,H2_ND,H3_Current_Amplitude,error_type,R1_AMPLITUDE,R2_CURRENT_VIBRATION_RELATION,R3_VIBRATION_BALANCE,R4_CURRENT_OPERATING,reason_count,reason_codes
normal,N0073,2830,43,50,2022-07-12 00:09:11.133,0,train,0.4201876196647183,1,OOF,False,RMS 미검출,0.0187784494703327,0.0359582525563096,-0.1643529564788737,94.9463454109584,FP,False,False,False,False,0,R0_UNEXPLAINED
normal,N0178,6207,9,32,2022-07-12 00:22:29.976,0,train,0.4588751460501054,1,OOF,True,RMS 검출,0.1056785855007248,0.0439378779066157,0.0426590107523183,126.0896440764235,FP,True,True,False,False,2,R1_AMPLITUDE|R2_CURRENT_VIBRATION_RELATION
normal,N0178,6208,10,32,2022-07-12 00:22:30.076,0,train,0.5211041979196519,1,OOF,True,RMS 검출,0.1227177865179299,0.0445983782776572,0.1128894715358924,119.15075881950408,FP,True,True,False,False,2,R1_AMPLITUDE|R2_CURRENT_VIBRATION_RELATION
normal,N0178,6209,11,32,2022-07-12 00:22:30.176,0,train,0.706412839121736,1,OOF,True,RMS 검출,0.1261080515594098,0.0690754571086289,0.0625005166694444,114.52655274423331,FP,True,True,False,False,2,R1_AMPLITUDE|R2_CURRENT_VIBRATION_RELATION
normal,N0178,6210,12,32,2022-07-12 00:22:30.276,0,train,0.5933995365129902,1,OOF,True,RMS 검출,0.1265058444415198,0.0511621821205491,0.1186342896287093,114.68517881468588,FP,True,True,False,False,2,R1_AMPLITUDE|R2_CURRENT_VIBRATION_RELATION
normal,N0178,6211,13,32,2022-07-12 00:22:30.376,0,train,0.4922254057990418,1,OOF,True,RMS 검출,0.1256258313542407,0.0484253996568519,0.1066683143657252,119.51610402577364,FP,True,True,False,False,2,R1_AMPLITUDE|R2_CURRENT_VIBRATION_RELATION
normal,N0178,6212,14,32,2022-07-12 00:22:30.476,0,train,0.5125822137848028,1,OOF,True,RMS 검출,0.1115697316077855,0.0631699960462828,-0.0004613736931693,127.11442929956272,FP,True,True,False,False,2,R1_AMPLITUDE|R2_CURRENT_VIBRATION_RELATION
normal,N0178,6213,15,32,2022-07-12 00:22:30.576,0,train,0.5237105059665175,1,OOF,True,RMS 검출,0.0994381416568267,0.0519791528390836,-0.0267050551038603,134.60042618177496,FP,True,True,False,False,2,R1_AMPLITUDE|R2_CURRENT_VIBRATION_RELATION
normal,N0178,6225,27,32,2022-07-12 00:22:31.776,0,train,0.3584646966992627,1,OOF,True,RMS 검출,0.0897620564292621,0.0926891710260888,-0.1202353035022444,119.25430496497005,FP,True,True,False,False,2,R1_AMPLITUDE|R2_CURRENT_VIBRATION_RELATION
normal,N0569,18996,16,44,2022-07-12 01:12:44.912,0,train,0.344969805421748,1,OOF,True,RMS 검출,0.0743933520952911,0.0057634906758708,0.144235636772956,113.66449273847216,FP,True,True,False,False,2,R1_AMPLITUDE|R2_CURRENT_VIBRATION_RELATION
normal,N0052,1762,25,50,2022-07-12 00:06:38.731,0,test,0.381309231190408,1,TEST,False,RMS 미검출,0.0274633292248563,0.0548417244224026,-0.2482457114991678,113.39211201077322,FP,False,False,False,False,0,R0_UNEXPLAINED
normal,N0052,1763,26,50,2022-07-12 00:06:38.831,0,test,0.4617738036415716,1,TEST,False,RMS 미검출,0.0459475326970266,0.0721144943021271,-0.2066198634046599,111.21966126827304,FP,False,True,False,False,1,R2_CURRENT_VIBRATION_RELATION
normal,N0052,1766,29,50,2022-07-12 00:06:39.131,0,test,0.3603459608572296,1,TEST,True,RMS 검출,0.0704710445080018,0.0432186655954707,-0.0792498040049597,129.79232895699755,FP,True,True,False,False,2,R1_AMPLITUDE|R2_CURRENT_VIBRATION_RELATION
normal,N0067,2498,11,50,2022-07-12 00:08:27.524,0,test,0.3929610426585219,1,TEST,False,RMS 미검출,0.0400684402482894,0.0549606910841606,-0.1983263861725318,117.1806290605236,FP,False,False,False,False,0,R0_UNEXPLAINED
normal,N0067,2499,12,50,2022-07-12 00:08:27.624,0,test,0.4182587528039569,1,TEST,False,RMS 미검출,0.0622679166887463,0.056783173253737,-0.1111451885851106,117.18939766425272,FP,False,True,False,False,1,R2_CURRENT_VIBRATION_RELATION
normal,N0067,2500,13,50,2022-07-12 00:08:27.724,0,test,0.3387024245426997,1,TEST,False,RMS 미검출,0.0594213300300067,0.0491576662734766,-0.1141538472419533,122.14314067299476,FP,False,True,False,False,1,R2_CURRENT_VIBRATION_RELATION
