eval_set,source,segment_id,label,n_windows,n_alarm,alarm_ratio,max_score,mean_score,n_reason_amp,n_reason_relation,n_reason_balance,n_reason_current,any_alarm,segment_result,cycle_count,cycle_timing_break,cycle_current_break,cycle_response_break,cycle_shape_break,max_PORD,max_Shape_RMSE,max_timing_deviation,cycle_context_available
OOF,abnormal,A0001,1,41,41,1.0,0.999785371424817,0.8479292767720291,25,41,6,4,True,DETECTED_ABNORMAL,2.0,True,False,True,True,31.148736967853903,1.2401262987635266,0.2352941176468392,True
OOF,abnormal,A0003,1,22,22,1.0,0.9294888725118444,0.6870178582031113,0,3,3,2,True,DETECTED_ABNORMAL,,False,False,False,False,,,,False
OOF,abnormal,A0004,1,9,9,1.0,0.9910675359751324,0.9770663048037775,9,9,9,0,True,DETECTED_ABNORMAL,,False,False,False,False,,,,False
OOF,abnormal,A0006,1,41,41,1.0,0.959245347389195,0.8726794662380986,30,41,17,28,True,DETECTED_ABNORMAL,1.0,True,False,True,True,43.9820520207962,0.5603335393176001,0.1176470588233657,True
OOF,abnormal,A0008,1,16,16,1.0,0.996006830381033,0.8559515964579061,8,16,0,6,True,DETECTED_ABNORMAL,,False,False,False,False,,,,False
OOF,abnormal,A0011,1,41,41,1.0,0.9890037614352472,0.8117973386805303,10,41,5,40,True,DETECTED_ABNORMAL,2.0,False,True,True,True,26.83884813924728,1.5244940209740103,0.0588235294116327,True
OOF,abnormal,A0013,1,19,19,1.0,0.9992238181577232,0.9828303767146612,19,19,16,0,True,DETECTED_ABNORMAL,,False,False,False,False,,,,False
OOF,abnormal,A0014,1,6,5,0.8333333333333334,0.948646956977705,0.5392933297955022,1,3,2,6,True,DETECTED_ABNORMAL,,False,False,False,False,,,,False
OOF,abnormal,A0015,1,41,41,1.0,0.9887845804334636,0.7027238508616636,16,26,0,22,True,DETECTED_ABNORMAL,,False,False,False,False,,,,False
OOF,abnormal,A0016,1,41,41,1.0,0.8680631193526451,0.6208945583446809,11,37,1,31,True,DETECTED_ABNORMAL,1.0,True,True,True,True,11.910450809054009,1.0792162785382762,0.2941176470585817,True
OOF,abnormal,A0018,1,15,15,1.0,0.9742548827306352,0.923175368681726,15,15,14,14,True,DETECTED_ABNORMAL,,False,False,False,False,,,,False
OOF,abnormal,A0019,1,1,1,1.0,0.7954289778173499,0.7954289778173499,0,1,0,1,True,DETECTED_ABNORMAL,,False,False,False,False,,,,False
OOF,abnormal,A0020,1,6,6,1.0,0.6735061352177674,0.6556681534233518,0,6,2,0,True,DETECTED_ABNORMAL,,False,False,False,False,,,,False
OOF,normal,N0000,0,32,0,0.0,0.0151759824300675,0.0014215486675364345,0,0,0,0,False,CLEAN_NORMAL,1.0,False,False,False,False,0.6427495321897371,0.0515403687610835,1.0697325378441949e-13,True
OOF,normal,N0001,0,28,0,0.0,0.0092893342084581,0.0003317619360163607,0,0,0,0,False,CLEAN_NORMAL,1.0,False,False,False,False,0.69017913693315,0.0398405311680025,1.0762632615184572e-13,True
OOF,normal,N0003,0,1,0,0.0,0.0,0.0,0,0,0,0,False,CLEAN_NORMAL,,False,False,False,False,,,,False
OOF,normal,N0004,0,41,0,0.0,0.0294685582869819,0.0025360016842790856,0,0,0,3,False,CLEAN_NORMAL,1.0,False,False,False,False,1.132421348185893,0.0569537751648588,1.0449157878819977e-13,True
OOF,normal,N0005,0,41,0,0.0,0.0092084858695119,0.0009891890475406707,0,0,0,0,False,CLEAN_NORMAL,2.0,False,False,False,False,1.4377722945763218,0.0736842695457638,0.0588235294116285,True
OOF,normal,N0006,0,41,0,0.0,0.0825182297817576,0.013940721959359335,0,1,19,3,False,CLEAN_NORMAL,1.0,False,False,False,False,1.9838042136912035,0.0933770830364716,1.0867124193972773e-13,True
OOF,normal,N0008,0,17,0,0.0,0.00926143960359,0.0009151951493162119,0,0,0,0,False,CLEAN_NORMAL,,False,False,False,False,,,,False
OOF,normal,N0009,0,4,0,0.0,0.0031567506103474,0.00078918765258685,0,0,0,0,False,CLEAN_NORMAL,,False,False,False,False,,,,False
OOF,normal,N0010,0,41,0,0.0,0.021400934906124,0.001191572168396105,0,4,0,0,False,CLEAN_NORMAL,1.0,False,False,True,False,2.6139852853562995,0.0881587968469789,1.0867124193972773e-13,True
OOF,normal,N0011,0,41,0,0.0,0.025421918449138,0.005033724064275442,0,0,0,1,False,CLEAN_NORMAL,2.0,False,False,False,False,0.6098921706607703,0.1058000997139818,1.0867124193972773e-13,True
OOF,normal,N0013,0,16,0,0.0,0.0211074293216958,0.0035798462182514,0,1,3,0,False,CLEAN_NORMAL,,False,False,False,False,,,,False
OOF,normal,N0014,0,5,0,0.0,0.0,0.0,0,0,0,0,False,CLEAN_NORMAL,,False,False,False,False,,,,False
OOF,normal,N0015,0,41,0,0.0,0.0061625476175371,0.0007539832108839025,0,0,6,4,False,CLEAN_NORMAL,1.0,False,False,False,False,1.280262914370473,0.1640525426286735,1.0867124193972773e-13,True
OOF,normal,N0016,0,41,0,0.0,0.0724620541509877,0.008024829880115254,0,4,0,0,False,CLEAN_NORMAL,2.0,False,False,False,False,2.537838117814923,0.0783049677995081,1.170305682427837e-13,True
OOF,normal,N0018,0,27,0,0.0,0.0193783547867534,0.0028086230887424926,0,0,0,0,False,CLEAN_NORMAL,1.0,False,False,False,False,1.7711852917729165,0.0583917669183457,1.0031191563667174e-13,True
OOF,normal,N0019,0,14,0,0.0,0.0378445590615265,0.016770954244661598,0,0,11,0,False,CLEAN_NORMAL,,False,False,False,False,,,,False
OOF,normal,N0020,0,13,0,0.0,0.0028325550766283,0.00021788885204833077,0,0,0,0,False,CLEAN_NORMAL,,False,False,False,False,,,,False
OOF,normal,N0021,0,2,0,0.0,0.0061442630749561,0.00612873346335835,0,0,0,0,False,CLEAN_NORMAL,,False,False,False,False,,,,False
OOF,normal,N0023,0,41,0,0.0,0.0921358903670297,0.017918126455713182,0,0,16,1,False,CLEAN_NORMAL,1.0,False,False,False,False,0.966383422664406,0.0894476588637669,0.058823529411616,True
OOF,normal,N0024,0,27,0,0.0,0.0029468237641044,0.00010914162089275555,0,0,0,0,False,CLEAN_NORMAL,,False,False,False,False,,,,False
OOF,normal,N0025,0,17,0,0.0,0.0124415615328879,0.0013062766215024297,0,0,3,0,False,CLEAN_NORMAL,,False,False,False,False,,,,False
OOF,normal,N0026,0,3,0,0.0,0.0,0.0,0,0,0,0,False,CLEAN_NORMAL,,False,False,False,False,,,,False
OOF,normal,N0028,0,41,0,0.0,0.0065523084700241,0.00038618241728260007,0,0,1,0,False,CLEAN_NORMAL,1.0,False,False,False,False,1.323049060156312,0.0375799908120274,1.0031191563667174e-13,True
OOF,normal,N0029,0,33,0,0.0,0.025778704549634,0.002582366748043809,0,0,0,0,False,CLEAN_NORMAL,1.0,False,False,False,False,1.233642095334094,0.0850182424798935,1.170305682427837e-13,True
OOF,normal,N0030,0,18,0,0.0,0.0062273625704174,0.00034596458724541114,0,0,0,0,False,CLEAN_NORMAL,,False,False,False,False,,,,False
OOF,normal,N0031,0,4,0,0.0,0.0030443716689141,0.000761092917228525,0,0,0,0,False,CLEAN_NORMAL,,False,False,False,False,,,,False
OOF,normal,N0033,0,41,0,0.0,0.1231299154051073,0.008812137292314568,0,5,0,0,False,CLEAN_NORMAL,2.0,False,False,False,False,2.050067956869736,0.1290559766103287,1.337492208488957e-13,True
OOF,normal,N0034,0,41,0,0.0,0.0187267810277473,0.002083390719183529,0,1,0,0,False,CLEAN_NORMAL,1.0,False,False,False,False,1.8008938229502889,0.1040146697535099,0.058823529411616,True
OOF,normal,N0035,0,29,0,0.0,0.0404134481288393,0.009010938502813651,0,0,0,1,False,CLEAN_NORMAL,1.0,False,False,False,False,1.111683657744854,0.0488755091627025,0.058823529411616,True
OOF,normal,N0036,0,28,0,0.0,0.0228064905062311,0.002661170908850046,0,0,0,0,False,CLEAN_NORMAL,1.0,False,False,False,False,1.69423257791097,0.1247415991914441,0.058823529411616,True
OOF,normal,N0038,0,3,0,0.0,0.0033333333333333,0.0011111111111111,0,0,0,0,False,CLEAN_NORMAL,,False,False,False,False,,,,False
OOF,normal,N0039,0,3,0,0.0,0.0462172769938332,0.020746310515729966,0,0,1,0,False,CLEAN_NORMAL,,False,False,False,False,,,,False
OOF,normal,N0041,0,41,0,0.0,0.0221547731474568,0.002727687127975578,0,0,0,0,False,CLEAN_NORMAL,2.0,False,False,False,False,1.1306947151732147,0.1775021530750584,1.0031191563667174e-13,True
OOF,normal,N0043,0,34,0,0.0,0.0033333333333333,0.00019369437625642354,0,0,3,0,False,CLEAN_NORMAL,2.0,False,False,False,False,1.4092233817882711,0.0725354147970715,0.058823529411616,True
OOF,normal,N0044,0,20,0,0.0,0.0060082679356453,0.00046708006344893006,0,0,0,0,False,CLEAN_NORMAL,,False,False,False,False,,,,False
OOF,normal,N0045,0,8,0,0.0,0.0155101406491116,0.004281221196339212,0,0,0,1,False,CLEAN_NORMAL,,False,False,False,False,,,,False
OOF,normal,N0048,0,41,0,0.0,0.041283734231335,0.005135526737868888,0,0,0,4,False,CLEAN_NORMAL,2.0,False,True,True,False,1.0434462278962835,0.1186430776684569,0.0588235294116494,True
OOF,normal,N0049,0,31,0,0.0,0.0691169009043864,0.019002781748132486,0,0,0,0,False,CLEAN_NORMAL,1.0,False,False,False,False,0.256941187088218,0.0683326146264087,0.058823529411616,True
OOF,normal,N0050,0,13,0,0.0,0.0062155486279332,0.0006985603331532308,0,0,0,0,False,CLEAN_NORMAL,,False,False,False,False,,,,False
OOF,normal,N0051,0,41,0,0.0,0.034440724235385,0.0032306727350505096,0,0,0,1,False,CLEAN_NORMAL,2.0,False,False,False,False,0.3806929742565302,0.1243140751080824,1.0031191563667174e-13,True
OOF,normal,N0053,0,41,0,0.0,0.0160812803986964,0.0016049935483229342,0,1,1,0,False,CLEAN_NORMAL,2.0,False,False,False,False,1.3998982245426903,0.1245343062466546,0.058823529411616,True
OOF,normal,N0054,0,41,0,0.0,0.1320880846355757,0.00863307225188783,0,0,0,2,False,CLEAN_NORMAL,2.0,False,False,False,False,1.644227538653234,0.0690478580823341,0.0588235294116494,True
OOF,normal,N0055,0,41,0,0.0,0.0239802815233154,0.0019321577796093195,0,0,0,0,False,CLEAN_NORMAL,1.0,False,False,False,False,0.5782442054569692,0.1066938881073539,1.0031191563667174e-13,True
OOF,normal,N0056,0,41,0,0.0,0.0504563364886513,0.004287456111072151,0,0,0,0,False,CLEAN_NORMAL,2.0,False,False,False,False,0.596297793830692,0.1081401190573052,0.058823529411616,True
OOF,normal,N0058,0,41,0,0.0,0.0478957992443475,0.005358745566467105,0,0,5,0,False,CLEAN_NORMAL,2.0,False,False,True,False,1.5079451742992456,0.1568848820029168,1.0031191563667174e-13,True
OOF,normal,N0059,0,41,0,0.0,0.0,0.0,0,0,0,0,False,CLEAN_NORMAL,2.0,False,False,False,False,1.7974135680107235,0.1068217620415883,0.058823529411616,True
OOF,normal,N0060,0,41,0,0.0,0.0153763888242799,0.0006762011020495512,0,0,0,0,False,CLEAN_NORMAL,2.0,False,False,False,False,1.871420099987364,0.0878105362670982,0.0588235294116494,True
OOF,normal,N0061,0,41,0,0.0,0.0242028203960244,0.004187601639920747,0,0,3,5,False,CLEAN_NORMAL,1.0,False,False,False,False,1.0018920689969202,0.0617875063348107,0.0588235294116494,True
OOF,normal,N0063,0,41,0,0.0,0.0307246389846447,0.002055160345369534,0,0,1,0,False,CLEAN_NORMAL,1.0,False,False,False,False,1.699803691293034,0.0504019452387919,1.0031191563667174e-13,True
OOF,normal,N0064,0,41,0,0.0,0.1327773240845777,0.027832255349708665,0,3,5,0,False,CLEAN_NORMAL,1.0,False,False,False,False,1.657226662685797,0.0742030786299516,0.0588235294116494,True
OOF,normal,N0065,0,41,0,0.0,0.0258195696931903,0.0011024235353256197,0,1,1,0,False,CLEAN_NORMAL,2.0,False,False,False,False,1.5162815729838026,0.0905303487725426,0.058823529411616,True
OOF,normal,N0066,0,41,0,0.0,0.0552849230801542,0.009932004039647543,0,5,0,0,False,CLEAN_NORMAL,2.0,False,False,False,False,2.325412800240495,0.1068180007156269,0.0588235294116494,True
OOF,normal,N0068,0,41,0,0.0,0.0325291346360896,0.002317574615708593,0,1,0,0,False,CLEAN_NORMAL,2.0,False,False,False,False,2.5820187595361466,0.1374774305255172,1.337492208488957e-13,True
OOF,normal,N0069,0,41,0,0.0,0.073902916946851,0.0066220588470768515,0,0,0,1,False,CLEAN_NORMAL,2.0,False,False,False,False,0.959008781558368,0.0754207093678543,0.058823529411616,True
OOF,normal,N0070,0,41,0,0.0,0.0325061167703852,0.0012613728354003366,0,0,0,0,False,CLEAN_NORMAL,1.0,False,False,False,False,0.7111333711701209,0.0401904494578395,6.687461042444783e-14,True
OOF,normal,N0071,0,41,0,0.0,0.0535411823832575,0.0055385183619199385,0,3,0,0,False,CLEAN_NORMAL,2.0,False,False,False,False,2.2052219095255734,0.0630058664399876,0.058823529411616,True
OOF,normal,N0073,0,41,1,0.024390243902439025,0.4201876196647183,0.033085308844541604,0,0,0,0,True,FALSE_ALARM_NORMAL,2.0,False,False,True,False,1.1307034790099186,0.1168921685049721,1.337492208488957e-13,True
OOF,normal,N0074,0,41,0,0.0,0.0220425035785571,0.0014093561766397318,0,2,0,3,False,CLEAN_NORMAL,1.0,False,False,False,False,2.327933141166902,0.0358202514320755,6.687461042444783e-14,True
OOF,normal,N0075,0,41,0,0.0,0.0338182473970201,0.0030462583733572852,0,1,0,0,False,CLEAN_NORMAL,2.0,False,False,False,False,2.5704789054527897,0.0864248177267954,0.058823529411616,True
OOF,normal,N0076,0,41,0,0.0,0.0162440029495222,0.0009862107310816318,0,0,0,0,False,CLEAN_NORMAL,2.0,False,False,True,False,1.900509736967052,0.1720490917892185,1.337492208488957e-13,True
OOF,normal,N0078,0,41,0,0.0,0.0427449663358067,0.004578309508052931,0,0,0,0,False,CLEAN_NORMAL,2.0,False,False,False,False,1.1245450929141347,0.0834985859112253,0.058823529411616,True
OOF,normal,N0079,0,41,0,0.0,0.0066147563676633,0.0006251188274547586,0,3,0,0,False,CLEAN_NORMAL,1.0,False,False,False,False,1.8047280998952728,0.1447176126810236,1.337492208488957e-13,True
OOF,normal,N0080,0,33,0,0.0,0.0191498358484424,0.0011479352700940817,0,0,0,0,False,CLEAN_NORMAL,1.0,False,False,False,False,0.1762065120689389,0.1304879165352717,1.337492208488957e-13,True
OOF,normal,N0081,0,22,0,0.0,0.0151545981936427,0.0028775724083533864,0,0,0,0,False,CLEAN_NORMAL,,False,False,False,False,,,,False
OOF,normal,N0084,0,41,0,0.0,0.002832779822278,6.909219078726829e-05,0,0,0,0,False,CLEAN_NORMAL,1.0,False,False,False,False,0.709195437376214,0.1018988413183166,0.058823529411616,True
OOF,normal,N0085,0,37,0,0.0,0.0185845691546978,0.0011937657204845323,0,0,0,0,False,CLEAN_NORMAL,1.0,False,False,False,True,1.2953182923586313,0.0288489785408952,1.337492208488957e-13,True
OOF,normal,N0086,0,24,0,0.0,0.0374817337489153,0.0019376616729556084,0,0,1,1,False,CLEAN_NORMAL,1.0,False,False,False,False,0.9672724193270508,0.0763485500160815,0.058823529411616,True
OOF,normal,N0088,0,3,0,0.0,0.0,0.0,0,0,0,0,False,CLEAN_NORMAL,,False,False,False,False,,,,False
OOF,normal,N0089,0,41,0,0.0,0.0254801630993388,0.0008598118234481829,0,0,4,0,False,CLEAN_NORMAL,2.0,False,False,False,False,0.8682014907000152,0.1584644531089828,0.058823529411616,True
OOF,normal,N0090,0,40,0,0.0,0.0065860391190718,0.0002406359836881375,0,0,0,0,False,CLEAN_NORMAL,1.0,False,False,False,False,0.1580226127710765,0.0540137985161757,6.687461042444783e-14,True
OOF,normal,N0091,0,27,0,0.0,0.104239052413177,0.011625357232356023,0,0,0,1,False,CLEAN_NORMAL,1.0,False,False,False,False,0.1846515910524311,0.0477859651954021,0.058823529411616,True
OOF,normal,N0094,0,41,0,0.0,0.0822618285140667,0.010303206537386065,2,5,0,0,False,CLEAN_NORMAL,1.0,False,False,False,False,0.5098769712360302,0.0642527987366241,0.0588235294116828,True
OOF,normal,N0095,0,41,0,0.0,0.1350132215180316,0.005931647218615066,0,0,0,0,False,CLEAN_NORMAL,1.0,False,False,False,False,0.2440161757785971,0.0526218823135266,1.337492208488957e-13,True
OOF,normal,N0096,0,29,0,0.0,0.0150822187131142,0.0012413408482078276,0,0,1,2,False,CLEAN_NORMAL,1.0,False,False,False,False,1.1194225202376349,0.0874955347634578,0.0588235294116828,True
OOF,normal,N0098,0,15,0,0.0,0.1080424745648333,0.012761209615811214,0,0,1,3,False,CLEAN_NORMAL,,False,False,False,False,,,,False
OOF,normal,N0099,0,3,0,0.0,0.0,0.0,0,0,0,0,False,CLEAN_NORMAL,,False,False,False,False,,,,False
OOF,normal,N0100,0,41,0,0.0,0.0754538236010628,0.014615531997956685,0,0,0,0,False,CLEAN_NORMAL,2.0,False,False,True,False,1.2156140149739332,0.1223392551697199,0.058823529411616,True
OOF,normal,N0101,0,41,0,0.0,0.0158747984138187,0.00038719020521509024,0,0,11,0,False,CLEAN_NORMAL,1.0,False,False,False,False,0.7753003605170113,0.1575616632006792,1.337492208488957e-13,True
OOF,normal,N0103,0,25,0,0.0,0.1490394102983277,0.01753442435020952,0,0,0,0,False,CLEAN_NORMAL,1.0,False,False,False,False,1.181323376745845,0.0883167848499225,6.687461042444783e-14,True
OOF,normal,N0104,0,25,0,0.0,0.0346939510210243,0.002028208757264992,0,0,0,3,False,CLEAN_NORMAL,1.0,False,False,False,False,1.3461425763112471,0.0835921584093583,0.0588235294116828,True
OOF,normal,N0105,0,13,0,0.0,0.0422649490979207,0.010784079998137715,0,0,0,0,False,CLEAN_NORMAL,,False,False,False,False,,,,False
OOF,normal,N0108,0,41,0,0.0,0.0092751892755088,0.0007536366277004585,0,0,0,1,False,CLEAN_NORMAL,2.0,False,False,False,False,1.188727105569296,0.0458401179007092,0.0588235294116828,True
OOF,normal,N0109,0,28,0,0.0,0.0216143588507355,0.0016199413105595641,0,0,0,0,False,CLEAN_NORMAL,1.0,False,False,False,False,1.122369677593022,0.0478989755827412,6.687461042444783e-14,True
OOF,normal,N0110,0,14,0,0.0,0.0123178440228743,0.00251537996641725,0,0,1,0,False,CLEAN_NORMAL,,False,False,False,False,,,,False
OOF,normal,N0111,0,1,0,0.0,0.0,0.0,0,0,0,0,False,CLEAN_NORMAL,,False,False,False,False,,,,False
OOF,normal,N0113,0,41,0,0.0,0.0,0.0,0,0,1,0,False,CLEAN_NORMAL,2.0,False,False,False,False,0.7579935483750918,0.1140331836887791,0.0588235294116828,True
OOF,normal,N0114,0,31,0,0.0,0.0561403512628519,0.0036567817210381806,0,0,0,0,False,CLEAN_NORMAL,1.0,False,False,False,False,0.8659691835030173,0.0662133356390227,1.337492208488957e-13,True
OOF,normal,N0115,0,18,0,0.0,0.0084303450378352,0.0006499791622037556,0,0,0,0,False,CLEAN_NORMAL,,False,False,False,False,,,,False
OOF,normal,N0116,0,18,0,0.0,0.0510723974661658,0.006386223550747428,0,0,0,0,False,CLEAN_NORMAL,,False,False,False,False,,,,False
OOF,normal,N0119,0,41,0,0.0,0.0090961733206831,0.00022185788587031954,0,0,0,0,False,CLEAN_NORMAL,2.0,False,False,False,False,0.9974255313696244,0.1823114583702204,1.337492208488957e-13,True
OOF,normal,N0120,0,41,0,0.0,0.0610782734054685,0.006502213475947324,0,0,0,5,False,CLEAN_NORMAL,1.0,False,True,False,False,1.013266825082886,0.0516322213395314,0.058823529411616,True
OOF,normal,N0121,0,33,0,0.0,0.0409250074554267,0.005387697936225843,0,0,0,0,False,CLEAN_NORMAL,1.0,False,False,False,False,0.3808184712261423,0.045963232259438,1.337492208488957e-13,True
OOF,normal,N0123,0,9,0,0.0,0.0063259449683389,0.002070135773291722,0,0,0,0,False,CLEAN_NORMAL,,False,False,False,False,,,,False
OOF,normal,N0125,0,41,0,0.0,0.0089393929904916,0.0011839710336056513,0,2,0,6,False,CLEAN_NORMAL,1.0,False,False,False,False,2.4752974461289967,0.0304973547356666,1.337492208488957e-13,True
OOF,normal,N0126,0,41,0,0.0,0.0033026067476453,0.000619625752703439,0,0,0,1,False,CLEAN_NORMAL,2.0,False,False,False,False,0.96899407611584,0.0535577161419896,0.0588235294116828,True
OOF,normal,N0128,0,27,0,0.0,0.0182241901884476,0.0021929915426787297,0,0,0,0,False,CLEAN_NORMAL,1.0,False,False,False,False,1.778625332534291,0.1679155715598604,1.337492208488957e-13,True
OOF,normal,N0129,0,11,0,0.0,0.0092423153225446,0.0011357485366942908,0,0,0,0,False,CLEAN_NORMAL,,False,False,False,False,,,,False
OOF,normal,N0131,0,41,0,0.0,0.1229272166683668,0.0074063406620425215,0,0,0,3,False,CLEAN_NORMAL,2.0,False,True,False,False,1.4751245376990112,0.1330455120140894,0.0588235294116828,True
OOF,normal,N0133,0,26,0,0.0,0.0092875014017389,0.0017963978570123382,0,0,0,5,False,CLEAN_NORMAL,1.0,False,False,False,False,1.910913440540877,0.1761872267310762,6.687461042444783e-14,True
OOF,normal,N0134,0,13,0,0.0,0.0032180425531914,0.00024754173486087695,0,0,0,2,False,CLEAN_NORMAL,,False,False,False,False,,,,False
OOF,normal,N0136,0,41,0,0.0,0.0286564012048289,0.0021099249552099953,0,0,0,0,False,CLEAN_NORMAL,1.0,False,False,False,False,0.4711746233819751,0.0997142783075305,1.337492208488957e-13,True
OOF,normal,N0138,0,39,0,0.0,0.0536570800800385,0.0022536512859384515,0,0,0,0,False,CLEAN_NORMAL,2.0,False,False,False,False,0.7247510808305928,0.1669568562370282,0.0588235294116828,True
OOF,normal,N0139,0,26,0,0.0,0.0430786062457146,0.0071165295494528494,0,0,3,0,False,CLEAN_NORMAL,1.0,False,False,False,True,0.8250555711468486,0.2033527805299116,0.0588235294116828,True
OOF,normal,N0140,0,14,0,0.0,0.0821851659423465,0.026902673749598493,0,0,0,3,False,CLEAN_NORMAL,,False,False,False,False,,,,False
OOF,normal,N0141,0,4,0,0.0,0.0030515888331403,0.000762897208285075,0,0,0,2,False,CLEAN_NORMAL,,False,False,False,False,,,,False
OOF,normal,N0144,0,41,0,0.0,0.0099435086810054,0.0011420243519639462,0,0,0,0,False,CLEAN_NORMAL,1.0,False,False,False,False,0.4315870861589115,0.105234377840667,0.0588235294115491,True
OOF,normal,N0145,0,41,0,0.0,0.0126027010275676,0.0010093252516287438,0,0,0,0,False,CLEAN_NORMAL,2.0,False,False,False,False,0.6467462616385641,0.0680991916905459,0.0588235294116828,True
OOF,normal,N0146,0,31,0,0.0,0.0248354988431372,0.001196451152472316,0,0,0,1,False,CLEAN_NORMAL,1.0,False,False,True,False,0.1063675793894305,0.0821256989849052,0.0,True
OOF,normal,N0148,0,17,0,0.0,0.0092741053813308,0.0008897996248498058,0,0,0,0,False,CLEAN_NORMAL,,False,False,False,False,,,,False
OOF,normal,N0149,0,6,0,0.0,0.042139518164744,0.02159981872604123,0,3,0,0,False,CLEAN_NORMAL,,False,False,False,False,,,,False
OOF,normal,N0153,0,41,0,0.0,0.0246622071035392,0.0016472853307941415,0,0,0,0,False,CLEAN_NORMAL,1.0,False,False,False,False,2.023811627512145,0.1376520427096593,1.337492208488957e-13,True
OOF,normal,N0154,0,38,0,0.0,0.0293304751079749,0.0015514052265061396,0,0,0,0,False,CLEAN_NORMAL,1.0,False,False,False,False,0.4416521676732122,0.1420793399993788,0.0,True
OOF,normal,N0155,0,25,0,0.0,0.0062957003617182,0.000379812422459632,0,0,0,0,False,CLEAN_NORMAL,1.0,False,False,False,False,0.4784505123676723,0.128788192289163,1.337492208488957e-13,True
OOF,normal,N0156,0,10,0,0.0,0.0158385253962814,0.0022505192062947997,0,0,0,0,False,CLEAN_NORMAL,,False,False,False,False,,,,False
OOF,normal,N0158,0,41,0,0.0,0.024833253753916,0.001814971655497234,0,0,0,0,False,CLEAN_NORMAL,2.0,False,False,False,False,1.955835331710692,0.1590131208568353,0.0588235294116828,True
OOF,normal,N0159,0,41,0,0.0,0.0250394080329132,0.002832593757727405,0,0,6,0,False,CLEAN_NORMAL,2.0,False,False,False,False,0.9953530456657538,0.0808263339812616,0.0588235294116828,True
OOF,normal,N0160,0,29,0,0.0,0.0029243391628882,0.00010083928147890345,0,0,1,0,False,CLEAN_NORMAL,1.0,False,False,False,False,0.8421470888838586,0.0488916643974232,0.0588235294116828,True
OOF,normal,N0161,0,17,0,0.0,0.0573278451481947,0.003919442202672859,0,0,0,0,False,CLEAN_NORMAL,,False,False,False,False,,,,False
OOF,normal,N0164,0,41,0,0.0,0.1681293550559611,0.02997989909541825,0,0,5,2,False,CLEAN_NORMAL,1.0,False,False,False,False,1.7575851863530771,0.050500834082201,0.0588235294115491,True
OOF,normal,N0165,0,34,0,0.0,0.006401609942625,0.0006489494206350176,0,0,0,0,False,CLEAN_NORMAL,2.0,False,False,False,False,0.8283648379501977,0.1015036821935133,0.0588235294115491,True
OOF,normal,N0166,0,23,0,0.0,0.0120198711663016,0.0021024754100578305,0,0,0,0,False,CLEAN_NORMAL,1.0,False,False,False,False,1.3205880869221696,0.0583744292924072,1.337492208488957e-13,True
OOF,normal,N0169,0,41,0,0.0,0.064725282353858,0.005021903173395069,0,0,0,1,False,CLEAN_NORMAL,1.0,False,False,False,False,1.0721972890913265,0.0559334113939466,1.337492208488957e-13,True
OOF,normal,N0170,0,33,0,0.0,0.0149497123352229,0.001288192631519003,0,2,1,0,False,CLEAN_NORMAL,1.0,False,False,False,False,0.9745598713475786,0.1284556762030376,1.337492208488957e-13,True
OOF,normal,N0171,0,18,0,0.0,0.0979830064927855,0.008372737781254918,0,0,0,0,False,CLEAN_NORMAL,,False,False,False,False,,,,False
OOF,normal,N0173,0,5,0,0.0,0.009646697416235,0.0025053711567661003,0,0,0,0,False,CLEAN_NORMAL,,False,False,False,False,,,,False
OOF,normal,N0175,0,41,0,0.0,0.0552326790017314,0.0032977566314510024,0,0,0,0,False,CLEAN_NORMAL,2.0,False,False,False,False,1.215294778743299,0.1027549476536138,0.0588235294116828,True
OOF,normal,N0176,0,41,0,0.0,0.0225662089742543,0.0013877049194497488,0,0,0,0,False,CLEAN_NORMAL,1.0,False,False,False,False,2.298324341722165,0.0404680276825609,0.0,True
OOF,normal,N0178,0,23,8,0.34782608695652173,0.706412839121736,0.29621827917503935,15,23,0,0,True,FALSE_ALARM_NORMAL,1.0,False,False,True,False,5.640053681855351,0.0462101960399879,1.337492208488957e-13,True
OOF,normal,N0179,0,11,0,0.0,0.0094190793781452,0.0008562799434677454,0,0,0,0,False,CLEAN_NORMAL,,False,False,False,False,,,,False
OOF,normal,N0181,0,41,0,0.0,0.0064066855946323,0.0007519517661324,0,0,0,0,False,CLEAN_NORMAL,2.0,False,False,False,False,0.2783200605410061,0.1387195890944604,1.337492208488957e-13,True
OOF,normal,N0183,0,23,0,0.0,0.0214779337778286,0.0011977163441786564,0,0,0,0,False,CLEAN_NORMAL,1.0,False,False,False,False,0.5564179618312245,0.1802964954620018,1.337492208488957e-13,True
OOF,normal,N0184,0,24,0,0.0,0.067882105050092,0.003069186858669075,0,0,0,0,False,CLEAN_NORMAL,1.0,False,False,False,False,0.6017204655103315,0.0865816979792942,1.337492208488957e-13,True
OOF,normal,N0185,0,13,0,0.0,0.0060912064859504,0.0016317893451069617,0,0,0,0,False,CLEAN_NORMAL,,False,False,False,False,,,,False
OOF,normal,N0188,0,41,0,0.0,0.0066499137822265,0.0011948606880036903,0,0,5,0,False,CLEAN_NORMAL,1.0,False,False,False,False,0.8439282981941603,0.0562064202650922,1.337492208488957e-13,True
OOF,normal,N0189,0,27,0,0.0,0.0435708765240966,0.005273302991859829,0,0,0,0,False,CLEAN_NORMAL,1.0,False,False,False,False,1.1589575148157547,0.0657632217644794,1.337492208488957e-13,True
OOF,normal,N0190,0,17,0,0.0,0.0343827168512491,0.010212689897289188,0,0,0,0,False,CLEAN_NORMAL,,False,False,False,False,,,,False
OOF,normal,N0191,0,3,0,0.0,0.0,0.0,0,0,0,0,False,CLEAN_NORMAL,,False,False,False,False,,,,False
OOF,normal,N0193,0,41,0,0.0,0.0091470001996133,0.0006038524668006683,0,0,2,0,False,CLEAN_NORMAL,2.0,False,False,False,False,0.9042146608323612,0.1164691927852144,0.0588235294115491,True
OOF,normal,N0194,0,33,0,0.0,0.0258829726489006,0.0020931107957823636,0,0,0,0,False,CLEAN_NORMAL,1.0,False,False,False,False,1.749313422104191,0.0552328905775632,1.337492208488957e-13,True
OOF,normal,N0195,0,20,0,0.0,0.1251821346176573,0.03640285110732923,0,0,0,0,False,CLEAN_NORMAL,,False,False,False,False,,,,False
OOF,normal,N0196,0,9,0,0.0,0.0,0.0,0,0,0,0,False,CLEAN_NORMAL,,False,False,False,False,,,,False
OOF,normal,N0198,0,41,0,0.0,0.0250938041713583,0.0021973011243965196,0,4,1,0,False,CLEAN_NORMAL,1.0,False,False,False,False,1.6582722244088024,0.1415073315362618,0.0,True
OOF,normal,N0199,0,40,0,0.0,0.0155757916279239,0.001182008203223695,0,0,0,0,False,CLEAN_NORMAL,2.0,False,False,False,False,0.8602917582144619,0.0745509098125058,0.0588235294115491,True
OOF,normal,N0200,0,24,0,0.0,0.0033333333333333,0.00025929828848365833,0,0,0,1,False,CLEAN_NORMAL,,False,False,False,False,,,,False
OOF,normal,N0201,0,13,0,0.0,0.0174555788490768,0.005257506120378069,0,0,0,0,False,CLEAN_NORMAL,,False,False,False,False,,,,False
OOF,normal,N0203,0,41,0,0.0,0.0186196094964787,0.0022905400539560564,0,0,0,0,False,CLEAN_NORMAL,2.0,False,False,False,False,1.1481372473185234,0.1105922825317819,1.337492208488957e-13,True
OOF,normal,N0204,0,39,0,0.0,0.0063537892049379,0.0003204082988556462,0,0,0,1,False,CLEAN_NORMAL,1.0,False,False,True,False,0.0377395399075538,0.0894324246656616,0.0588235294115491,True
OOF,normal,N0205,0,24,0,0.0,0.0126582344987854,0.0011814918605110958,0,0,0,0,False,CLEAN_NORMAL,1.0,False,False,False,False,0.7911949521020888,0.1360705849950974,0.0588235294116828,True
OOF,normal,N0206,0,13,0,0.0,0.0033333333333333,0.0014979495291593617,0,0,0,0,False,CLEAN_NORMAL,,False,False,False,False,,,,False
OOF,normal,N0208,0,2,0,0.0,0.0033045726062807,0.00165228630314035,0,0,0,0,False,CLEAN_NORMAL,,False,False,False,False,,,,False
OOF,normal,N0209,0,41,0,0.0,0.0219096540479224,0.0013525349563239294,0,0,0,0,False,CLEAN_NORMAL,2.0,False,False,False,False,1.5943498703241736,0.1892045162947531,0.0588235294115491,True
OOF,normal,N0210,0,41,0,0.0,0.0057899446441344,0.0007472702473455049,0,0,0,1,False,CLEAN_NORMAL,1.0,False,False,True,False,0.7885515764554706,0.0617367299179715,0.0588235294116828,True
OOF,normal,N0211,0,41,0,0.0,0.0376538201697759,0.002203101519427473,0,0,0,0,False,CLEAN_NORMAL,2.0,False,False,False,False,1.046554604104275,0.1158123371052542,0.0588235294115491,True
OOF,normal,N0213,0,14,0,0.0,0.0127448187650963,0.003460090430782021,0,0,0,0,False,CLEAN_NORMAL,,False,False,False,False,,,,False
OOF,normal,N0214,0,3,0,0.0,0.0,0.0,0,0,0,0,False,CLEAN_NORMAL,,False,False,False,False,,,,False
OOF,normal,N0215,0,1,0,0.0,0.0032031910218706,0.0032031910218706,0,0,0,0,False,CLEAN_NORMAL,,False,False,False,False,,,,False
OOF,normal,N0216,0,41,0,0.0,0.0063619603741871,0.0009189208695819903,0,0,0,0,False,CLEAN_NORMAL,1.0,False,False,False,False,0.816113728057233,0.1175790544532063,0.0,True
OOF,normal,N0218,0,29,0,0.0,0.0412515562164335,0.005417340408221335,0,0,0,0,False,CLEAN_NORMAL,,False,False,False,False,,,,False
OOF,normal,N0219,0,15,0,0.0,0.0031402575448714,0.0004075249642693,0,0,2,0,False,CLEAN_NORMAL,,False,False,False,False,,,,False
OOF,normal,N0220,0,5,0,0.0,0.0,0.0,0,0,0,0,False,CLEAN_NORMAL,,False,False,False,False,,,,False
OOF,normal,N0221,0,41,0,0.0,0.0061114285976486,0.0005906593747708781,0,0,0,0,False,CLEAN_NORMAL,1.0,False,False,False,False,1.0709936098747446,0.1097079253695321,0.0588235294115491,True
OOF,normal,N0223,0,31,0,0.0,0.0378975065001046,0.01028751795170148,0,0,0,2,False,CLEAN_NORMAL,1.0,False,False,False,False,1.1737699164352415,0.0522235905561225,1.337492208488957e-13,True
OOF,normal,N0224,0,20,0,0.0,0.0155002065332564,0.00077501032666282,0,0,1,0,False,CLEAN_NORMAL,,False,False,False,False,,,,False
OOF,normal,N0225,0,6,0,0.0,0.1909075133378432,0.045687040797411954,0,1,0,0,False,CLEAN_NORMAL,,False,False,False,False,,,,False
OOF,normal,N0228,0,41,0,0.0,0.0,0.0,0,0,0,0,False,CLEAN_NORMAL,2.0,False,False,False,False,0.6841520470359498,0.0818554010148248,1.337492208488957e-13,True
OOF,normal,N0229,0,34,0,0.0,0.1503165589182576,0.005908760102908782,0,0,0,0,False,CLEAN_NORMAL,1.0,False,False,True,False,0.0829907899013548,0.1428904972782356,1.337492208488957e-13,True
OOF,normal,N0230,0,23,0,0.0,0.0255078921813949,0.0017774325750951087,0,0,0,2,False,CLEAN_NORMAL,,False,False,False,False,,,,False
OOF,normal,N0231,0,7,0,0.0,0.0029647066208433,0.0004235295172633286,0,0,0,0,False,CLEAN_NORMAL,,False,False,False,False,,,,False
OOF,normal,N0233,0,41,0,0.0,0.1061147082423237,0.008230877294336242,0,0,0,5,False,CLEAN_NORMAL,2.0,False,True,False,False,1.3181330814224406,0.0980976025425599,0.0588235294115491,True
OOF,normal,N0234,0,41,0,0.0,0.0414839333653863,0.0017822669001193998,0,0,0,0,False,CLEAN_NORMAL,2.0,False,False,False,False,1.167042565038794,0.0604233571762588,0.0588235294115491,True
OOF,normal,N0235,0,32,0,0.0,0.0130864414418148,0.00088177566635,0,0,0,0,False,CLEAN_NORMAL,2.0,False,False,False,False,0.7338203078181808,0.1456257133355457,0.0588235294116828,True
OOF,normal,N0236,0,17,0,0.0,0.0190547684771995,0.003986985608247882,0,0,0,0,False,CLEAN_NORMAL,,False,False,False,False,,,,False
OOF,normal,N0239,0,41,0,0.0,0.0245055088322229,0.0035385586066466806,0,0,0,0,False,CLEAN_NORMAL,2.0,False,False,False,False,1.5119158618412738,0.1006780746128171,0.0588235294115491,True
OOF,normal,N0240,0,41,0,0.0,0.0192221320703092,0.002999758246292683,0,0,0,0,False,CLEAN_NORMAL,1.0,False,False,False,False,1.2094482529756332,0.1270083597936363,0.0588235294116828,True
OOF,normal,N0241,0,34,0,0.0,0.028278002969837,0.0012173119050556823,0,1,2,0,False,CLEAN_NORMAL,1.0,False,False,False,False,1.2406679117562736,0.1264953076916115,1.337492208488957e-13,True
OOF,normal,N0243,0,7,0,0.0,0.0250519042606452,0.004030097000928357,0,0,0,2,False,CLEAN_NORMAL,,False,False,False,False,,,,False
OOF,normal,N0245,0,41,0,0.0,0.0146941748945833,0.0007403761250668903,0,0,0,2,False,CLEAN_NORMAL,2.0,False,False,False,False,0.8007311028007601,0.0990156229455471,0.0588235294116828,True
OOF,normal,N0246,0,41,0,0.0,0.0440585437216456,0.0024098053472743587,0,0,0,0,False,CLEAN_NORMAL,1.0,False,False,False,False,1.835462466801512,0.1073815330156202,1.337492208488957e-13,True
OOF,normal,N0248,0,26,0,0.0,0.0032529375386518,0.00012511298225583847,0,0,2,0,False,CLEAN_NORMAL,1.0,False,False,False,False,1.2575149585814962,0.1015650257175018,0.0588235294115491,True
OOF,normal,N0249,0,14,0,0.0,0.0159325859847464,0.0017587849169912715,0,0,0,0,False,CLEAN_NORMAL,,False,False,False,False,,,,False
OOF,normal,N0251,0,41,0,0.0,0.0287485216383899,0.0026349538984992878,0,2,5,0,False,CLEAN_NORMAL,2.0,False,False,False,False,1.3167004664838655,0.0773462985241772,0.0588235294116828,True
OOF,normal,N0253,0,29,0,0.0,0.009165049222924,0.0006171791111571897,0,0,3,0,False,CLEAN_NORMAL,1.0,False,False,False,False,0.9009568774620992,0.0995945891703843,1.337492208488957e-13,True
OOF,normal,N0254,0,18,0,0.0,0.0543012475776233,0.007211239328193023,0,0,0,0,False,CLEAN_NORMAL,,False,False,False,False,,,,False
OOF,normal,N0255,0,4,0,0.0,0.0,0.0,0,0,0,0,False,CLEAN_NORMAL,,False,False,False,False,,,,False
OOF,normal,N0258,0,36,0,0.0,0.038557157391595,0.00418774403742915,0,0,1,0,False,CLEAN_NORMAL,1.0,False,False,False,False,1.6492662150305506,0.0570064228807332,1.337492208488957e-13,True
OOF,normal,N0259,0,23,0,0.0,0.0032873803307223,0.0004259725443154522,0,0,0,1,False,CLEAN_NORMAL,1.0,False,False,False,False,0.4740903585000975,0.0448026943746175,1.337492208488957e-13,True
OOF,normal,N0260,0,10,0,0.0,0.0155115085652803,0.00280339652946393,0,0,0,0,False,CLEAN_NORMAL,,False,False,False,False,,,,False
OOF,normal,N0261,0,12,0,0.0,0.0126455647825051,0.001306487303487,0,0,0,0,False,CLEAN_NORMAL,,False,False,False,False,,,,False
OOF,normal,N0264,0,41,0,0.0,0.0216477662740603,0.0015375038147167075,0,1,0,0,False,CLEAN_NORMAL,2.0,False,False,False,False,1.4798257905015677,0.1610980656584388,1.337492208488957e-13,True
OOF,normal,N0265,0,41,0,0.0,0.0938326654342215,0.007182966230513419,0,0,1,0,False,CLEAN_NORMAL,2.0,False,False,False,False,1.2335224529950015,0.1524341574567028,1.337492208488957e-13,True
OOF,normal,N0266,0,30,0,0.0,0.059907908655979,0.0069464046570043535,0,0,0,6,False,CLEAN_NORMAL,1.0,False,False,False,False,1.846263289486804,0.0545017201373404,1.337492208488957e-13,True
OOF,normal,N0268,0,6,0,0.0,0.0,0.0,0,0,0,0,False,CLEAN_NORMAL,,False,False,False,False,,,,False
OOF,normal,N0270,0,41,0,0.0,0.0300283488092176,0.0024959986913114783,0,3,1,0,False,CLEAN_NORMAL,1.0,False,False,False,False,2.435450203084732,0.1324430860507524,0.0588235294116828,True
OOF,normal,N0271,0,41,0,0.0,0.0249295338124124,0.002049231395290939,0,0,1,0,False,CLEAN_NORMAL,2.0,False,False,False,False,1.8519871975109792,0.0684737628940049,0.0588235294114153,True
OOF,normal,N0273,0,36,0,0.0,0.0063348187478271,0.0005147188989674611,0,0,0,0,False,CLEAN_NORMAL,2.0,False,False,True,False,0.8366309289236017,0.0631396551533506,0.0588235294116828,True
OOF,normal,N0274,0,41,0,0.0,0.0148522563998093,0.0020223692898543363,0,0,0,1,False,CLEAN_NORMAL,2.0,False,False,False,False,1.2902171616590303,0.1157540696201577,2.6749844169779134e-13,True
OOF,normal,N0275,0,38,0,0.0,0.0780172985859018,0.009598970402729895,0,0,0,0,False,CLEAN_NORMAL,2.0,False,False,False,False,1.5869921312553654,0.1064319134313532,0.0,True
OOF,normal,N0276,0,23,0,0.0,0.0345280817316109,0.006192074557582257,0,0,0,0,False,CLEAN_NORMAL,1.0,False,False,False,False,0.3102193355080181,0.035224068549279,0.0,True
OOF,normal,N0280,0,41,0,0.0,0.0655509178703364,0.008261627891092964,0,1,0,14,False,CLEAN_NORMAL,2.0,False,True,False,False,1.5854407292019377,0.0909644185482193,0.0588235294114153,True
OOF,normal,N0281,0,39,0,0.0,0.1378232370924503,0.007180127379975065,0,0,0,3,False,CLEAN_NORMAL,1.0,False,False,False,False,1.2178906080605734,0.0745413306595796,0.0588235294116828,True
OOF,normal,N0283,0,13,0,0.0,0.0677392840602301,0.015047789011113153,1,1,0,4,False,CLEAN_NORMAL,,False,False,False,False,,,,False
OOF,normal,N0284,0,1,0,0.0,0.0,0.0,0,0,0,0,False,CLEAN_NORMAL,,False,False,False,False,,,,False
OOF,normal,N0285,0,41,0,0.0,0.184652620444689,0.039903184319554856,0,3,7,0,False,CLEAN_NORMAL,2.0,False,False,True,False,2.8797945115223165,0.1145325895846247,0.0588235294116828,True
OOF,normal,N0286,0,41,0,0.0,0.009273525276756,0.0005774317078015073,0,0,2,1,False,CLEAN_NORMAL,2.0,False,False,False,False,0.999319877902244,0.1287106053729969,0.0,True
OOF,normal,N0288,0,27,0,0.0,0.040096066080184,0.005458563239147218,0,0,0,0,False,CLEAN_NORMAL,1.0,False,False,False,False,0.7384341977409516,0.0737148782074197,2.6749844169779134e-13,True
OOF,normal,N0289,0,15,0,0.0,0.0,0.0,0,0,0,0,False,CLEAN_NORMAL,,False,False,False,False,,,,False
OOF,normal,N0290,0,4,0,0.0,0.0064661930706066,0.0032330965353033,0,0,0,0,False,CLEAN_NORMAL,,False,False,False,False,,,,False
OOF,normal,N0293,0,41,0,0.0,0.0088139012696315,0.001325250581524705,0,0,0,0,False,CLEAN_NORMAL,2.0,False,False,False,True,1.838199291598186,0.0952030542974925,0.0588235294116828,True
OOF,normal,N0294,0,33,0,0.0,0.1483571202933185,0.010885184131578685,0,0,0,2,False,CLEAN_NORMAL,1.0,False,False,False,False,0.4628876546692917,0.055599900256944,0.0,True
OOF,normal,N0295,0,20,0,0.0,0.0085313579250205,0.0018871291013412297,0,0,0,0,False,CLEAN_NORMAL,,False,False,False,False,,,,False
OOF,normal,N0296,0,11,0,0.0,0.0,0.0,0,0,0,0,False,CLEAN_NORMAL,,False,False,False,False,,,,False
OOF,normal,N0298,0,41,0,0.0,0.0599026721862916,0.003213292706052812,0,0,0,0,False,CLEAN_NORMAL,1.0,False,False,False,False,1.2042630979485955,0.0468906101616786,0.0,True
OOF,normal,N0299,0,39,0,0.0,0.0060603348847903,0.0009488901335790179,0,0,0,1,False,CLEAN_NORMAL,2.0,False,False,False,False,1.201779290182042,0.1330358468938256,0.0,True
OOF,normal,N0300,0,27,0,0.0,0.0033011453344847,0.0009384877496144519,0,1,0,0,False,CLEAN_NORMAL,1.0,False,False,False,False,2.089231545503324,0.0340762089859197,0.0,True
OOF,normal,N0301,0,11,0,0.0,0.0227775015631856,0.008970123431630372,0,1,0,0,False,CLEAN_NORMAL,,False,False,False,False,,,,False
OOF,normal,N0303,0,41,0,0.0,0.0705683408906139,0.012547945008917103,7,6,0,6,False,CLEAN_NORMAL,2.0,False,True,True,False,1.8079153152784708,0.1099376230939662,0.0588235294116828,True
OOF,normal,N0304,0,41,0,0.0,0.0130440863263668,0.0013415620672157218,0,0,0,0,False,CLEAN_NORMAL,2.0,False,False,True,False,0.5003654118505756,0.1251099900573392,2.6749844169779134e-13,True
OOF,normal,N0305,0,29,0,0.0,0.0163071285522822,0.0015354410373986172,0,0,0,0,False,CLEAN_NORMAL,1.0,False,False,False,False,0.6046000366109279,0.0843033490135785,0.0588235294116828,True
OOF,normal,N0306,0,26,0,0.0,0.1522317949633093,0.01232209401611119,0,0,0,6,False,CLEAN_NORMAL,1.0,False,True,False,False,1.3355423547545884,0.0779192637177306,0.0588235294116828,True
OOF,normal,N0309,0,41,0,0.0,0.0894513790600142,0.008045698244059585,0,0,0,0,False,CLEAN_NORMAL,1.0,False,False,False,False,1.3561775937348732,0.0640318443551903,2.6749844169779134e-13,True
OOF,normal,N0310,0,41,0,0.0,0.0596822783658673,0.011459161564115123,0,0,0,11,False,CLEAN_NORMAL,1.0,False,False,False,False,0.7685559457946902,0.04182103381402,2.6749844169779134e-13,True
OOF,normal,N0311,0,29,0,0.0,0.0125215403919519,0.0006555951001117689,0,0,0,0,False,CLEAN_NORMAL,1.0,False,False,False,False,1.71461431417112,0.1046108130161271,2.6749844169779134e-13,True
OOF,normal,N0313,0,8,0,0.0,0.0092174607650995,0.0027067870225494497,0,0,1,3,False,CLEAN_NORMAL,,False,False,False,False,,,,False
OOF,normal,N0315,0,41,0,0.0,0.0601934944691634,0.006375758268908904,0,0,1,5,False,CLEAN_NORMAL,2.0,False,True,False,False,0.7695167293223114,0.0839470499206067,0.0588235294114153,True
OOF,normal,N0316,0,41,0,0.0,0.0090276068606403,0.000963628826334044,0,0,5,0,False,CLEAN_NORMAL,2.0,False,False,False,False,1.4022693248939797,0.0822044248746104,0.0588235294116828,True
OOF,normal,N0318,0,22,0,0.0,0.0125827216091391,0.0012809015634657592,0,0,0,1,False,CLEAN_NORMAL,,False,False,False,False,,,,False
OOF,normal,N0319,0,7,0,0.0,0.0250731245041095,0.005868011101522699,0,0,0,0,False,CLEAN_NORMAL,,False,False,False,False,,,,False
OOF,normal,N0323,0,41,0,0.0,0.0532204567299038,0.005128738632595064,0,0,1,0,False,CLEAN_NORMAL,2.0,False,False,False,False,2.116226243913067,0.0516041073198209,2.6749844169779134e-13,True
OOF,normal,N0324,0,35,0,0.0,0.0066231060505737,0.0009775959502374514,0,0,0,0,False,CLEAN_NORMAL,2.0,False,False,False,True,1.3245168823104976,0.1232682196395969,0.0,True
OOF,normal,N0325,0,21,0,0.0,0.0124221482961438,0.0010502433964089477,0,0,0,0,False,CLEAN_NORMAL,,False,False,False,False,,,,False
OOF,normal,N0326,0,10,0,0.0,0.0593418636259749,0.0065461609082048495,0,0,0,0,False,CLEAN_NORMAL,,False,False,False,False,,,,False
OOF,normal,N0328,0,41,0,0.0,0.0415606670773046,0.004991981851150892,0,1,1,0,False,CLEAN_NORMAL,2.0,False,False,False,False,1.2685972132457148,0.075772940775126,0.0588235294114153,True
OOF,normal,N0329,0,41,0,0.0,0.0099491018093765,0.0007997973205141025,0,0,2,0,False,CLEAN_NORMAL,1.0,False,False,False,False,0.7920574458269748,0.0437190939834716,0.0,True
OOF,normal,N0330,0,33,0,0.0,0.0093529814608641,0.0007469969276115212,0,0,0,2,False,CLEAN_NORMAL,1.0,False,False,False,False,1.7307328687686137,0.0579750422292265,0.0,True
OOF,normal,N0331,0,21,0,0.0,0.0746722681261442,0.009567407639075652,0,7,0,0,False,CLEAN_NORMAL,,False,False,False,False,,,,False
OOF,normal,N0334,0,41,0,0.0,0.0620549020925553,0.0038240603633023316,0,0,0,10,False,CLEAN_NORMAL,1.0,False,True,False,False,1.5799472615090562,0.1472504702854158,2.6749844169779134e-13,True
OOF,normal,N0335,0,36,0,0.0,0.0603250617622332,0.006748569223597561,0,0,0,0,False,CLEAN_NORMAL,1.0,False,False,False,False,0.2113203508688759,0.1841861405897075,0.0,True
OOF,normal,N0336,0,25,0,0.0,0.1196137661377901,0.011361234167537539,0,0,0,0,False,CLEAN_NORMAL,1.0,False,False,False,False,0.4736727782187644,0.0906743270697766,0.0,True
OOF,normal,N0338,0,11,0,0.0,0.0604981674529309,0.007740384681873636,0,1,0,0,False,CLEAN_NORMAL,,False,False,False,False,,,,False
OOF,normal,N0340,0,41,0,0.0,0.0033279251471862,0.00015233713986784146,0,0,0,0,False,CLEAN_NORMAL,2.0,False,False,False,False,2.0596747265681024,0.0640512154955171,2.6749844169779134e-13,True
OOF,normal,N0341,0,41,0,0.0,0.0277139429171686,0.004524745103858839,0,0,5,0,False,CLEAN_NORMAL,1.0,False,False,False,False,1.3828471162137062,0.0451077191917436,2.6749844169779134e-13,True
OOF,normal,N0343,0,25,0,0.0,0.0118592191353979,0.0006032335860964081,0,0,0,0,False,CLEAN_NORMAL,1.0,False,False,False,False,1.041904496012473,0.1318256968333385,2.6749844169779134e-13,True
OOF,normal,N0344,0,12,0,0.0,0.0060106863638908,0.0010187976596955082,0,0,0,0,False,CLEAN_NORMAL,,False,False,False,False,,,,False
OOF,normal,N0345,0,5,0,0.0,0.0,0.0,0,0,0,0,False,CLEAN_NORMAL,,False,False,False,False,,,,False
OOF,normal,N0348,0,41,0,0.0,0.0093321056839594,0.0010212371674101683,0,0,0,7,False,CLEAN_NORMAL,2.0,False,False,False,False,1.027395024114358,0.1165814230322158,0.0588235294116828,True
OOF,normal,N0349,0,32,0,0.0,0.0094830973758649,0.002105260129062778,0,0,0,0,False,CLEAN_NORMAL,1.0,False,False,False,True,1.0414939264996432,0.1932234705971143,0.0588235294116828,True
OOF,normal,N0350,0,19,0,0.0,0.0315866320335355,0.003984016074461821,0,0,0,0,False,CLEAN_NORMAL,,False,False,False,False,,,,False
OOF,normal,N0351,0,9,0,0.0,0.0215425732938451,0.007791627125518345,0,0,0,3,False,CLEAN_NORMAL,,False,False,False,False,,,,False
OOF,normal,N0353,0,41,0,0.0,0.1475710905869291,0.015424446824282102,0,1,2,0,False,CLEAN_NORMAL,2.0,False,False,False,False,2.428204102700197,0.1244318190663964,0.0588235294116828,True
OOF,normal,N0354,0,41,0,0.0,0.0342669170047311,0.004254963340972881,0,3,8,0,False,CLEAN_NORMAL,2.0,False,False,False,False,2.220794650609815,0.1840960628459199,0.0588235294116828,True
OOF,normal,N0355,0,37,0,0.0,0.0162118297580234,0.001275671989808357,0,0,0,0,False,CLEAN_NORMAL,1.0,False,False,False,False,1.6343199663770167,0.1682832257939537,2.6749844169779134e-13,True
OOF,normal,N0356,0,23,0,0.0,0.0128255166557095,0.004244407393493147,0,0,0,1,False,CLEAN_NORMAL,1.0,False,False,False,False,0.8483478078844482,0.0643551355395849,0.0,True
OOF,normal,N0359,0,41,0,0.0,0.1691258722934416,0.014552034350910965,1,13,0,0,False,CLEAN_NORMAL,1.0,False,False,True,False,3.051860756605189,0.0358856366459267,2.6749844169779134e-13,True
OOF,normal,N0360,0,41,0,0.0,0.0245269788899163,0.0016303268119724316,0,0,5,2,False,CLEAN_NORMAL,1.0,False,False,False,False,0.7985993129056755,0.0610109928659056,0.0,True
OOF,normal,N0361,0,41,0,0.0,0.0086445837471556,0.0004929116330533635,0,0,0,0,False,CLEAN_NORMAL,1.0,False,False,False,False,0.93700034872892,0.0360768370923403,0.0,True
OOF,normal,N0363,0,12,0,0.0,0.0033117161586193,0.0005413873054557167,0,0,0,1,False,CLEAN_NORMAL,,False,False,False,False,,,,False
OOF,normal,N0365,0,41,0,0.0,0.052916415386879,0.004802589597940681,0,0,0,3,False,CLEAN_NORMAL,2.0,False,True,False,False,1.809100450138224,0.1160358467298024,0.0588235294116828,True
OOF,normal,N0366,0,41,0,0.0,0.177911435143085,0.02274792026617954,4,11,1,0,False,CLEAN_NORMAL,2.0,False,False,True,False,2.817406146145544,0.1271290017514381,0.0588235294116828,True
OOF,normal,N0368,0,18,0,0.0,0.0973788019154542,0.02304021617245868,0,0,0,1,False,CLEAN_NORMAL,,False,False,False,False,,,,False
OOF,normal,N0369,0,6,0,0.0,0.0334878911772273,0.010395360815958583,0,1,0,0,False,CLEAN_NORMAL,,False,False,False,False,,,,False
OOF,normal,N0371,0,41,0,0.0,0.0555638467557801,0.008709603152290243,0,0,0,2,False,CLEAN_NORMAL,1.0,False,False,True,False,0.1251984599330559,0.0838549502450739,0.0,True
OOF,normal,N0373,0,34,0,0.0,0.0256194018828969,0.003992703360903223,0,0,2,0,False,CLEAN_NORMAL,1.0,False,False,False,False,1.3674415672378055,0.0447051467121537,0.0,True
OOF,normal,N0374,0,21,0,0.0,0.0706003816250799,0.013115379951769061,0,0,0,4,False,CLEAN_NORMAL,,False,False,False,False,,,,False
OOF,normal,N0375,0,12,0,0.0,0.0032781548690954,0.0002731795724246167,0,0,2,0,False,CLEAN_NORMAL,,False,False,False,False,,,,False
OOF,normal,N0378,0,41,0,0.0,0.0572059120341491,0.0047527612303272316,0,0,0,0,False,CLEAN_NORMAL,2.0,False,False,False,False,0.760208344811428,0.0625440048688494,0.0588235294116828,True
OOF,normal,N0379,0,34,0,0.0,0.0451360839604403,0.006103714468378336,1,1,5,8,False,CLEAN_NORMAL,1.0,False,False,True,False,0.8650797404978663,0.0719487085283032,0.0588235294116828,True
OOF,normal,N0380,0,20,0,0.0,0.0196036433925605,0.003792635494951685,0,5,0,0,False,CLEAN_NORMAL,,False,False,False,False,,,,False
OOF,normal,N0381,0,4,0,0.0,0.0062911360451615,0.0031725251388002,0,0,0,1,False,CLEAN_NORMAL,,False,False,False,False,,,,False
OOF,normal,N0383,0,41,0,0.0,0.0125282526807106,0.0005965767942625537,0,0,1,0,False,CLEAN_NORMAL,2.0,False,False,False,False,1.049473645070588,0.1669000285422709,0.0588235294116828,True
OOF,normal,N0384,0,41,0,0.0,0.0339968248952883,0.0031080559375856755,0,0,0,0,False,CLEAN_NORMAL,2.0,False,False,False,True,0.9051627696732162,0.1917262384458236,0.0588235294116828,True
OOF,normal,N0385,0,31,0,0.0,0.129688275670937,0.01826596880679333,0,0,1,0,False,CLEAN_NORMAL,1.0,False,False,False,False,0.192082355369085,0.0450472477522853,0.0588235294116828,True
OOF,normal,N0386,0,19,0,0.0,0.0505388856902855,0.01130517980984077,0,0,0,0,False,CLEAN_NORMAL,,False,False,False,False,,,,False
OOF,normal,N0389,0,41,0,0.0,0.0064316408713028,0.000844647432418483,0,1,0,0,False,CLEAN_NORMAL,2.0,False,False,False,False,1.7250895088462177,0.1084088358562672,0.0588235294116828,True
OOF,normal,N0390,0,41,0,0.0,0.0276897434410017,0.0025664485895568415,0,0,3,0,False,CLEAN_NORMAL,2.0,False,False,False,False,1.3406028438170117,0.0625014171479984,0.0588235294114153,True
OOF,normal,N0391,0,30,0,0.0,0.0251073208763064,0.002595295233066343,0,0,1,1,False,CLEAN_NORMAL,1.0,False,False,False,False,1.2498597144201105,0.0495306305286342,0.0588235294116828,True
OOF,normal,N0393,0,5,0,0.0,0.1001285773341475,0.02454094065926824,0,0,0,0,False,CLEAN_NORMAL,,False,False,False,False,,,,False
OOF,normal,N0395,0,41,0,0.0,0.0427839976771039,0.0024704883061812707,0,1,1,0,False,CLEAN_NORMAL,2.0,False,False,False,False,0.365020866766502,0.1232296641017865,0.0588235294116828,True
OOF,normal,N0396,0,35,0,0.0,0.0656629460405084,0.0074585967531171,0,0,1,0,False,CLEAN_NORMAL,1.0,False,False,False,False,1.6217330901085747,0.0685691198945655,0.0588235294114153,True
OOF,normal,N0398,0,13,0,0.0,0.0033333333333333,0.0007292457854255461,0,0,0,0,False,CLEAN_NORMAL,,False,False,False,False,,,,False
OOF,normal,N0400,0,41,0,0.0,0.0125550059560191,0.0006168776936135536,0,1,0,0,False,CLEAN_NORMAL,1.0,False,False,False,False,0.2523031010893095,0.07252165347859,0.0,True
OOF,normal,N0401,0,37,0,0.0,0.0379498743660654,0.002538584301579573,0,0,0,0,False,CLEAN_NORMAL,1.0,False,False,False,False,0.6237275460668126,0.0748337123877578,0.0588235294116828,True
OOF,normal,N0403,0,12,0,0.0,0.0239251276786465,0.0030212398385934167,0,1,1,0,False,CLEAN_NORMAL,,False,False,False,False,,,,False
OOF,normal,N0404,0,3,0,0.0,0.0,0.0,0,0,0,0,False,CLEAN_NORMAL,,False,False,False,False,,,,False
OOF,normal,N0405,0,41,0,0.0,0.0263527331818493,0.0024256600842643976,0,6,5,0,False,CLEAN_NORMAL,2.0,False,False,False,False,1.1097166857614749,0.1486370225621782,2.6749844169779134e-13,True
OOF,normal,N0406,0,41,0,0.0,0.0259383635359041,0.000994717987338144,0,0,0,0,False,CLEAN_NORMAL,1.0,False,False,False,False,0.4388275901736526,0.0923688351916726,0.0588235294116828,True
OOF,normal,N0408,0,16,0,0.0,0.0032419526606891,0.00020262204129306875,0,0,0,0,False,CLEAN_NORMAL,,False,False,False,False,,,,False
OOF,normal,N0409,0,4,0,0.0,0.0053481304270777,0.001337032606769425,0,0,0,0,False,CLEAN_NORMAL,,False,False,False,False,,,,False
OOF,normal,N0410,0,41,0,0.0,0.0309865889475426,0.003243628471882949,0,2,0,0,False,CLEAN_NORMAL,2.0,False,False,False,False,2.3137135754801457,0.1451259602484961,0.0588235294114153,True
OOF,normal,N0411,0,41,0,0.0,0.0092908285213547,0.0006698712860608025,0,0,0,0,False,CLEAN_NORMAL,1.0,False,False,False,False,0.9661040772805582,0.0622787664973838,0.0588235294114153,True
OOF,normal,N0413,0,19,0,0.0,0.1021081654684435,0.027206759632337423,1,9,0,0,False,CLEAN_NORMAL,,False,False,False,False,,,,False
OOF,normal,N0414,0,6,0,0.0,0.0164877533472629,0.003288739943337667,0,0,0,0,False,CLEAN_NORMAL,,False,False,False,False,,,,False
OOF,normal,N0415,0,5,0,0.0,0.0,0.0,0,0,0,0,False,CLEAN_NORMAL,,False,False,False,False,,,,False
OOF,normal,N0418,0,41,0,0.0,0.0150940339661085,0.0015838660287219024,0,0,0,2,False,CLEAN_NORMAL,1.0,False,False,False,False,1.379242280754904,0.0540859728256765,0.0588235294116828,True
OOF,normal,N0419,0,29,0,0.0,0.0097214504558946,0.0009628826708964345,0,3,0,0,False,CLEAN_NORMAL,1.0,False,False,True,False,2.7214138068432123,0.0631439229731948,0.0588235294114153,True
OOF,normal,N0420,0,14,0,0.0,0.0063720470078877,0.0009039187516136857,0,0,0,0,False,CLEAN_NORMAL,,False,False,False,False,,,,False
OOF,normal,N0421,0,1,0,0.0,0.0,0.0,0,0,0,0,False,CLEAN_NORMAL,,False,False,False,False,,,,False
OOF,normal,N0423,0,40,0,0.0,0.0059366653778087,0.0003125050447855,0,0,0,0,False,CLEAN_NORMAL,2.0,False,False,False,False,1.4769751030074307,0.141465009125755,0.0588235294116828,True
OOF,normal,N0424,0,27,0,0.0,0.0312133878648245,0.002153840203611663,0,0,0,0,False,CLEAN_NORMAL,1.0,False,False,False,False,0.3266515922745032,0.0393068150301776,2.6749844169779134e-13,True
OOF,normal,N0425,0,15,0,0.0,0.0125174723013643,0.0026062462542743867,0,2,3,0,False,CLEAN_NORMAL,,False,False,False,False,,,,False
OOF,normal,N0426,0,2,0,0.0,0.0063043535544821,0.00315217677724105,0,0,0,0,False,CLEAN_NORMAL,,False,False,False,False,,,,False
OOF,normal,N0428,0,41,0,0.0,0.038535196499879,0.0014774353115761757,0,0,0,0,False,CLEAN_NORMAL,2.0,False,False,False,False,1.0830093294947027,0.0997315060770923,0.0588235294116828,True
OOF,normal,N0429,0,30,0,0.0,0.0307309698446275,0.0035052178378325903,0,0,0,0,False,CLEAN_NORMAL,1.0,False,False,False,False,0.7365844133546315,0.1178571288645129,2.6749844169779134e-13,True
OOF,normal,N0430,0,19,0,0.0,0.0337705049658437,0.004648410694142332,0,2,2,0,False,CLEAN_NORMAL,,False,False,False,False,,,,False
OOF,normal,N0431,0,16,0,0.0,0.0298328367686715,0.004205258828241618,0,0,0,0,False,CLEAN_NORMAL,,False,False,False,False,,,,False
OOF,normal,N0433,0,41,0,0.0,0.0275357768991633,0.0021979647735621585,0,0,0,5,False,CLEAN_NORMAL,1.0,False,False,False,False,0.6243288169079055,0.0571344642083132,0.0588235294114153,True
OOF,normal,N0434,0,40,0,0.0,0.0315241080936962,0.0024986873269974776,0,0,0,0,False,CLEAN_NORMAL,2.0,False,False,False,False,0.6786239893798992,0.0871130719217345,2.6749844169779134e-13,True
OOF,normal,N0435,0,26,0,0.0,0.0033126967471143,0.00037095591395473846,0,0,0,0,False,CLEAN_NORMAL,1.0,False,False,False,False,0.8226308080575014,0.0587497339440792,0.0588235294116828,True
OOF,normal,N0436,0,13,0,0.0,0.0029640409351234,0.00022800314885564616,0,0,0,0,False,CLEAN_NORMAL,,False,False,False,False,,,,False
OOF,normal,N0438,0,41,0,0.0,0.0346189279086005,0.0009162767359167488,0,0,0,0,False,CLEAN_NORMAL,2.0,False,False,False,False,0.3145339763434584,0.0669751199714092,0.0588235294116828,True
OOF,normal,N0439,0,40,0,0.0,0.0436498248901256,0.0033228577794437025,0,0,0,0,False,CLEAN_NORMAL,2.0,False,False,False,False,0.6698522804596589,0.1869014467432432,0.0,True
OOF,normal,N0440,0,25,0,0.0,0.0840826633630254,0.010638572452501245,0,3,3,0,False,CLEAN_NORMAL,1.0,False,False,False,False,2.063417964351088,0.0818904241607598,0.0588235294114153,True
OOF,normal,N0441,0,8,0,0.0,0.0466084287554878,0.006225612596869062,0,0,0,0,False,CLEAN_NORMAL,,False,False,False,False,,,,False
OOF,normal,N0443,0,41,0,0.0,0.0289136954319178,0.0036431375595438365,0,0,0,1,False,CLEAN_NORMAL,1.0,False,False,False,False,0.8718726784877682,0.1179279192029338,2.6749844169779134e-13,True
OOF,normal,N0444,0,41,0,0.0,0.0154893967190996,0.0017037983018405927,0,4,1,0,False,CLEAN_NORMAL,1.0,False,False,False,False,1.821723294180736,0.0667283565530249,0.0588235294116828,True
OOF,normal,N0445,0,35,0,0.0,0.2108813673377839,0.01832484494863738,0,1,0,0,False,CLEAN_NORMAL,1.0,False,False,False,False,0.7634197785916135,0.0807390682497818,2.6749844169779134e-13,True
OOF,normal,N0446,0,22,0,0.0,0.0128436621009177,0.0005838028227689863,0,0,0,0,False,CLEAN_NORMAL,1.0,False,False,False,False,0.7742594710035733,0.0731345738260388,0.0,True
OOF,normal,N0449,0,41,0,0.0,0.0548640314793578,0.005548809239363451,0,0,0,0,False,CLEAN_NORMAL,2.0,False,False,False,False,1.475198025929442,0.112632646597549,0.0588235294116828,True
OOF,normal,N0450,0,39,0,0.0,0.0186716376276621,0.0008112604223689718,0,0,1,0,False,CLEAN_NORMAL,1.0,False,False,False,False,0.98825046932412,0.1482458985955833,2.6749844169779134e-13,True
OOF,normal,N0451,0,28,0,0.0,0.0879407106450543,0.004357976517975071,0,0,0,1,False,CLEAN_NORMAL,1.0,False,False,False,False,0.6917161955759636,0.0870450116432178,2.6749844169779134e-13,True
OOF,normal,N0453,0,2,0,0.0,0.003212583412774,0.001606291706387,0,0,0,0,False,CLEAN_NORMAL,,False,False,False,False,,,,False
OOF,normal,N0454,0,41,0,0.0,0.008864851967886,0.0003747667789776854,0,0,0,0,False,CLEAN_NORMAL,2.0,False,False,False,False,1.6196734533591457,0.0573046562242131,0.0588235294114153,True
OOF,normal,N0455,0,41,0,0.0,0.0639036483836313,0.009448601760944126,7,5,1,6,False,CLEAN_NORMAL,2.0,False,False,False,False,1.8379526744541903,0.0940753018001687,2.6749844169779134e-13,True
OOF,normal,N0456,0,30,0,0.0,0.0703085152516472,0.00823255600572759,0,0,0,0,False,CLEAN_NORMAL,1.0,False,False,False,False,0.7765324940216672,0.0937102589784904,0.0,True
OOF,normal,N0458,0,9,0,0.0,0.0029357313701736,0.00032619237446373335,0,0,0,0,False,CLEAN_NORMAL,,False,False,False,False,,,,False
OOF,normal,N0460,0,41,0,0.0,0.0853540444304051,0.01561341458602695,10,10,0,1,False,CLEAN_NORMAL,1.0,False,False,False,False,0.6078305074181366,0.0762641230451008,0.0,True
OOF,normal,N0461,0,39,0,0.0,0.0713727590468614,0.0029325908238177797,0,0,0,0,False,CLEAN_NORMAL,2.0,False,False,False,False,0.6200441970916483,0.1638062482034825,2.6749844169779134e-13,True
OOF,normal,N0463,0,25,0,0.0,0.0097513435893723,0.002240580067471428,0,0,0,0,False,CLEAN_NORMAL,,False,False,False,False,,,,False
OOF,normal,N0464,0,11,0,0.0,0.0098671476855292,0.001775789129963909,0,0,0,0,False,CLEAN_NORMAL,,False,False,False,False,,,,False
OOF,normal,N0466,0,41,0,0.0,0.0221122987137083,0.0015972178957918927,0,0,1,0,False,CLEAN_NORMAL,2.0,False,False,False,False,1.0018384955132411,0.1618640995376795,0.0588235294116828,True
OOF,normal,N0468,0,27,0,0.0,0.1617113020351183,0.014684912613163991,0,0,0,0,False,CLEAN_NORMAL,1.0,False,False,False,False,0.7965420251069015,0.0645236758653648,0.0,True
OOF,normal,N0469,0,28,0,0.0,0.0960707313906378,0.009454076917806323,2,2,0,0,False,CLEAN_NORMAL,1.0,False,False,False,False,0.3760701389745674,0.1356906057690789,0.0,True
OOF,normal,N0470,0,15,0,0.0,0.0269584713479363,0.0025907726818494865,0,0,0,0,False,CLEAN_NORMAL,,False,False,False,False,,,,False
OOF,normal,N0471,0,2,0,0.0,0.0,0.0,0,0,0,0,False,CLEAN_NORMAL,,False,False,False,False,,,,False
OOF,normal,N0473,0,41,0,0.0,0.024417541668691,0.0007454154045395805,0,0,0,0,False,CLEAN_NORMAL,1.0,False,False,False,False,1.1325312638976175,0.0910836580937003,0.0,True
OOF,normal,N0474,0,30,0,0.0,0.0341511771986388,0.0017517844771042332,0,0,0,0,False,CLEAN_NORMAL,1.0,False,False,False,False,0.1887359530790817,0.058843086836376,0.0,True
OOF,normal,N0475,0,18,0,0.0,0.0308871335069749,0.004684751368115772,0,0,0,0,False,CLEAN_NORMAL,,False,False,False,False,,,,False
OOF,normal,N0476,0,5,0,0.0,0.0,0.0,0,0,0,0,False,CLEAN_NORMAL,,False,False,False,False,,,,False
OOF,normal,N0478,0,41,0,0.0,0.0093570122495774,0.0007542563614034805,0,0,0,0,False,CLEAN_NORMAL,2.0,False,False,False,False,1.0129079854721357,0.0823185616239958,0.0588235294116828,True
OOF,normal,N0479,0,41,0,0.0,0.0031522100365569,0.0001461905898172878,0,0,0,0,False,CLEAN_NORMAL,1.0,False,False,False,False,0.6150492290999826,0.0684790892697344,2.6749844169779134e-13,True
OOF,normal,N0480,0,41,0,0.0,0.0093316330962592,0.001064016208706312,0,0,0,0,False,CLEAN_NORMAL,2.0,False,False,False,False,0.9768429073709196,0.0789361763913024,0.0588235294116828,True
OOF,normal,N0481,0,32,0,0.0,0.0267230591690044,0.0010391347060575845,0,0,0,0,False,CLEAN_NORMAL,1.0,False,False,False,False,1.0308053567468909,0.0557896330818107,0.0,True
OOF,normal,N0483,0,35,0,0.0,0.0032612204251227,0.00018269396987086,0,0,0,0,False,CLEAN_NORMAL,2.0,False,False,False,False,0.711844399216885,0.1048962342071065,0.0588235294114153,True
OOF,normal,N0484,0,35,0,0.0,0.0349301903663508,0.0028368290613464114,0,0,0,0,False,CLEAN_NORMAL,2.0,False,False,False,False,1.976022653343144,0.0764810153787628,0.0588235294114153,True
OOF,normal,N0485,0,35,0,0.0,0.0118238733555699,0.0008665779522533742,0,0,0,0,False,CLEAN_NORMAL,1.0,False,False,False,False,0.8262209665615646,0.0703490939535965,0.0,True
OOF,normal,N0486,0,34,0,0.0,0.0709987184299632,0.0026445167331438854,0,0,0,0,False,CLEAN_NORMAL,2.0,False,False,False,False,1.1584667315475434,0.0987138216439904,0.0588235294114153,True
OOF,normal,N0488,0,14,0,0.0,0.0089496966983046,0.0013237601191965927,0,0,0,0,False,CLEAN_NORMAL,,False,False,False,False,,,,False
OOF,normal,N0489,0,12,0,0.0,0.0090686494789061,0.0015575841336215085,0,0,0,0,False,CLEAN_NORMAL,,False,False,False,False,,,,False
OOF,normal,N0491,0,41,0,0.0,0.0188662341243698,0.002019591507904305,0,0,0,0,False,CLEAN_NORMAL,1.0,False,False,False,False,0.374137328758495,0.053803684531819,0.0,True
OOF,normal,N0493,0,30,0,0.0,0.0662165834492072,0.0034340039659471197,0,0,0,0,False,CLEAN_NORMAL,1.0,False,False,False,False,1.271259151291014,0.105847409537569,2.6749844169779134e-13,True
OOF,normal,N0494,0,18,0,0.0,0.0117959788376229,0.0009955815287125056,0,0,0,0,False,CLEAN_NORMAL,,False,False,False,False,,,,False
OOF,normal,N0495,0,6,0,0.0,0.0,0.0,0,0,0,0,False,CLEAN_NORMAL,,False,False,False,False,,,,False
OOF,normal,N0496,0,4,0,0.0,0.0031717456166817,0.000792936404170425,0,0,0,0,False,CLEAN_NORMAL,,False,False,False,False,,,,False
OOF,normal,N0498,0,41,0,0.0,0.1212143663322344,0.008231609470037137,0,0,0,0,False,CLEAN_NORMAL,2.0,False,False,False,False,1.7892876349570404,0.1335540407263395,0.0588235294114153,True
OOF,normal,N0499,0,41,0,0.0,0.0093813893370116,0.00022881437407345364,0,0,0,0,False,CLEAN_NORMAL,2.0,False,False,False,False,1.196220909679437,0.0668921244782504,0.0588235294116828,True
OOF,normal,N0500,0,28,0,0.0,0.0065846182499005,0.00023516493749644644,0,0,0,0,False,CLEAN_NORMAL,,False,False,False,False,,,,False
OOF,normal,N0501,0,15,0,0.0,0.0403001026465514,0.00386710347996598,0,0,0,0,False,CLEAN_NORMAL,,False,False,False,False,,,,False
OOF,normal,N0503,0,4,0,0.0,0.0,0.0,0,0,0,0,False,CLEAN_NORMAL,,False,False,False,False,,,,False
OOF,normal,N0504,0,41,0,0.0,0.0124983496776353,0.0011875100404890465,0,0,0,0,False,CLEAN_NORMAL,1.0,False,False,False,False,1.2197799037222867,0.0903120208093909,0.0,True
OOF,normal,N0505,0,41,0,0.0,0.082754433454907,0.002688122353515495,0,0,0,0,False,CLEAN_NORMAL,1.0,False,False,False,False,0.9117345608485424,0.0579431221084056,0.0,True
OOF,normal,N0506,0,29,0,0.0,0.0097247397579722,0.001061529712289169,0,0,0,0,False,CLEAN_NORMAL,1.0,False,False,False,False,1.1975312742370576,0.1146446442094309,0.0,True
OOF,normal,N0508,0,4,0,0.0,0.0,0.0,0,0,0,0,False,CLEAN_NORMAL,,False,False,False,False,,,,False
OOF,normal,N0509,0,41,0,0.0,0.0623804224965284,0.0035397385141819563,0,0,0,0,False,CLEAN_NORMAL,1.0,False,False,False,False,1.350166672109154,0.079490480425886,0.0,True
OOF,normal,N0510,0,41,0,0.0,0.0282376480603071,0.001306329303796966,0,0,4,0,False,CLEAN_NORMAL,1.0,False,False,False,False,1.8028180554769988,0.0592435506494185,0.0,True
OOF,normal,N0511,0,29,0,0.0,0.1106478968735203,0.026676047764211754,0,0,0,0,False,CLEAN_NORMAL,,False,False,False,False,,,,False
OOF,normal,N0513,0,4,0,0.0,0.0,0.0,0,0,0,0,False,CLEAN_NORMAL,,False,False,False,False,,,,False
OOF,normal,N0514,0,41,0,0.0,0.0389888116990155,0.001564834192386344,0,0,0,0,False,CLEAN_NORMAL,1.0,False,False,False,False,1.2104030308686595,0.0928752943203627,0.0588235294116828,True
OOF,normal,N0515,0,41,0,0.0,0.0783897209316909,0.003932329953191232,0,0,0,0,False,CLEAN_NORMAL,2.0,False,False,False,False,2.00985540473374,0.1277077539812006,2.6749844169779134e-13,True
OOF,normal,N0516,0,31,0,0.0,0.0062127962266223,0.00020041278150394518,0,0,0,0,False,CLEAN_NORMAL,1.0,False,False,False,False,1.1976177859215664,0.0669182041725497,0.0,True
OOF,normal,N0518,0,4,0,0.0,0.0,0.0,0,0,0,0,False,CLEAN_NORMAL,,False,False,False,False,,,,False
OOF,normal,N0519,0,41,0,0.0,0.0213858041622316,0.0027047099060458343,0,0,0,0,False,CLEAN_NORMAL,1.0,False,False,False,False,0.4175097506448022,0.098469955010815,0.0,True
OOF,normal,N0520,0,41,0,0.0,0.0621791908788377,0.0066552895796084454,0,0,0,0,False,CLEAN_NORMAL,1.0,False,False,False,False,1.6060480229215524,0.0575470821205009,0.0588235294116828,True
OOF,normal,N0521,0,30,0,0.0,0.0430417714745429,0.004418170963459156,0,0,0,0,False,CLEAN_NORMAL,1.0,False,False,False,False,1.7181837532941409,0.0566129297363965,2.6749844169779134e-13,True
OOF,normal,N0523,0,2,0,0.0,0.0062840969213031,0.0046347925032114,0,0,0,0,False,CLEAN_NORMAL,,False,False,False,False,,,,False
OOF,normal,N0524,0,41,0,0.0,0.0274761989723051,0.006187903479354374,0,0,0,0,False,CLEAN_NORMAL,2.0,False,False,False,False,1.7985066505506626,0.1288962437394386,2.6749844169779134e-13,True
OOF,normal,N0525,0,41,0,0.0,0.0205178925567019,0.0008723618036710853,0,0,0,0,False,CLEAN_NORMAL,2.0,False,False,False,False,1.021386444794813,0.073600187794936,0.0588235294116828,True
OOF,normal,N0526,0,40,0,0.0,0.0349770786669835,0.0023776032888309074,0,0,0,0,False,CLEAN_NORMAL,2.0,False,False,False,False,1.4194715512610478,0.0884124235132546,2.6749844169779134e-13,True
OOF,normal,N0528,0,16,0,0.0,0.03961596246493,0.0034188618953141002,0,0,0,0,False,CLEAN_NORMAL,,False,False,False,False,,,,False
OOF,normal,N0529,0,2,0,0.0,0.0060373960700156,0.0030186980350078,0,0,0,0,False,CLEAN_NORMAL,,False,False,False,False,,,,False
OOF,normal,N0531,0,41,0,0.0,0.0400031281100694,0.0011947156968649096,0,0,0,0,False,CLEAN_NORMAL,2.0,False,False,False,False,1.2362627094876717,0.069542638627584,0.0588235294116828,True
OOF,normal,N0533,0,29,0,0.0,0.0156178942640048,0.0008766049282541655,0,0,0,0,False,CLEAN_NORMAL,,False,False,False,False,,,,False
OOF,normal,N0534,0,16,0,0.0,0.0091040573676575,0.0015705087352903063,0,0,0,0,False,CLEAN_NORMAL,,False,False,False,False,,,,False
OOF,normal,N0535,0,1,0,0.0,0.0026159215555924,0.0026159215555924,0,0,0,0,False,CLEAN_NORMAL,,False,False,False,False,,,,False
OOF,normal,N0536,0,41,0,0.0,0.0387136005240121,0.0032054650493130343,0,0,0,0,False,CLEAN_NORMAL,1.0,False,False,False,False,1.2719852637283464,0.0929799919924047,0.0,True
OOF,normal,N0538,0,26,0,0.0,0.0152893266469378,0.0021422299393781884,0,0,0,0,False,CLEAN_NORMAL,1.0,False,False,False,False,1.5435473680350715,0.0610031757687564,0.0588235294114153,True
OOF,normal,N0539,0,14,0,0.0,0.003276066094858,0.0006678930980512215,0,0,0,0,False,CLEAN_NORMAL,,False,False,False,False,,,,False
OOF,normal,N0540,0,1,0,0.0,0.0,0.0,0,0,0,0,False,CLEAN_NORMAL,,False,False,False,False,,,,False
OOF,normal,N0543,0,41,0,0.0,0.0990733820844903,0.0071631830588014785,0,0,0,0,False,CLEAN_NORMAL,2.0,False,False,False,False,1.116396328359663,0.0673514601617498,0.0588235294114153,True
OOF,normal,N0544,0,27,0,0.0,0.0029525949505352,0.00010935536853834074,0,0,0,0,False,CLEAN_NORMAL,,False,False,False,False,,,,False
OOF,normal,N0545,0,13,0,0.0,0.0127000168920398,0.0014731741541518077,0,0,0,0,False,CLEAN_NORMAL,,False,False,False,False,,,,False
OOF,normal,N0548,0,41,0,0.0,0.0220409944218524,0.0008299295071776025,0,0,0,0,False,CLEAN_NORMAL,1.0,False,False,False,False,1.8232222472450468,0.0620081238338824,0.0,True
OOF,normal,N0549,0,40,0,0.0,0.008949904111961,0.00061373554512094,0,0,0,0,False,CLEAN_NORMAL,2.0,True,False,False,False,0.7743477691928393,0.1577904774607264,0.0588235294119504,True
OOF,normal,N0550,0,37,0,0.0,0.0061408393408255,0.0005825611610178433,0,0,0,0,False,CLEAN_NORMAL,2.0,True,False,False,False,1.8328288419965952,0.0972084901836822,0.0588235294119504,True
OOF,normal,N0551,0,36,0,0.0,0.0157426265931281,0.0024283050988512887,0,0,0,0,False,CLEAN_NORMAL,1.0,False,False,False,False,1.89462745845936,0.0909227546006557,0.0,True
OOF,normal,N0553,0,8,0,0.0,0.0033042110781058,0.000413026384763225,0,0,0,0,False,CLEAN_NORMAL,,False,False,False,False,,,,False
OOF,normal,N0555,0,41,0,0.0,0.0240412466608757,0.0017161771471955539,0,0,0,0,False,CLEAN_NORMAL,2.0,False,False,False,False,1.6371041843861418,0.1052542330103745,5.349968833955827e-13,True
OOF,normal,N0556,0,41,0,0.0,0.0587600108922825,0.0034613195383829927,0,0,0,0,False,CLEAN_NORMAL,1.0,False,False,False,False,1.093125422671696,0.1105276545320438,0.0588235294114153,True
OOF,normal,N0558,0,21,0,0.0,0.0210546483372627,0.0011445289263419,0,0,0,0,False,CLEAN_NORMAL,1.0,False,False,False,False,0.7018030426848271,0.0916486392047487,0.0,True
OOF,normal,N0559,0,10,0,0.0,0.0031763285024154,0.0008970302222414999,0,0,0,0,False,CLEAN_NORMAL,,False,False,False,False,,,,False
OOF,normal,N0561,0,41,0,0.0,0.0200832726123323,0.002124455329362878,0,0,0,0,False,CLEAN_NORMAL,1.0,True,False,False,False,0.6977560857323255,0.1484007951704543,0.0588235294119504,True
OOF,normal,N0563,0,35,0,0.0,0.0221727016846375,0.0022267183834306253,0,0,0,0,False,CLEAN_NORMAL,2.0,False,False,False,False,0.6753130141205724,0.0648643439016583,0.0588235294114153,True
OOF,normal,N0564,0,21,0,0.0,0.0222193940482731,0.0015328450704066002,0,0,0,0,False,CLEAN_NORMAL,,False,False,False,False,,,,False
OOF,normal,N0565,0,9,0,0.0,0.015182896645815,0.0016869885162016666,0,0,0,0,False,CLEAN_NORMAL,,False,False,False,False,,,,False
OOF,normal,N0568,0,41,0,0.0,0.0216583908148744,0.0019676430807676146,0,0,0,0,False,CLEAN_NORMAL,2.0,False,False,False,False,0.8346675532529549,0.1237345879687774,0.0588235294114153,True
OOF,normal,N0569,0,35,1,0.02857142857142857,0.344969805421748,0.12570612561122335,6,12,0,0,True,FALSE_ALARM_NORMAL,1.0,False,False,True,False,2.9314920565003217,0.0436742656754732,0.0,True
OOF,normal,N0570,0,33,0,0.0,0.0120745237320329,0.0017133308161071848,0,0,0,2,False,CLEAN_NORMAL,1.0,False,False,False,False,0.3077583859976395,0.0704559818794954,5.349968833955827e-13,True
OOF,normal,N0571,0,21,0,0.0,0.0182670980279313,0.004354947978765214,0,0,4,0,False,CLEAN_NORMAL,1.0,False,False,False,False,0.6049668062714183,0.1309189881733927,0.0,True
OOF,normal,N0574,0,41,0,0.0,0.0061285835345022,0.00022507790235080732,0,0,0,0,False,CLEAN_NORMAL,1.0,False,False,False,False,0.5300444366740074,0.0674762805866581,0.0588235294114153,True
OOF,normal,N0575,0,41,0,0.0,0.0256652706054662,0.003953357370750944,0,1,0,10,False,CLEAN_NORMAL,2.0,False,True,False,True,2.589533731252556,0.1085731872719692,0.0,True
OOF,normal,N0576,0,40,0,0.0,0.009515254537742,0.001008523063103,0,0,0,0,False,CLEAN_NORMAL,1.0,False,False,False,False,0.8108984438426313,0.0681474709178081,0.0,True
OOF,normal,N0578,0,26,0,0.0,0.0349185196488316,0.005752989762935104,0,3,0,0,False,CLEAN_NORMAL,1.0,False,False,False,False,2.276055229859024,0.1569893931208725,0.0,True
OOF,normal,N0579,0,15,0,0.0,0.0570751877622877,0.01115227531109104,0,0,0,0,False,CLEAN_NORMAL,,False,False,False,False,,,,False
OOF,normal,N0580,0,1,0,0.0,0.0,0.0,0,0,0,0,False,CLEAN_NORMAL,,False,False,False,False,,,,False
OOF,normal,N0581,0,41,0,0.0,0.0630872858659534,0.0031237919265966,0,0,0,0,False,CLEAN_NORMAL,2.0,False,False,False,False,0.7159120915960575,0.1558883775722608,0.0588235294114153,True
OOF,normal,N0583,0,28,0,0.0,0.0,0.0,0,0,0,0,False,CLEAN_NORMAL,1.0,False,False,False,False,1.425529354072251,0.0516296627425224,0.0588235294114153,True
OOF,normal,N0584,0,16,0,0.0,0.0033229686124963,0.00039631435952040627,0,0,0,0,False,CLEAN_NORMAL,,False,False,False,False,,,,False
OOF,normal,N0585,0,2,0,0.0,0.0065201218303075,0.00326006091515375,0,0,0,0,False,CLEAN_NORMAL,,False,False,False,False,,,,False
OOF,normal,N0586,0,41,0,0.0,0.0228874095526661,0.0026480633637574074,0,1,1,10,False,CLEAN_NORMAL,2.0,False,False,False,False,1.8717508750521696,0.1139119150957118,0.0588235294114153,True
OOF,normal,N0588,0,33,0,0.0,0.0400755852009887,0.005876675206037839,0,0,7,0,False,CLEAN_NORMAL,1.0,False,False,False,False,1.0067811807309044,0.1388559965719988,0.0588235294114153,True
OOF,normal,N0589,0,20,0,0.0,0.0060329048822883,0.0007576136865277601,0,0,1,0,False,CLEAN_NORMAL,,False,False,False,False,,,,False
OOF,normal,N0590,0,9,0,0.0,0.0032963560925646,0.0016681570533945223,0,1,0,0,False,CLEAN_NORMAL,,False,False,False,False,,,,False
OOF,normal,N0593,0,37,0,0.0,0.1097611741094165,0.015724868516049074,0,0,1,0,False,CLEAN_NORMAL,2.0,False,False,False,False,1.7647690272791836,0.0881955489524124,0.0588235294114153,True
OOF,normal,N0594,0,26,0,0.0,0.0247812898950336,0.0022392588721664272,0,0,0,1,False,CLEAN_NORMAL,1.0,False,False,False,False,0.297932272039147,0.0666011221337827,0.0,True
OOF,normal,N0595,0,13,0,0.0,0.0030312049927988,0.0002331696148306769,0,0,0,0,False,CLEAN_NORMAL,,False,False,False,False,,,,False
OOF,normal,N0598,0,35,0,0.0,0.0696958177560912,0.008206867548658172,0,0,2,0,False,CLEAN_NORMAL,1.0,False,False,False,False,0.7730490736420157,0.0490923317244464,0.0,True
TEST,abnormal,A0002,1,38,38,1.0,0.9996875637300124,0.9256236618249039,34,34,5,0,True,DETECTED_ABNORMAL,,False,False,False,False,,,,False
TEST,abnormal,A0007,1,31,31,1.0,0.9500056043610716,0.8076099891902471,20,31,0,21,True,DETECTED_ABNORMAL,,False,False,False,False,,,,False
TEST,abnormal,A0012,1,33,33,1.0,0.9984457093981104,0.9555828948508448,21,33,12,25,True,DETECTED_ABNORMAL,1.0,True,True,True,True,24.66145967318897,1.5835543600122586,0.1176470588235831,True
TEST,abnormal,A0017,1,27,27,1.0,0.9997354467205828,0.8631623911986656,16,27,2,20,True,DETECTED_ABNORMAL,1.0,False,True,True,True,19.73058772133836,1.0329246411037012,0.0588235294116327,True
TEST,normal,N0002,0,15,0,0.0,0.0033264962067996,0.0010585347868494333,0,0,0,1,False,CLEAN_NORMAL,,False,False,False,False,,,,False
TEST,normal,N0007,0,32,0,0.0,0.0092481093528416,0.0014505810716977626,0,0,0,0,False,CLEAN_NORMAL,1.0,False,False,False,False,1.5338133011370496,0.107820669466141,1.0867124193972773e-13,True
TEST,normal,N0012,0,31,0,0.0,0.0230321853859939,0.001544412054410742,0,0,0,0,False,CLEAN_NORMAL,1.0,False,False,False,False,1.1902046688654486,0.1069011474743459,1.0031191563667174e-13,True
TEST,normal,N0017,0,27,0,0.0,0.0415756331741942,0.003001412798053104,0,0,0,1,False,CLEAN_NORMAL,,False,False,False,False,,,,False
TEST,normal,N0022,0,41,0,0.0,0.031495625773087,0.005802727229356122,0,0,0,0,False,CLEAN_NORMAL,1.0,False,False,False,False,0.7535606962832966,0.0472529555634658,1.0031191563667174e-13,True
TEST,normal,N0027,0,41,0,0.0,0.0126421405342466,0.0019326713325621464,0,0,9,0,False,CLEAN_NORMAL,1.0,False,False,False,False,1.0393811078419766,0.0570740886052793,1.170305682427837e-13,True
TEST,normal,N0037,0,15,0,0.0,0.0314308641096992,0.008188861695204965,0,0,0,0,False,CLEAN_NORMAL,,False,False,False,False,,,,False
TEST,normal,N0042,0,41,0,0.0,0.0284378239364321,0.0028494778822566805,0,0,0,2,False,CLEAN_NORMAL,2.0,False,False,False,False,0.9795658035011392,0.0592896353263013,0.0588235294116494,True
TEST,normal,N0047,0,41,0,0.0,0.0155499835891331,0.0007589055315725683,0,0,0,0,False,CLEAN_NORMAL,2.0,False,False,False,False,1.150381250432177,0.1582892008732428,0.058823529411616,True
TEST,normal,N0052,0,41,3,0.07317073170731707,0.4617738036415716,0.142815523729578,3,10,0,0,True,FALSE_ALARM_NORMAL,1.0,False,False,True,False,3.063639954011097,0.0752208166953635,1.337492208488957e-13,True
TEST,normal,N0057,0,41,0,0.0,0.0408115697378259,0.004027685095665671,0,0,0,0,False,CLEAN_NORMAL,2.0,False,False,False,False,1.2096450236621477,0.119122468154986,0.058823529411616,True
TEST,normal,N0062,0,41,0,0.0,0.0149288017977852,0.0010591780036564439,0,0,10,5,False,CLEAN_NORMAL,1.0,False,False,False,False,1.4798725215185493,0.1162753606200017,1.337492208488957e-13,True
TEST,normal,N0067,0,41,3,0.07317073170731707,0.4182587528039569,0.08210037867855483,1,10,0,0,True,FALSE_ALARM_NORMAL,2.0,False,False,True,False,3.1240434703832216,0.0684402837650549,1.0031191563667174e-13,True
TEST,normal,N0072,0,41,0,0.0,0.0124642452248408,0.0023648179889735536,0,0,0,5,False,CLEAN_NORMAL,2.0,False,False,False,False,1.2940438060400627,0.1194200823621855,0.058823529411616,True
TEST,normal,N0077,0,3,0,0.0,0.0,0.0,0,0,0,0,False,CLEAN_NORMAL,,False,False,False,False,,,,False
TEST,normal,N0082,0,7,0,0.0,0.0,0.0,0,0,0,0,False,CLEAN_NORMAL,,False,False,False,False,,,,False
TEST,normal,N0087,0,14,0,0.0,0.0576748359227892,0.013983525319132136,0,0,0,4,False,CLEAN_NORMAL,,False,False,False,False,,,,False
TEST,normal,N0092,0,14,0,0.0,0.0032017199881007,0.0002286942848643357,0,0,1,0,False,CLEAN_NORMAL,,False,False,False,False,,,,False
TEST,normal,N0097,0,16,0,0.0,0.0570053787980486,0.003956917582190638,0,0,0,0,False,CLEAN_NORMAL,,False,False,False,False,,,,False
TEST,normal,N0102,0,36,0,0.0,0.0091420767051938,0.0002539465751442722,0,0,0,0,False,CLEAN_NORMAL,1.0,False,False,False,False,1.3189807028027152,0.1268411439600039,6.687461042444783e-14,True
TEST,normal,N0107,0,41,0,0.0,0.0325263287139798,0.004466341632660285,0,0,0,0,False,CLEAN_NORMAL,2.0,False,False,False,False,0.3342222074016627,0.0493233040996551,0.058823529411616,True
TEST,normal,N0112,0,41,0,0.0,0.032496630186128,0.004845628502946069,0,0,1,0,False,CLEAN_NORMAL,1.0,False,False,False,False,0.5885818223054525,0.059592775765616,0.0588235294116828,True
TEST,normal,N0117,0,8,0,0.0,0.003308961537384,0.000413620192173,0,0,0,0,False,CLEAN_NORMAL,,False,False,False,False,,,,False
TEST,normal,N0122,0,20,0,0.0,0.0192365813752636,0.004560253070282065,3,4,1,0,False,CLEAN_NORMAL,,False,False,False,False,,,,False
TEST,normal,N0127,0,39,0,0.0,0.1416373686386707,0.02602226181220139,0,12,0,0,False,CLEAN_NORMAL,2.0,False,False,True,False,3.986064903025059,0.0854243229916123,0.058823529411616,True
TEST,normal,N0132,0,40,0,0.0,0.0619834137501844,0.004170823837986322,0,0,0,0,False,CLEAN_NORMAL,1.0,False,False,False,False,1.3741553781852949,0.0403853420792144,1.337492208488957e-13,True
TEST,normal,N0137,0,39,0,0.0,0.0627642663129098,0.010329576971986774,0,0,1,1,False,CLEAN_NORMAL,1.0,False,False,False,False,0.6532742975299406,0.100828983737077,1.337492208488957e-13,True
TEST,normal,N0147,0,17,0,0.0,0.0762422590131576,0.016403269419537764,0,0,0,0,False,CLEAN_NORMAL,,False,False,False,False,,,,False
TEST,normal,N0152,0,41,0,0.0,0.0248072715215388,0.0015726672348651072,0,0,0,4,False,CLEAN_NORMAL,2.0,False,False,False,False,0.6422576323658192,0.1234880767402665,1.337492208488957e-13,True
TEST,normal,N0162,0,4,0,0.0,0.0093077842520686,0.003977429604940375,0,0,0,0,False,CLEAN_NORMAL,,False,False,False,False,,,,False
TEST,normal,N0167,0,10,0,0.0,0.2293666873730347,0.11919382944322854,0,1,0,0,False,CLEAN_NORMAL,,False,False,False,False,,,,False
TEST,normal,N0172,0,17,0,0.0,0.0064752178552676,0.0013059491784222412,0,0,7,0,False,CLEAN_NORMAL,,False,False,False,False,,,,False
TEST,normal,N0177,0,37,0,0.0,0.0541237029110486,0.011857242307454049,0,0,0,1,False,CLEAN_NORMAL,1.0,False,False,False,False,1.4115770216226435,0.049240970528709,0.0588235294116828,True
TEST,normal,N0182,0,38,0,0.0,0.0474236957246265,0.005877073538437489,0,0,0,0,False,CLEAN_NORMAL,2.0,False,False,False,False,1.009351699866854,0.1111221743837644,0.0588235294116828,True
TEST,normal,N0187,0,41,0,0.0,0.0212943331949817,0.0024300980599841096,0,0,1,0,False,CLEAN_NORMAL,1.0,False,False,False,False,0.5789733923328235,0.1093165658687739,0.0588235294116828,True
TEST,normal,N0192,0,41,0,0.0,0.0398270141150894,0.006035316413551414,0,0,0,0,False,CLEAN_NORMAL,1.0,False,False,False,False,0.746858453338938,0.0550455238663753,1.337492208488957e-13,True
TEST,normal,N0207,0,3,0,0.0,0.0,0.0,0,0,0,0,False,CLEAN_NORMAL,,False,False,False,False,,,,False
TEST,normal,N0212,0,29,0,0.0,0.0159063170571981,0.00230293805466611,0,0,0,0,False,CLEAN_NORMAL,1.0,False,False,False,False,1.3543089590327095,0.1641471787783394,1.337492208488957e-13,True
TEST,normal,N0217,0,41,0,0.0,0.0404069509682841,0.005711973711124951,0,0,0,0,False,CLEAN_NORMAL,1.0,False,False,True,False,2.606749773799373,0.0651417930535366,1.337492208488957e-13,True
TEST,normal,N0222,0,41,0,0.0,0.0092675729505722,0.0004514136356600732,0,0,0,0,False,CLEAN_NORMAL,2.0,False,False,False,False,1.2286380625455422,0.1480453240798746,1.337492208488957e-13,True
TEST,normal,N0227,0,41,0,0.0,0.031032000590174,0.002887423695124385,0,2,2,0,False,CLEAN_NORMAL,1.0,False,False,False,False,0.3688661616823755,0.0431187468474468,1.337492208488957e-13,True
TEST,normal,N0237,0,6,0,0.0,0.0032746695411233,0.0010319150102530165,0,0,0,0,False,CLEAN_NORMAL,,False,False,False,False,,,,False
TEST,normal,N0242,0,20,0,0.0,0.0781015459154672,0.006274033474674303,0,0,1,0,False,CLEAN_NORMAL,,False,False,False,False,,,,False
TEST,normal,N0247,0,41,0,0.0,0.0290450125611947,0.004567730080512063,0,0,0,0,False,CLEAN_NORMAL,1.0,False,False,False,False,1.4151808615910964,0.1398729854261728,0.0588235294116828,True
TEST,normal,N0252,0,41,0,0.0,0.0975993214632028,0.010069536333600982,0,0,0,7,False,CLEAN_NORMAL,2.0,False,True,False,False,0.9665845515757252,0.074318703383431,0.0588235294116828,True
TEST,normal,N0257,0,41,0,0.0,0.0248623875419958,0.0010698842766227975,0,0,0,3,False,CLEAN_NORMAL,1.0,False,False,False,False,0.3168967023299234,0.055502257934199,1.337492208488957e-13,True
TEST,normal,N0267,0,17,0,0.0,0.0121996008059028,0.0007176235768178119,0,0,0,0,False,CLEAN_NORMAL,,False,False,False,False,,,,False
TEST,normal,N0272,0,34,0,0.0,0.0970774647698999,0.004869118276004067,0,0,0,0,False,CLEAN_NORMAL,1.0,False,False,False,False,1.399868886218958,0.0926349802591578,0.0,True
TEST,normal,N0277,0,12,0,0.0,0.0088790733138308,0.0010037703656049083,0,0,0,1,False,CLEAN_NORMAL,,False,False,False,False,,,,False
TEST,normal,N0282,0,24,0,0.0,0.0317110473943812,0.006856638490106692,0,0,9,0,False,CLEAN_NORMAL,,False,False,False,False,,,,False
TEST,normal,N0287,0,41,0,0.0,0.0696860263317068,0.0034224573027952735,0,0,0,0,False,CLEAN_NORMAL,2.0,False,False,False,True,0.4325633022858673,0.2505649065596964,0.0588235294116828,True
TEST,normal,N0292,0,41,0,0.0,0.0064305317056541,0.0006744166185030464,0,0,3,0,False,CLEAN_NORMAL,2.0,False,False,False,False,1.05657563350259,0.1715740979298172,0.0588235294116828,True
TEST,normal,N0307,0,14,0,0.0,0.0258811147498447,0.0020846830170124144,0,0,0,0,False,CLEAN_NORMAL,,False,False,False,False,,,,False
TEST,normal,N0312,0,15,0,0.0,0.0121351112715564,0.0021207887422672062,0,0,0,1,False,CLEAN_NORMAL,,False,False,False,False,,,,False
TEST,normal,N0317,0,33,0,0.0,0.0686140231366998,0.0039474214970597575,0,0,0,0,False,CLEAN_NORMAL,1.0,False,False,False,False,0.2314625660282436,0.1417535466836688,0.0588235294116828,True
TEST,normal,N0322,0,41,0,0.0,0.0188353743825642,0.0015264197131398586,0,1,1,0,False,CLEAN_NORMAL,1.0,False,False,False,False,0.6954148074181256,0.0941909168522772,2.6749844169779134e-13,True
TEST,normal,N0332,0,5,0,0.0,0.0128285376313689,0.00560818900721498,0,0,0,0,False,CLEAN_NORMAL,,False,False,False,False,,,,False
TEST,normal,N0337,0,23,0,0.0,0.0251397054094659,0.002837204053676804,0,0,0,3,False,CLEAN_NORMAL,,False,False,False,False,,,,False
TEST,normal,N0342,0,36,0,0.0,0.0279189214835288,0.0028059206155049087,0,0,10,0,False,CLEAN_NORMAL,1.0,False,False,False,False,1.065763608867193,0.1058360179810264,0.0,True
TEST,normal,N0347,0,41,0,0.0,0.1025905681669647,0.006755953732045997,0,0,0,0,False,CLEAN_NORMAL,1.0,False,False,False,True,0.5354138503453802,0.0302312619190623,0.0,True
TEST,normal,N0357,0,11,0,0.0,0.025384553683261,0.0051211346002796995,0,2,0,0,False,CLEAN_NORMAL,,False,False,False,False,,,,False
TEST,normal,N0362,0,25,0,0.0,0.0368248480316813,0.002956002453600432,0,0,0,0,False,CLEAN_NORMAL,1.0,False,False,False,False,0.8625598080948743,0.0619113802501267,0.0588235294116828,True
TEST,normal,N0367,0,28,0,0.0,0.0243947660504592,0.0017634289210459967,0,0,0,0,False,CLEAN_NORMAL,1.0,False,False,False,False,0.3466210573229495,0.124817125053433,0.0,True
TEST,normal,N0372,0,41,0,0.0,0.0186789052167542,0.001746241594716239,0,0,2,0,False,CLEAN_NORMAL,2.0,False,False,False,False,0.574836659245998,0.1336059669240425,0.0588235294116828,True
TEST,normal,N0377,0,41,0,0.0,0.0748414574247818,0.004983319158655242,0,0,0,2,False,CLEAN_NORMAL,2.0,False,False,False,False,0.9603882811030886,0.0958791170519566,2.6749844169779134e-13,True
TEST,normal,N0387,0,8,0,0.0,0.0094911188013237,0.0027810602001246626,0,0,0,0,False,CLEAN_NORMAL,,False,False,False,False,,,,False
TEST,normal,N0392,0,16,0,0.0,0.0220555758126693,0.0025203806629639624,0,0,0,0,False,CLEAN_NORMAL,,False,False,False,False,,,,False
TEST,normal,N0397,0,23,0,0.0,0.0402528553625779,0.0036306186124636652,0,3,5,0,False,CLEAN_NORMAL,1.0,False,False,False,False,2.6000292128085256,0.041028597628703,2.6749844169779134e-13,True
TEST,normal,N0402,0,25,0,0.0,0.0154672722208794,0.002271353612220188,0,0,0,0,False,CLEAN_NORMAL,1.0,False,False,True,False,0.1506482316662868,0.1219542669311046,2.6749844169779134e-13,True
TEST,normal,N0407,0,29,0,0.0,0.019092076956533,0.0023078984914695656,0,0,0,1,False,CLEAN_NORMAL,1.0,False,False,False,False,1.3401112270002404,0.0745728740474794,2.6749844169779134e-13,True
TEST,normal,N0412,0,31,0,0.0,0.018614012259892,0.0013766998432725806,0,0,0,2,False,CLEAN_NORMAL,1.0,False,False,False,False,1.0328117767086322,0.0493903810257846,0.0588235294116828,True
TEST,normal,N0417,0,41,0,0.0,0.0033333333333333,0.00016000575534034635,0,0,0,0,False,CLEAN_NORMAL,1.0,False,False,False,False,0.3017164015197613,0.0937736738558144,0.0588235294114153,True
TEST,normal,N0422,0,41,0,0.0,0.1106065889574853,0.016562208481595907,11,7,0,5,False,CLEAN_NORMAL,2.0,False,False,False,False,2.5268929853016893,0.1245224607536189,2.6749844169779134e-13,True
TEST,normal,N0427,0,41,0,0.0,0.0032790463166328,7.997673943006829e-05,0,0,1,0,False,CLEAN_NORMAL,1.0,False,False,False,False,0.7382185460120148,0.0596161874310293,2.6749844169779134e-13,True
TEST,normal,N0432,0,2,0,0.0,0.0063584158627463,0.00317920793137315,0,0,0,0,False,CLEAN_NORMAL,,False,False,False,False,,,,False
TEST,normal,N0437,0,1,0,0.0,0.1442094213138186,0.1442094213138186,0,1,0,0,False,CLEAN_NORMAL,,False,False,False,False,,,,False
TEST,normal,N0447,0,12,0,0.0,0.0061283045984495,0.0007558926175857333,0,1,1,0,False,CLEAN_NORMAL,,False,False,False,False,,,,False
TEST,normal,N0452,0,15,0,0.0,0.0663023639082702,0.017013828346562503,0,0,0,0,False,CLEAN_NORMAL,,False,False,False,False,,,,False
TEST,normal,N0457,0,18,0,0.0,0.0177748735411482,0.0025674514736692333,0,0,0,0,False,CLEAN_NORMAL,,False,False,False,False,,,,False
TEST,normal,N0462,0,25,0,0.0,0.2307683347924306,0.03893858433672516,0,0,0,0,False,CLEAN_NORMAL,,False,False,False,False,,,,False
TEST,normal,N0467,0,40,0,0.0,0.0215279419510862,0.00168941966629309,0,5,5,0,False,CLEAN_NORMAL,2.0,False,False,False,False,1.4990466084149818,0.1544579319266061,2.6749844169779134e-13,True
TEST,normal,N0472,0,41,0,0.0,0.0362090372485744,0.007843692546181499,0,0,0,0,False,CLEAN_NORMAL,2.0,False,False,False,False,2.031932297461734,0.0781568814597727,2.6749844169779134e-13,True
TEST,normal,N0477,0,41,0,0.0,0.009193872336558,0.0005219527086218537,0,0,0,0,False,CLEAN_NORMAL,2.0,False,False,False,False,0.9364141075294948,0.118267094046078,0.0588235294116828,True
TEST,normal,N0482,0,41,0,0.0,0.0898814248548356,0.02301671528450605,0,0,0,0,False,CLEAN_NORMAL,1.0,False,False,False,False,2.1681730764841927,0.0764768654286309,0.0,True
TEST,normal,N0487,0,26,0,0.0,0.0188400437180248,0.0014238922567947115,0,0,0,0,False,CLEAN_NORMAL,1.0,False,False,False,False,0.8724813764720534,0.1592680079296478,2.6749844169779134e-13,True
TEST,normal,N0492,0,41,0,0.0,0.0365184777425544,0.007874974609453932,0,0,6,0,False,CLEAN_NORMAL,1.0,False,False,False,False,0.5921933071110363,0.0570034489558901,0.0588235294116828,True
TEST,normal,N0497,0,41,0,0.0,0.0,0.0,0,0,0,0,False,CLEAN_NORMAL,1.0,False,False,False,False,0.956654556909632,0.0709461083951479,0.0,True
TEST,normal,N0502,0,2,0,0.0,0.0,0.0,0,0,0,0,False,CLEAN_NORMAL,,False,False,False,False,,,,False
TEST,normal,N0507,0,18,0,0.0,0.0033333333333333,0.0007093307335465556,0,0,0,0,False,CLEAN_NORMAL,,False,False,False,False,,,,False
TEST,normal,N0512,0,17,0,0.0,0.0032833791246912,0.0005535232971756882,0,0,0,0,False,CLEAN_NORMAL,,False,False,False,False,,,,False
TEST,normal,N0517,0,16,0,0.0,0.0554863000342372,0.006392037267834656,0,0,0,0,False,CLEAN_NORMAL,,False,False,False,False,,,,False
TEST,normal,N0522,0,16,0,0.0,0.0,0.0,0,0,0,0,False,CLEAN_NORMAL,,False,False,False,False,,,,False
TEST,normal,N0527,0,27,0,0.0,0.0065289409532004,0.0010734997807349926,0,0,0,0,False,CLEAN_NORMAL,,False,False,False,False,,,,False
TEST,normal,N0532,0,41,0,0.0,0.1203240816200442,0.020085196537701647,0,0,0,0,False,CLEAN_NORMAL,1.0,False,False,False,False,1.9969085447807653,0.0711110801002321,2.6749844169779134e-13,True
TEST,normal,N0537,0,41,0,0.0,0.0091494304365574,0.0010622688436037414,0,0,0,0,False,CLEAN_NORMAL,1.0,False,False,False,False,1.4970319977927282,0.1341645588144113,0.0,True
TEST,normal,N0542,0,41,0,0.0,0.074725286824783,0.007883783097168988,0,0,0,0,False,CLEAN_NORMAL,2.0,True,False,False,False,1.641786622349379,0.1555185832823645,0.0588235294119504,True
TEST,normal,N0552,0,22,0,0.0,0.0152790434327699,0.002721642986882932,0,0,0,0,False,CLEAN_NORMAL,,False,False,False,False,,,,False
TEST,normal,N0557,0,36,0,0.0,0.0182616094243118,0.0015448320655791195,0,0,0,0,False,CLEAN_NORMAL,2.0,False,False,False,False,1.6805349353981776,0.0819849878402218,0.0,True
TEST,normal,N0562,0,41,0,0.0,0.0187755945052376,0.001610561171976446,0,0,5,1,False,CLEAN_NORMAL,1.0,False,False,False,False,0.886681350389762,0.1397347274906662,0.0,True
TEST,normal,N0567,0,41,0,0.0,0.0159872121956541,0.0012424433696154853,0,1,0,0,False,CLEAN_NORMAL,1.0,False,False,False,False,2.431480498867177,0.1532993564956218,0.0,True
TEST,normal,N0572,0,11,0,0.0,0.0158215791576918,0.002309351235743164,0,0,0,0,False,CLEAN_NORMAL,,False,False,False,False,,,,False
TEST,normal,N0577,0,26,0,0.0,0.0190178023471802,0.005404131809789165,0,0,0,0,False,CLEAN_NORMAL,,False,False,False,False,,,,False
TEST,normal,N0582,0,41,0,0.0,0.0363275346571243,0.0036410534043248904,0,0,2,0,False,CLEAN_NORMAL,2.0,False,False,False,False,2.418620245941044,0.1047219884880981,0.0,True
TEST,normal,N0587,0,41,0,0.0,0.0866640427341669,0.0042695590936252265,0,0,0,0,False,CLEAN_NORMAL,2.0,False,False,False,False,0.8733545648524851,0.1335096010236841,5.349968833955827e-13,True
TEST,normal,N0592,0,41,0,0.0,0.0503320525369416,0.008890878157199373,0,6,0,0,False,CLEAN_NORMAL,1.0,False,False,False,False,1.157456557309032,0.0533666248976208,0.0588235294114153,True
TEST,normal,N0597,0,41,0,0.0,0.015274522428068,0.0005296712078848317,0,0,0,0,False,CLEAN_NORMAL,2.0,False,False,False,False,1.6400897614093115,0.0795810135064481,0.0588235294114153,True
