eval_set,rule,k,TP,FP,FN,TN,Precision,Recall,F1,F2,FalseAlarmRate,AbnSegDetect,AbnSegDetectRate,NormSegFalseAlarm,NormSegFalseAlarmRate,DelaySec_median,DelaySec_max,status,normal_FP_per_1000_evaluable
OOF,A만,1,298,10,1,11822,0.9675324675324676,0.9966555183946488,0.9818780889621088,0.990691489361702,0.0008451656524678,13/13,1.0,3/424,0.0070754716981132,0.9,0.9,SENSITIVITY_ONLY,0.8451656524678
TEST,A만,1,129,6,0,3033,0.9555555555555556,1.0,0.9772727272727272,0.9907834101382488,0.0019743336623889,4/4,1.0,2/106,0.0188679245283018,0.9,0.9,SENSITIVITY_ONLY,1.9743336623888998
OOF,A만,2,285,6,14,11826,0.979381443298969,0.9531772575250836,0.9661016949152542,0.9583053127101546,0.0005070993914807,12/13,0.9230769230769232,1/424,0.0023584905660377,1.0,1.0,SENSITIVITY_ONLY,0.5070993914806999
TEST,A만,2,125,3,4,3036,0.9765625,0.9689922480620154,0.9727626459143968,0.9704968944099378,0.0009871668311944,4/4,1.0,2/106,0.0188679245283018,1.0,1.0,SENSITIVITY_ONLY,0.9871668311944001
OOF,A만,3,273,5,26,11827,0.9820143884892086,0.9130434782608696,0.9462738301559792,0.9260515603799184,0.0004225828262339,12/13,0.9230769230769232,1/424,0.0023584905660377,1.1,1.1,SENSITIVITY_ONLY,0.4225828262339
TEST,A만,3,121,1,8,3038,0.9918032786885246,0.937984496124031,0.9641434262948207,0.9482758620689652,0.0003290556103981,4/4,1.0,1/106,0.0094339622641509,1.1,1.1,SENSITIVITY_ONLY,0.3290556103981
OOF,A만,5,249,3,50,11829,0.988095238095238,0.8327759197324415,0.9038112522686024,0.8598066298342543,0.0002535496957403,12/13,0.9230769230769232,1/424,0.0023584905660377,1.3,1.3,SENSITIVITY_ONLY,0.2535496957403
TEST,A만,5,113,0,16,3039,1.0,0.875968992248062,0.9338842975206612,0.8982511923688394,0.0,4/4,1.0,0/106,0.0,1.3,1.3,SENSITIVITY_ONLY,0.0
OOF,B만,1,299,119,0,11713,0.715311004784689,1.0,0.8340306834030684,0.926270136307311,0.0100574712643678,13/13,1.0,37/424,0.0872641509433962,0.9,0.9,SENSITIVITY_ONLY,10.0574712643678
TEST,B만,1,129,43,0,2996,0.75,1.0,0.8571428571428571,0.9375,0.0141493912471207,4/4,1.0,14/106,0.1320754716981132,0.9,0.9,SENSITIVITY_ONLY,14.1493912471207
OOF,B만,2,286,62,13,11770,0.8218390804597702,0.9565217391304348,0.8840803709428131,0.9261658031088084,0.0052400270453008,12/13,0.9230769230769232,23/424,0.0542452830188679,1.0,1.0,SENSITIVITY_ONLY,5.2400270453008
TEST,B만,2,125,19,4,3020,0.8680555555555556,0.9689922480620154,0.9157509157509156,0.9469696969696968,0.0062520565975649,4/4,1.0,5/106,0.0471698113207547,1.0,1.0,SENSITIVITY_ONLY,6.2520565975649
OOF,B만,3,274,34,25,11798,0.8896103896103896,0.9163879598662208,0.9028006589785832,0.9109042553191488,0.0028735632183908,12/13,0.9230769230769232,10/424,0.0235849056603773,1.1,1.1,SENSITIVITY_ONLY,2.8735632183908
TEST,B만,3,121,12,8,3027,0.9097744360902256,0.937984496124031,0.9236641221374046,0.9322033898305084,0.0039486673247778,4/4,1.0,3/106,0.0283018867924528,1.1,1.1,SENSITIVITY_ONLY,3.9486673247777997
OOF,B만,5,250,12,49,11820,0.9541984732824428,0.8361204013377926,0.8912655971479501,0.8573388203017832,0.0010141987829614,12/13,0.9230769230769232,3/424,0.0070754716981132,1.3,1.3,SENSITIVITY_ONLY,1.0141987829613999
TEST,B만,5,113,7,16,3032,0.9416666666666668,0.875968992248062,0.9076305220883534,0.8883647798742139,0.0023033892727871,4/4,1.0,2/106,0.0188679245283018,1.3,1.3,SENSITIVITY_ONLY,2.3033892727871
OOF,A·B 모두(경보),1,298,8,1,11824,0.9738562091503268,0.9966555183946488,0.9851239669421488,0.992010652463382,0.0006761325219743,13/13,1.0,2/424,0.0047169811320754,0.9,0.9,FINAL_FROZEN,0.6761325219743
TEST,A·B 모두(경보),1,129,5,0,3034,0.9626865671641792,1.0,0.9809885931558936,0.9923076923076924,0.0016452780519907,4/4,1.0,2/106,0.0188679245283018,0.9,0.9,FINAL_FROZEN,1.6452780519907
OOF,A·B 모두(경보),2,285,6,14,11826,0.979381443298969,0.9531772575250836,0.9661016949152542,0.9583053127101546,0.0005070993914807,12/13,0.9230769230769232,1/424,0.0023584905660377,1.0,1.0,SENSITIVITY_ONLY,0.5070993914806999
TEST,A·B 모두(경보),2,125,2,4,3037,0.984251968503937,0.9689922480620154,0.9765625,0.9720062208398134,0.0006581112207963,4/4,1.0,1/106,0.0094339622641509,1.0,1.0,SENSITIVITY_ONLY,0.6581112207963
OOF,A·B 모두(경보),3,273,5,26,11827,0.9820143884892086,0.9130434782608696,0.9462738301559792,0.9260515603799184,0.0004225828262339,12/13,0.9230769230769232,1/424,0.0023584905660377,1.1,1.1,SENSITIVITY_ONLY,0.4225828262339
TEST,A·B 모두(경보),3,121,1,8,3038,0.9918032786885246,0.937984496124031,0.9641434262948207,0.9482758620689652,0.0003290556103981,4/4,1.0,1/106,0.0094339622641509,1.1,1.1,SENSITIVITY_ONLY,0.3290556103981
OOF,A·B 모두(경보),5,249,3,50,11829,0.988095238095238,0.8327759197324415,0.9038112522686024,0.8598066298342543,0.0002535496957403,12/13,0.9230769230769232,1/424,0.0023584905660377,1.3,1.3,SENSITIVITY_ONLY,0.2535496957403
TEST,A·B 모두(경보),5,113,0,16,3039,1.0,0.875968992248062,0.9338842975206612,0.8982511923688394,0.0,4/4,1.0,0/106,0.0,1.3,1.3,SENSITIVITY_ONLY,0.0
OOF,A·B 중 하나(주의),1,299,121,0,11711,0.7119047619047619,1.0,0.8317107093184979,0.9251237623762376,0.0102265043948613,13/13,1.0,38/424,0.0896226415094339,0.9,0.9,SENSITIVITY_ONLY,10.226504394861301
TEST,A·B 중 하나(주의),1,129,44,0,2995,0.7456647398843931,1.0,0.8543046357615894,0.9361393323657474,0.0144784468575189,4/4,1.0,14/106,0.1320754716981132,0.9,0.9,SENSITIVITY_ONLY,14.4784468575189
OOF,A·B 중 하나(주의),2,286,62,13,11770,0.8218390804597702,0.9565217391304348,0.8840803709428131,0.9261658031088084,0.0052400270453008,12/13,0.9230769230769232,23/424,0.0542452830188679,1.0,1.0,SENSITIVITY_ONLY,5.2400270453008
TEST,A·B 중 하나(주의),2,125,20,4,3019,0.8620689655172413,0.9689922480620154,0.9124087591240876,0.94553706505295,0.0065811122079631,4/4,1.0,5/106,0.0471698113207547,1.0,1.0,SENSITIVITY_ONLY,6.5811122079631
OOF,A·B 중 하나(주의),3,274,34,25,11798,0.8896103896103896,0.9163879598662208,0.9028006589785832,0.9109042553191488,0.0028735632183908,12/13,0.9230769230769232,10/424,0.0235849056603773,1.1,1.1,SENSITIVITY_ONLY,2.8735632183908
TEST,A·B 중 하나(주의),3,121,13,8,3026,0.9029850746268656,0.937984496124031,0.9201520912547528,0.9307692307692308,0.004277722935176,4/4,1.0,3/106,0.0283018867924528,1.1,1.1,SENSITIVITY_ONLY,4.277722935176
OOF,A·B 중 하나(주의),5,250,12,49,11820,0.9541984732824428,0.8361204013377926,0.8912655971479501,0.8573388203017832,0.0010141987829614,12/13,0.9230769230769232,3/424,0.0070754716981132,1.3,1.3,SENSITIVITY_ONLY,1.0141987829613999
TEST,A·B 중 하나(주의),5,113,8,16,3031,0.9338842975206612,0.875968992248062,0.904,0.8869701726844585,0.0026324448831852,4/4,1.0,2/106,0.0188679245283018,1.3,1.3,SENSITIVITY_ONLY,2.6324448831852
