eval_set,source,segment_id,total_rows,evaluated_rows,n_alert,n_caution,n_not_eval,highest_state
OOF,abnormal,A0001,41,41,41,0,0,경보
OOF,abnormal,A0003,22,22,22,0,0,경보
OOF,abnormal,A0004,9,9,9,0,0,경보
OOF,abnormal,A0006,41,41,41,0,0,경보
OOF,abnormal,A0008,16,16,16,0,0,경보
OOF,abnormal,A0011,41,41,41,0,0,경보
OOF,abnormal,A0013,19,19,19,0,0,경보
OOF,abnormal,A0014,6,6,5,1,0,경보
OOF,abnormal,A0015,41,41,41,0,0,경보
OOF,abnormal,A0016,41,41,41,0,0,경보
OOF,abnormal,A0018,15,15,15,0,0,경보
OOF,abnormal,A0019,1,1,1,0,0,경보
OOF,abnormal,A0020,6,6,6,0,0,경보
OOF,normal,N0000,32,32,0,0,0,정상
OOF,normal,N0001,28,28,0,0,0,정상
OOF,normal,N0003,1,1,0,0,0,정상
OOF,normal,N0004,41,41,0,0,0,정상
OOF,normal,N0005,41,41,0,0,0,정상
OOF,normal,N0006,41,41,0,2,0,주의
OOF,normal,N0008,17,17,0,0,0,정상
OOF,normal,N0009,4,4,0,0,0,정상
OOF,normal,N0010,41,41,0,0,0,정상
OOF,normal,N0011,41,41,0,2,0,주의
OOF,normal,N0013,16,16,0,1,0,주의
OOF,normal,N0014,5,5,0,0,0,정상
OOF,normal,N0015,41,41,0,0,0,정상
OOF,normal,N0016,41,41,0,0,0,정상
OOF,normal,N0018,27,27,0,0,0,정상
OOF,normal,N0019,14,14,0,5,0,주의
OOF,normal,N0020,13,13,0,0,0,정상
OOF,normal,N0021,2,2,0,0,0,정상
OOF,normal,N0023,41,41,0,10,0,주의
OOF,normal,N0024,27,27,0,0,0,정상
OOF,normal,N0025,17,17,0,0,0,정상
OOF,normal,N0026,3,3,0,0,0,정상
OOF,normal,N0028,41,41,0,0,0,정상
OOF,normal,N0029,33,33,0,0,0,정상
OOF,normal,N0030,18,18,0,0,0,정상
OOF,normal,N0031,4,4,0,0,0,정상
OOF,normal,N0033,41,41,0,0,0,정상
OOF,normal,N0034,41,41,0,0,0,정상
OOF,normal,N0035,29,29,0,1,0,주의
OOF,normal,N0036,28,28,0,0,0,정상
OOF,normal,N0038,3,3,0,0,0,정상
OOF,normal,N0039,3,3,0,0,0,정상
OOF,normal,N0041,41,41,0,0,0,정상
OOF,normal,N0043,34,34,0,0,0,정상
OOF,normal,N0044,20,20,0,0,0,정상
OOF,normal,N0045,8,8,0,0,0,정상
OOF,normal,N0048,41,41,0,2,0,주의
OOF,normal,N0049,31,31,0,7,0,주의
OOF,normal,N0050,13,13,0,0,0,정상
OOF,normal,N0051,41,41,0,0,0,정상
OOF,normal,N0053,41,41,0,0,0,정상
OOF,normal,N0054,41,41,0,0,0,정상
OOF,normal,N0055,41,41,0,0,0,정상
OOF,normal,N0056,41,41,0,0,0,정상
OOF,normal,N0058,41,41,0,0,0,정상
OOF,normal,N0059,41,41,0,0,0,정상
OOF,normal,N0060,41,41,0,0,0,정상
OOF,normal,N0061,41,41,0,0,0,정상
OOF,normal,N0063,41,41,0,0,0,정상
OOF,normal,N0064,41,41,0,11,0,주의
OOF,normal,N0065,41,41,0,0,0,정상
OOF,normal,N0066,41,41,0,0,0,정상
OOF,normal,N0068,41,41,0,0,0,정상
OOF,normal,N0069,41,41,0,0,0,정상
OOF,normal,N0070,41,41,0,0,0,정상
OOF,normal,N0071,41,41,0,0,0,정상
OOF,normal,N0073,41,41,0,1,0,주의
OOF,normal,N0074,41,41,0,0,0,정상
OOF,normal,N0075,41,41,0,0,0,정상
OOF,normal,N0076,41,41,0,0,0,정상
OOF,normal,N0078,41,41,0,0,0,정상
OOF,normal,N0079,41,41,0,0,0,정상
OOF,normal,N0080,33,33,0,0,0,정상
OOF,normal,N0081,22,22,0,0,0,정상
OOF,normal,N0084,41,41,0,0,0,정상
OOF,normal,N0085,37,37,0,0,0,정상
OOF,normal,N0086,24,24,0,0,0,정상
OOF,normal,N0088,3,3,0,0,0,정상
OOF,normal,N0089,41,41,0,0,0,정상
OOF,normal,N0090,40,40,0,0,0,정상
OOF,normal,N0091,27,27,0,2,0,주의
OOF,normal,N0094,41,41,0,3,0,주의
OOF,normal,N0095,41,41,0,0,0,정상
OOF,normal,N0096,29,29,0,0,0,정상
OOF,normal,N0098,15,15,0,1,0,주의
OOF,normal,N0099,3,3,0,0,0,정상
OOF,normal,N0100,41,41,0,0,0,정상
OOF,normal,N0101,41,41,0,0,0,정상
OOF,normal,N0103,25,25,0,0,0,정상
OOF,normal,N0104,25,25,0,0,0,정상
OOF,normal,N0105,13,13,0,0,0,정상
OOF,normal,N0108,41,41,0,0,0,정상
OOF,normal,N0109,28,28,0,0,0,정상
OOF,normal,N0110,14,14,0,0,0,정상
OOF,normal,N0111,1,1,0,0,0,정상
OOF,normal,N0113,41,41,0,0,0,정상
OOF,normal,N0114,31,31,0,0,0,정상
OOF,normal,N0115,18,18,0,0,0,정상
OOF,normal,N0116,18,18,0,0,0,정상
OOF,normal,N0119,41,41,0,0,0,정상
OOF,normal,N0120,41,41,0,2,0,주의
OOF,normal,N0121,33,33,0,0,0,정상
OOF,normal,N0123,9,9,0,0,0,정상
OOF,normal,N0125,41,41,0,0,0,정상
OOF,normal,N0126,41,41,0,0,0,정상
OOF,normal,N0128,27,27,0,0,0,정상
OOF,normal,N0129,11,11,0,0,0,정상
OOF,normal,N0131,41,41,0,0,0,정상
OOF,normal,N0133,26,26,0,0,0,정상
OOF,normal,N0134,13,13,0,0,0,정상
OOF,normal,N0136,41,41,0,0,0,정상
OOF,normal,N0138,39,39,0,0,0,정상
OOF,normal,N0139,26,26,0,0,0,정상
OOF,normal,N0140,14,14,0,4,0,주의
OOF,normal,N0141,4,4,0,0,0,정상
OOF,normal,N0144,41,41,0,0,0,정상
OOF,normal,N0145,41,41,0,0,0,정상
OOF,normal,N0146,31,31,0,0,0,정상
OOF,normal,N0148,17,17,0,0,0,정상
OOF,normal,N0149,6,6,0,0,0,정상
OOF,normal,N0153,41,41,0,0,0,정상
OOF,normal,N0154,38,38,0,0,0,정상
OOF,normal,N0155,25,25,0,0,0,정상
OOF,normal,N0156,10,10,0,0,0,정상
OOF,normal,N0158,41,41,0,0,0,정상
OOF,normal,N0159,41,41,0,2,0,주의
OOF,normal,N0160,29,29,0,0,0,정상
OOF,normal,N0161,17,17,0,0,0,정상
OOF,normal,N0164,41,41,0,5,0,주의
OOF,normal,N0165,34,34,0,0,0,정상
OOF,normal,N0166,23,23,0,0,0,정상
OOF,normal,N0169,41,41,0,0,0,정상
OOF,normal,N0170,33,33,0,0,0,정상
OOF,normal,N0171,18,18,0,0,0,정상
OOF,normal,N0173,5,5,0,0,0,정상
OOF,normal,N0175,41,41,0,0,0,정상
OOF,normal,N0176,41,41,0,0,0,정상
OOF,normal,N0178,23,23,7,6,0,경보
OOF,normal,N0179,11,11,0,0,0,정상
OOF,normal,N0181,41,41,0,0,0,정상
OOF,normal,N0183,23,23,0,0,0,정상
OOF,normal,N0184,24,24,0,0,0,정상
OOF,normal,N0185,13,13,0,0,0,정상
OOF,normal,N0188,41,41,0,0,0,정상
OOF,normal,N0189,27,27,0,0,0,정상
OOF,normal,N0190,17,17,0,0,0,정상
OOF,normal,N0191,3,3,0,0,0,정상
OOF,normal,N0193,41,41,0,0,0,정상
OOF,normal,N0194,33,33,0,0,0,정상
OOF,normal,N0195,20,20,0,0,0,정상
OOF,normal,N0196,9,9,0,0,0,정상
OOF,normal,N0198,41,41,0,0,0,정상
OOF,normal,N0199,40,40,0,0,0,정상
OOF,normal,N0200,24,24,0,0,0,정상
OOF,normal,N0201,13,13,0,3,0,주의
OOF,normal,N0203,41,41,0,0,0,정상
OOF,normal,N0204,39,39,0,0,0,정상
OOF,normal,N0205,24,24,0,0,0,정상
OOF,normal,N0206,13,13,0,0,0,정상
OOF,normal,N0208,2,2,0,0,0,정상
OOF,normal,N0209,41,41,0,0,0,정상
OOF,normal,N0210,41,41,0,0,0,정상
OOF,normal,N0211,41,41,0,0,0,정상
OOF,normal,N0213,14,14,0,0,0,정상
OOF,normal,N0214,3,3,0,0,0,정상
OOF,normal,N0215,1,1,0,0,0,정상
OOF,normal,N0216,41,41,0,0,0,정상
OOF,normal,N0218,29,29,0,0,0,정상
OOF,normal,N0219,15,15,0,0,0,정상
OOF,normal,N0220,5,5,0,0,0,정상
OOF,normal,N0221,41,41,0,0,0,정상
OOF,normal,N0223,31,31,0,0,0,정상
OOF,normal,N0224,20,20,0,0,0,정상
OOF,normal,N0225,6,6,0,0,0,정상
OOF,normal,N0228,41,41,0,0,0,정상
OOF,normal,N0229,34,34,0,0,0,정상
OOF,normal,N0230,23,23,0,0,0,정상
OOF,normal,N0231,7,7,0,0,0,정상
OOF,normal,N0233,41,41,0,0,0,정상
OOF,normal,N0234,41,41,0,0,0,정상
OOF,normal,N0235,32,32,0,0,0,정상
OOF,normal,N0236,17,17,0,0,0,정상
OOF,normal,N0239,41,41,0,0,0,정상
OOF,normal,N0240,41,41,0,0,0,정상
OOF,normal,N0241,34,34,0,0,0,정상
OOF,normal,N0243,7,7,0,0,0,정상
OOF,normal,N0245,41,41,0,0,0,정상
OOF,normal,N0246,41,41,0,0,0,정상
OOF,normal,N0248,26,26,0,0,0,정상
OOF,normal,N0249,14,14,0,0,0,정상
OOF,normal,N0251,41,41,0,0,0,정상
OOF,normal,N0253,29,29,0,0,0,정상
OOF,normal,N0254,18,18,0,2,0,주의
OOF,normal,N0255,4,4,0,0,0,정상
OOF,normal,N0258,36,36,0,0,0,정상
OOF,normal,N0259,23,23,0,0,0,정상
OOF,normal,N0260,10,10,0,0,0,정상
OOF,normal,N0261,12,12,0,0,0,정상
OOF,normal,N0264,41,41,0,0,0,정상
OOF,normal,N0265,41,41,0,0,0,정상
OOF,normal,N0266,30,30,0,0,0,정상
OOF,normal,N0268,6,6,0,0,0,정상
OOF,normal,N0270,41,41,0,0,0,정상
OOF,normal,N0271,41,41,0,0,0,정상
OOF,normal,N0273,36,36,0,0,0,정상
OOF,normal,N0274,41,41,0,0,0,정상
OOF,normal,N0275,38,38,0,0,0,정상
OOF,normal,N0276,23,23,0,0,0,정상
OOF,normal,N0280,41,41,0,0,0,정상
OOF,normal,N0281,39,39,0,0,0,정상
OOF,normal,N0283,13,13,0,1,0,주의
OOF,normal,N0284,1,1,0,0,0,정상
OOF,normal,N0285,41,41,0,1,0,주의
OOF,normal,N0286,41,41,0,0,0,정상
OOF,normal,N0288,27,27,0,0,0,정상
OOF,normal,N0289,15,15,0,0,0,정상
OOF,normal,N0290,4,4,0,0,0,정상
OOF,normal,N0293,41,41,0,0,0,정상
OOF,normal,N0294,33,33,0,0,0,정상
OOF,normal,N0295,20,20,0,0,0,정상
OOF,normal,N0296,11,11,0,0,0,정상
OOF,normal,N0298,41,41,0,0,0,정상
OOF,normal,N0299,39,39,0,0,0,정상
OOF,normal,N0300,27,27,0,0,0,정상
OOF,normal,N0301,11,11,0,0,0,정상
OOF,normal,N0303,41,41,0,1,0,주의
OOF,normal,N0304,41,41,0,0,0,정상
OOF,normal,N0305,29,29,0,0,0,정상
OOF,normal,N0306,26,26,0,0,0,정상
OOF,normal,N0309,41,41,0,0,0,정상
OOF,normal,N0310,41,41,0,5,0,주의
OOF,normal,N0311,29,29,0,0,0,정상
OOF,normal,N0313,8,8,0,0,0,정상
OOF,normal,N0315,41,41,0,0,0,정상
OOF,normal,N0316,41,41,0,0,0,정상
OOF,normal,N0318,22,22,0,0,0,정상
OOF,normal,N0319,7,7,0,0,0,정상
OOF,normal,N0323,41,41,0,2,0,주의
OOF,normal,N0324,35,35,0,0,0,정상
OOF,normal,N0325,21,21,0,0,0,정상
OOF,normal,N0326,10,10,0,0,0,정상
OOF,normal,N0328,41,41,0,0,0,정상
OOF,normal,N0329,41,41,0,0,0,정상
OOF,normal,N0330,33,33,0,0,0,정상
OOF,normal,N0331,21,21,0,0,0,정상
OOF,normal,N0334,41,41,0,0,0,정상
OOF,normal,N0335,36,36,0,0,0,정상
OOF,normal,N0336,25,25,0,0,0,정상
OOF,normal,N0338,11,11,0,0,0,정상
OOF,normal,N0340,41,41,0,0,0,정상
OOF,normal,N0341,41,41,0,0,0,정상
OOF,normal,N0343,25,25,0,0,0,정상
OOF,normal,N0344,12,12,0,0,0,정상
OOF,normal,N0345,5,5,0,0,0,정상
OOF,normal,N0348,41,41,0,0,0,정상
OOF,normal,N0349,32,32,0,0,0,정상
OOF,normal,N0350,19,19,0,0,0,정상
OOF,normal,N0351,9,9,0,0,0,정상
OOF,normal,N0353,41,41,0,2,0,주의
OOF,normal,N0354,41,41,0,0,0,정상
OOF,normal,N0355,37,37,0,0,0,정상
OOF,normal,N0356,23,23,0,0,0,정상
OOF,normal,N0359,41,41,0,4,0,주의
OOF,normal,N0360,41,41,0,0,0,정상
OOF,normal,N0361,41,41,0,0,0,정상
OOF,normal,N0363,12,12,0,0,0,정상
OOF,normal,N0365,41,41,0,0,0,정상
OOF,normal,N0366,41,41,0,1,0,주의
OOF,normal,N0368,18,18,0,0,0,정상
OOF,normal,N0369,6,6,0,0,0,정상
OOF,normal,N0371,41,41,0,3,0,주의
OOF,normal,N0373,34,34,0,0,0,정상
OOF,normal,N0374,21,21,0,0,0,정상
OOF,normal,N0375,12,12,0,0,0,정상
OOF,normal,N0378,41,41,0,0,0,정상
OOF,normal,N0379,34,34,0,0,0,정상
OOF,normal,N0380,20,20,0,0,0,정상
OOF,normal,N0381,4,4,0,0,0,정상
OOF,normal,N0383,41,41,0,0,0,정상
OOF,normal,N0384,41,41,0,0,0,정상
OOF,normal,N0385,31,31,0,0,0,정상
OOF,normal,N0386,19,19,0,0,0,정상
OOF,normal,N0389,41,41,0,0,0,정상
OOF,normal,N0390,41,41,0,2,0,주의
OOF,normal,N0391,30,30,0,0,0,정상
OOF,normal,N0393,5,5,0,0,0,정상
OOF,normal,N0395,41,41,0,0,0,정상
OOF,normal,N0396,35,35,0,2,0,주의
OOF,normal,N0398,13,13,0,0,0,정상
OOF,normal,N0400,41,41,0,0,0,정상
OOF,normal,N0401,37,37,0,0,0,정상
OOF,normal,N0403,12,12,0,0,0,정상
OOF,normal,N0404,3,3,0,0,0,정상
OOF,normal,N0405,41,41,0,0,0,정상
OOF,normal,N0406,41,41,0,0,0,정상
OOF,normal,N0408,16,16,0,0,0,정상
OOF,normal,N0409,4,4,0,0,0,정상
OOF,normal,N0410,41,41,0,0,0,정상
OOF,normal,N0411,41,41,0,0,0,정상
OOF,normal,N0413,19,19,0,1,0,주의
OOF,normal,N0414,6,6,0,0,0,정상
OOF,normal,N0415,5,5,0,0,0,정상
OOF,normal,N0418,41,41,0,0,0,정상
OOF,normal,N0419,29,29,0,0,0,정상
OOF,normal,N0420,14,14,0,0,0,정상
OOF,normal,N0421,1,1,0,0,0,정상
OOF,normal,N0423,40,40,0,0,0,정상
OOF,normal,N0424,27,27,0,0,0,정상
OOF,normal,N0425,15,15,0,0,0,정상
OOF,normal,N0426,2,2,0,0,0,정상
OOF,normal,N0428,41,41,0,0,0,정상
OOF,normal,N0429,30,30,0,0,0,정상
OOF,normal,N0430,19,19,0,0,0,정상
OOF,normal,N0431,16,16,0,0,0,정상
OOF,normal,N0433,41,41,0,0,0,정상
OOF,normal,N0434,40,40,0,0,0,정상
OOF,normal,N0435,26,26,0,0,0,정상
OOF,normal,N0436,13,13,0,0,0,정상
OOF,normal,N0438,41,41,0,0,0,정상
OOF,normal,N0439,40,40,0,1,0,주의
OOF,normal,N0440,25,25,0,0,0,정상
OOF,normal,N0441,8,8,0,0,0,정상
OOF,normal,N0443,41,41,0,0,0,정상
OOF,normal,N0444,41,41,0,0,0,정상
OOF,normal,N0445,35,35,0,0,0,정상
OOF,normal,N0446,22,22,0,0,0,정상
OOF,normal,N0449,41,41,0,0,0,정상
OOF,normal,N0450,39,39,0,0,0,정상
OOF,normal,N0451,28,28,0,0,0,정상
OOF,normal,N0453,2,2,0,0,0,정상
OOF,normal,N0454,41,41,0,0,0,정상
OOF,normal,N0455,41,41,0,1,0,주의
OOF,normal,N0456,30,30,0,0,0,정상
OOF,normal,N0458,9,9,0,0,0,정상
OOF,normal,N0460,41,41,0,5,0,주의
OOF,normal,N0461,39,39,0,0,0,정상
OOF,normal,N0463,25,25,0,0,0,정상
OOF,normal,N0464,11,11,0,0,0,정상
OOF,normal,N0466,41,41,0,0,0,정상
OOF,normal,N0468,27,27,0,0,0,정상
OOF,normal,N0469,28,28,0,0,0,정상
OOF,normal,N0470,15,15,0,0,0,정상
OOF,normal,N0471,2,2,0,0,0,정상
OOF,normal,N0473,41,41,0,0,0,정상
OOF,normal,N0474,30,30,0,0,0,정상
OOF,normal,N0475,18,18,0,0,0,정상
OOF,normal,N0476,5,5,0,0,0,정상
OOF,normal,N0478,41,41,0,0,0,정상
OOF,normal,N0479,41,41,0,0,0,정상
OOF,normal,N0480,41,41,0,0,0,정상
OOF,normal,N0481,32,32,0,0,0,정상
OOF,normal,N0483,35,35,0,0,0,정상
OOF,normal,N0484,35,35,0,0,0,정상
OOF,normal,N0485,35,35,0,0,0,정상
OOF,normal,N0486,34,34,0,0,0,정상
OOF,normal,N0488,14,14,0,0,0,정상
OOF,normal,N0489,12,12,0,0,0,정상
OOF,normal,N0491,41,41,0,0,0,정상
OOF,normal,N0493,30,30,0,0,0,정상
OOF,normal,N0494,18,18,0,0,0,정상
OOF,normal,N0495,6,6,0,0,0,정상
OOF,normal,N0496,4,4,0,0,0,정상
OOF,normal,N0498,41,41,0,0,0,정상
OOF,normal,N0499,41,41,0,0,0,정상
OOF,normal,N0500,28,28,0,0,0,정상
OOF,normal,N0501,15,15,0,0,0,정상
OOF,normal,N0503,4,4,0,0,0,정상
OOF,normal,N0504,41,41,0,0,0,정상
OOF,normal,N0505,41,41,0,0,0,정상
OOF,normal,N0506,29,29,0,0,0,정상
OOF,normal,N0508,4,4,0,0,0,정상
OOF,normal,N0509,41,41,0,0,0,정상
OOF,normal,N0510,41,41,0,0,0,정상
OOF,normal,N0511,29,29,0,0,0,정상
OOF,normal,N0513,4,4,0,0,0,정상
OOF,normal,N0514,41,41,0,0,0,정상
OOF,normal,N0515,41,41,0,0,0,정상
OOF,normal,N0516,31,31,0,0,0,정상
OOF,normal,N0518,4,4,0,0,0,정상
OOF,normal,N0519,41,41,0,0,0,정상
OOF,normal,N0520,41,41,0,0,0,정상
OOF,normal,N0521,30,30,0,0,0,정상
OOF,normal,N0523,2,2,0,0,0,정상
OOF,normal,N0524,41,41,0,0,0,정상
OOF,normal,N0525,41,41,0,0,0,정상
OOF,normal,N0526,40,40,0,0,0,정상
OOF,normal,N0528,16,16,0,0,0,정상
OOF,normal,N0529,2,2,0,0,0,정상
OOF,normal,N0531,41,41,0,0,0,정상
OOF,normal,N0533,29,29,0,0,0,정상
OOF,normal,N0534,16,16,0,0,0,정상
OOF,normal,N0535,1,1,0,0,0,정상
OOF,normal,N0536,41,41,0,0,0,정상
OOF,normal,N0538,26,26,0,0,0,정상
OOF,normal,N0539,14,14,0,0,0,정상
OOF,normal,N0540,1,1,0,0,0,정상
OOF,normal,N0543,41,41,0,0,0,정상
OOF,normal,N0544,27,27,0,0,0,정상
OOF,normal,N0545,13,13,0,0,0,정상
OOF,normal,N0548,41,41,0,0,0,정상
OOF,normal,N0549,40,40,0,0,0,정상
OOF,normal,N0550,37,37,0,0,0,정상
OOF,normal,N0551,36,36,0,0,0,정상
OOF,normal,N0553,8,8,0,0,0,정상
OOF,normal,N0555,41,41,0,0,0,정상
OOF,normal,N0556,41,41,0,0,0,정상
OOF,normal,N0558,21,21,0,0,0,정상
OOF,normal,N0559,10,10,0,0,0,정상
OOF,normal,N0561,41,41,0,0,0,정상
OOF,normal,N0563,35,35,0,0,0,정상
OOF,normal,N0564,21,21,0,0,0,정상
OOF,normal,N0565,9,9,0,0,0,정상
OOF,normal,N0568,41,41,0,0,0,정상
OOF,normal,N0569,35,35,1,7,0,경보
OOF,normal,N0570,33,33,0,0,0,정상
OOF,normal,N0571,21,21,0,0,0,정상
OOF,normal,N0574,41,41,0,0,0,정상
OOF,normal,N0575,41,41,0,0,0,정상
OOF,normal,N0576,40,40,0,0,0,정상
OOF,normal,N0578,26,26,0,0,0,정상
OOF,normal,N0579,15,15,0,0,0,정상
OOF,normal,N0580,1,1,0,0,0,정상
OOF,normal,N0581,41,41,0,0,0,정상
OOF,normal,N0583,28,28,0,0,0,정상
OOF,normal,N0584,16,16,0,0,0,정상
OOF,normal,N0585,2,2,0,0,0,정상
OOF,normal,N0586,41,41,0,0,0,정상
OOF,normal,N0588,33,33,0,1,0,주의
OOF,normal,N0589,20,20,0,0,0,정상
OOF,normal,N0590,9,9,0,0,0,정상
OOF,normal,N0593,37,37,0,0,0,정상
OOF,normal,N0594,26,26,0,0,0,정상
OOF,normal,N0595,13,13,0,0,0,정상
OOF,normal,N0598,35,35,0,1,0,주의
TEST,abnormal,A0002,38,38,38,0,0,경보
TEST,abnormal,A0007,31,31,31,0,0,경보
TEST,abnormal,A0012,33,33,33,0,0,경보
TEST,abnormal,A0017,27,27,27,0,0,경보
TEST,normal,N0002,15,15,0,0,0,정상
TEST,normal,N0007,32,32,0,0,0,정상
TEST,normal,N0012,31,31,0,0,0,정상
TEST,normal,N0017,27,27,0,0,0,정상
TEST,normal,N0022,41,41,0,0,0,정상
TEST,normal,N0027,41,41,0,1,0,주의
TEST,normal,N0037,15,15,0,0,0,정상
TEST,normal,N0042,41,41,0,0,0,정상
TEST,normal,N0047,41,41,0,0,0,정상
TEST,normal,N0052,41,41,2,11,0,경보
TEST,normal,N0057,41,41,0,0,0,정상
TEST,normal,N0062,41,41,0,0,0,정상
TEST,normal,N0067,41,41,3,7,0,경보
TEST,normal,N0072,41,41,0,0,0,정상
TEST,normal,N0077,3,3,0,0,0,정상
TEST,normal,N0082,7,7,0,0,0,정상
TEST,normal,N0087,14,14,0,4,0,주의
TEST,normal,N0092,14,14,0,0,0,정상
TEST,normal,N0097,16,16,0,0,0,정상
TEST,normal,N0102,36,36,0,0,0,정상
TEST,normal,N0107,41,41,0,0,0,정상
TEST,normal,N0112,41,41,0,1,0,주의
TEST,normal,N0117,8,8,0,0,0,정상
TEST,normal,N0122,20,20,0,1,0,주의
TEST,normal,N0127,39,39,0,0,0,정상
TEST,normal,N0132,40,40,0,0,0,정상
TEST,normal,N0137,39,39,0,0,0,정상
TEST,normal,N0147,17,17,0,0,0,정상
TEST,normal,N0152,41,41,0,0,0,정상
TEST,normal,N0162,4,4,0,0,0,정상
TEST,normal,N0167,10,10,0,2,0,주의
TEST,normal,N0172,17,17,0,0,0,정상
TEST,normal,N0177,37,37,0,0,0,정상
TEST,normal,N0182,38,38,0,0,0,정상
TEST,normal,N0187,41,41,0,0,0,정상
TEST,normal,N0192,41,41,0,1,0,주의
TEST,normal,N0207,3,3,0,0,0,정상
TEST,normal,N0212,29,29,0,0,0,정상
TEST,normal,N0217,41,41,0,0,0,정상
TEST,normal,N0222,41,41,0,0,0,정상
TEST,normal,N0227,41,41,0,0,0,정상
TEST,normal,N0237,6,6,0,0,0,정상
TEST,normal,N0242,20,20,0,0,0,정상
TEST,normal,N0247,41,41,0,0,0,정상
TEST,normal,N0252,41,41,0,0,0,정상
TEST,normal,N0257,41,41,0,0,0,정상
TEST,normal,N0267,17,17,0,0,0,정상
TEST,normal,N0272,34,34,0,0,0,정상
TEST,normal,N0277,12,12,0,0,0,정상
TEST,normal,N0282,24,24,0,1,0,주의
TEST,normal,N0287,41,41,0,0,0,정상
TEST,normal,N0292,41,41,0,0,0,정상
TEST,normal,N0307,14,14,0,0,0,정상
TEST,normal,N0312,15,15,0,0,0,정상
TEST,normal,N0317,33,33,0,0,0,정상
TEST,normal,N0322,41,41,0,0,0,정상
TEST,normal,N0332,5,5,0,0,0,정상
TEST,normal,N0337,23,23,0,0,0,정상
TEST,normal,N0342,36,36,0,0,0,정상
TEST,normal,N0347,41,41,0,0,0,정상
TEST,normal,N0357,11,11,0,0,0,정상
TEST,normal,N0362,25,25,0,0,0,정상
TEST,normal,N0367,28,28,0,0,0,정상
TEST,normal,N0372,41,41,0,0,0,정상
TEST,normal,N0377,41,41,0,0,0,정상
TEST,normal,N0387,8,8,0,0,0,정상
TEST,normal,N0392,16,16,0,0,0,정상
TEST,normal,N0397,23,23,0,0,0,정상
TEST,normal,N0402,25,25,0,1,0,주의
TEST,normal,N0407,29,29,0,0,0,정상
TEST,normal,N0412,31,31,0,0,0,정상
TEST,normal,N0417,41,41,0,0,0,정상
TEST,normal,N0422,41,41,0,5,0,주의
TEST,normal,N0427,41,41,0,0,0,정상
TEST,normal,N0432,2,2,0,0,0,정상
TEST,normal,N0437,1,1,0,0,0,정상
TEST,normal,N0447,12,12,0,0,0,정상
TEST,normal,N0452,15,15,0,0,0,정상
TEST,normal,N0457,18,18,0,0,0,정상
TEST,normal,N0462,25,25,0,0,0,정상
TEST,normal,N0467,40,40,0,0,0,정상
TEST,normal,N0472,41,41,0,0,0,정상
TEST,normal,N0477,41,41,0,0,0,정상
TEST,normal,N0482,41,41,0,2,0,주의
TEST,normal,N0487,26,26,0,0,0,정상
TEST,normal,N0492,41,41,0,0,0,정상
TEST,normal,N0497,41,41,0,0,0,정상
TEST,normal,N0502,2,2,0,0,0,정상
TEST,normal,N0507,18,18,0,0,0,정상
TEST,normal,N0512,17,17,0,0,0,정상
TEST,normal,N0517,16,16,0,0,0,정상
TEST,normal,N0522,16,16,0,0,0,정상
TEST,normal,N0527,27,27,0,0,0,정상
TEST,normal,N0532,41,41,0,0,0,정상
TEST,normal,N0537,41,41,0,0,0,정상
TEST,normal,N0542,41,41,0,0,0,정상
TEST,normal,N0552,22,22,0,0,0,정상
TEST,normal,N0557,36,36,0,1,0,주의
TEST,normal,N0562,41,41,0,0,0,정상
TEST,normal,N0567,41,41,0,0,0,정상
TEST,normal,N0572,11,11,0,0,0,정상
TEST,normal,N0577,26,26,0,0,0,정상
TEST,normal,N0582,41,41,0,1,0,주의
TEST,normal,N0587,41,41,0,0,0,정상
TEST,normal,N0592,41,41,0,0,0,정상
TEST,normal,N0597,41,41,0,0,0,정상
,abnormal,A0000,4,0,0,0,4,평가불가
,abnormal,A0001,9,0,0,0,9,평가불가
,abnormal,A0002,9,0,0,0,9,평가불가
,abnormal,A0003,9,0,0,0,9,평가불가
,abnormal,A0004,9,0,0,0,9,평가불가
,abnormal,A0005,3,0,0,0,3,평가불가
,abnormal,A0006,9,0,0,0,9,평가불가
,abnormal,A0007,9,0,0,0,9,평가불가
,abnormal,A0008,9,0,0,0,9,평가불가
,abnormal,A0009,8,0,0,0,8,평가불가
,abnormal,A0010,4,0,0,0,4,평가불가
,abnormal,A0011,9,0,0,0,9,평가불가
,abnormal,A0012,9,0,0,0,9,평가불가
,abnormal,A0013,9,0,0,0,9,평가불가
,abnormal,A0014,9,0,0,0,9,평가불가
,abnormal,A0015,9,0,0,0,9,평가불가
,abnormal,A0016,9,0,0,0,9,평가불가
,abnormal,A0017,9,0,0,0,9,평가불가
,abnormal,A0018,9,0,0,0,9,평가불가
,abnormal,A0019,9,0,0,0,9,평가불가
,abnormal,A0020,9,0,0,0,9,평가불가
,normal,N0000,9,0,0,0,9,평가불가
,normal,N0001,9,0,0,0,9,평가불가
,normal,N0002,9,0,0,0,9,평가불가
,normal,N0003,9,0,0,0,9,평가불가
,normal,N0004,9,0,0,0,9,평가불가
,normal,N0005,9,0,0,0,9,평가불가
,normal,N0006,9,0,0,0,9,평가불가
,normal,N0007,9,0,0,0,9,평가불가
,normal,N0008,9,0,0,0,9,평가불가
,normal,N0009,9,0,0,0,9,평가불가
,normal,N0010,9,0,0,0,9,평가불가
,normal,N0011,9,0,0,0,9,평가불가
,normal,N0012,9,0,0,0,9,평가불가
,normal,N0013,9,0,0,0,9,평가불가
,normal,N0014,9,0,0,0,9,평가불가
,normal,N0015,9,0,0,0,9,평가불가
,normal,N0016,9,0,0,0,9,평가불가
,normal,N0017,9,0,0,0,9,평가불가
,normal,N0018,9,0,0,0,9,평가불가
,normal,N0019,9,0,0,0,9,평가불가
,normal,N0020,9,0,0,0,9,평가불가
,normal,N0021,9,0,0,0,9,평가불가
,normal,N0022,9,0,0,0,9,평가불가
,normal,N0023,9,0,0,0,9,평가불가
,normal,N0024,9,0,0,0,9,평가불가
,normal,N0025,9,0,0,0,9,평가불가
,normal,N0026,9,0,0,0,9,평가불가
,normal,N0027,9,0,0,0,9,평가불가
,normal,N0028,9,0,0,0,9,평가불가
,normal,N0029,9,0,0,0,9,평가불가
,normal,N0030,9,0,0,0,9,평가불가
,normal,N0031,9,0,0,0,9,평가불가
,normal,N0032,2,0,0,0,2,평가불가
,normal,N0033,9,0,0,0,9,평가불가
,normal,N0034,9,0,0,0,9,평가불가
,normal,N0035,9,0,0,0,9,평가불가
,normal,N0036,9,0,0,0,9,평가불가
,normal,N0037,9,0,0,0,9,평가불가
,normal,N0038,9,0,0,0,9,평가불가
,normal,N0039,9,0,0,0,9,평가불가
,normal,N0040,1,0,0,0,1,평가불가
,normal,N0041,9,0,0,0,9,평가불가
,normal,N0042,9,0,0,0,9,평가불가
,normal,N0043,9,0,0,0,9,평가불가
,normal,N0044,9,0,0,0,9,평가불가
,normal,N0045,9,0,0,0,9,평가불가
,normal,N0046,5,0,0,0,5,평가불가
,normal,N0047,9,0,0,0,9,평가불가
,normal,N0048,9,0,0,0,9,평가불가
,normal,N0049,9,0,0,0,9,평가불가
,normal,N0050,9,0,0,0,9,평가불가
,normal,N0051,9,0,0,0,9,평가불가
,normal,N0052,9,0,0,0,9,평가불가
,normal,N0053,9,0,0,0,9,평가불가
,normal,N0054,9,0,0,0,9,평가불가
,normal,N0055,9,0,0,0,9,평가불가
,normal,N0056,9,0,0,0,9,평가불가
,normal,N0057,9,0,0,0,9,평가불가
,normal,N0058,9,0,0,0,9,평가불가
,normal,N0059,9,0,0,0,9,평가불가
,normal,N0060,9,0,0,0,9,평가불가
,normal,N0061,9,0,0,0,9,평가불가
,normal,N0062,9,0,0,0,9,평가불가
,normal,N0063,9,0,0,0,9,평가불가
,normal,N0064,9,0,0,0,9,평가불가
,normal,N0065,9,0,0,0,9,평가불가
,normal,N0066,9,0,0,0,9,평가불가
,normal,N0067,9,0,0,0,9,평가불가
,normal,N0068,9,0,0,0,9,평가불가
,normal,N0069,9,0,0,0,9,평가불가
,normal,N0070,9,0,0,0,9,평가불가
,normal,N0071,9,0,0,0,9,평가불가
,normal,N0072,9,0,0,0,9,평가불가
,normal,N0073,9,0,0,0,9,평가불가
,normal,N0074,9,0,0,0,9,평가불가
,normal,N0075,9,0,0,0,9,평가불가
,normal,N0076,9,0,0,0,9,평가불가
,normal,N0077,9,0,0,0,9,평가불가
,normal,N0078,9,0,0,0,9,평가불가
,normal,N0079,9,0,0,0,9,평가불가
,normal,N0080,9,0,0,0,9,평가불가
,normal,N0081,9,0,0,0,9,평가불가
,normal,N0082,9,0,0,0,9,평가불가
,normal,N0083,5,0,0,0,5,평가불가
,normal,N0084,9,0,0,0,9,평가불가
,normal,N0085,9,0,0,0,9,평가불가
,normal,N0086,9,0,0,0,9,평가불가
,normal,N0087,9,0,0,0,9,평가불가
,normal,N0088,9,0,0,0,9,평가불가
,normal,N0089,9,0,0,0,9,평가불가
,normal,N0090,9,0,0,0,9,평가불가
,normal,N0091,9,0,0,0,9,평가불가
,normal,N0092,9,0,0,0,9,평가불가
,normal,N0093,8,0,0,0,8,평가불가
,normal,N0094,9,0,0,0,9,평가불가
,normal,N0095,9,0,0,0,9,평가불가
,normal,N0096,9,0,0,0,9,평가불가
,normal,N0097,9,0,0,0,9,평가불가
,normal,N0098,9,0,0,0,9,평가불가
,normal,N0099,9,0,0,0,9,평가불가
,normal,N0100,9,0,0,0,9,평가불가
,normal,N0101,9,0,0,0,9,평가불가
,normal,N0102,9,0,0,0,9,평가불가
,normal,N0103,9,0,0,0,9,평가불가
,normal,N0104,9,0,0,0,9,평가불가
,normal,N0105,9,0,0,0,9,평가불가
,normal,N0106,9,0,0,0,9,평가불가
,normal,N0107,9,0,0,0,9,평가불가
,normal,N0108,9,0,0,0,9,평가불가
,normal,N0109,9,0,0,0,9,평가불가
,normal,N0110,9,0,0,0,9,평가불가
,normal,N0111,9,0,0,0,9,평가불가
,normal,N0112,9,0,0,0,9,평가불가
,normal,N0113,9,0,0,0,9,평가불가
,normal,N0114,9,0,0,0,9,평가불가
,normal,N0115,9,0,0,0,9,평가불가
,normal,N0116,9,0,0,0,9,평가불가
,normal,N0117,9,0,0,0,9,평가불가
,normal,N0118,2,0,0,0,2,평가불가
,normal,N0119,9,0,0,0,9,평가불가
,normal,N0120,9,0,0,0,9,평가불가
,normal,N0121,9,0,0,0,9,평가불가
,normal,N0122,9,0,0,0,9,평가불가
,normal,N0123,9,0,0,0,9,평가불가
,normal,N0124,7,0,0,0,7,평가불가
,normal,N0125,9,0,0,0,9,평가불가
,normal,N0126,9,0,0,0,9,평가불가
,normal,N0127,9,0,0,0,9,평가불가
,normal,N0128,9,0,0,0,9,평가불가
,normal,N0129,9,0,0,0,9,평가불가
,normal,N0130,7,0,0,0,7,평가불가
,normal,N0131,9,0,0,0,9,평가불가
,normal,N0132,9,0,0,0,9,평가불가
,normal,N0133,9,0,0,0,9,평가불가
,normal,N0134,9,0,0,0,9,평가불가
,normal,N0135,9,0,0,0,9,평가불가
,normal,N0136,9,0,0,0,9,평가불가
,normal,N0137,9,0,0,0,9,평가불가
,normal,N0138,9,0,0,0,9,평가불가
,normal,N0139,9,0,0,0,9,평가불가
,normal,N0140,9,0,0,0,9,평가불가
,normal,N0141,9,0,0,0,9,평가불가
,normal,N0142,2,0,0,0,2,평가불가
,normal,N0143,1,0,0,0,1,평가불가
,normal,N0144,9,0,0,0,9,평가불가
,normal,N0145,9,0,0,0,9,평가불가
,normal,N0146,9,0,0,0,9,평가불가
,normal,N0147,9,0,0,0,9,평가불가
,normal,N0148,9,0,0,0,9,평가불가
,normal,N0149,9,0,0,0,9,평가불가
,normal,N0150,3,0,0,0,3,평가불가
,normal,N0151,3,0,0,0,3,평가불가
,normal,N0152,9,0,0,0,9,평가불가
,normal,N0153,9,0,0,0,9,평가불가
,normal,N0154,9,0,0,0,9,평가불가
,normal,N0155,9,0,0,0,9,평가불가
,normal,N0156,9,0,0,0,9,평가불가
,normal,N0157,6,0,0,0,6,평가불가
,normal,N0158,9,0,0,0,9,평가불가
,normal,N0159,9,0,0,0,9,평가불가
,normal,N0160,9,0,0,0,9,평가불가
,normal,N0161,9,0,0,0,9,평가불가
,normal,N0162,9,0,0,0,9,평가불가
,normal,N0163,2,0,0,0,2,평가불가
,normal,N0164,9,0,0,0,9,평가불가
,normal,N0165,9,0,0,0,9,평가불가
,normal,N0166,9,0,0,0,9,평가불가
,normal,N0167,9,0,0,0,9,평가불가
,normal,N0168,7,0,0,0,7,평가불가
,normal,N0169,9,0,0,0,9,평가불가
,normal,N0170,9,0,0,0,9,평가불가
,normal,N0171,9,0,0,0,9,평가불가
,normal,N0172,9,0,0,0,9,평가불가
,normal,N0173,9,0,0,0,9,평가불가
,normal,N0174,3,0,0,0,3,평가불가
,normal,N0175,9,0,0,0,9,평가불가
,normal,N0176,9,0,0,0,9,평가불가
,normal,N0177,9,0,0,0,9,평가불가
,normal,N0178,9,0,0,0,9,평가불가
,normal,N0179,9,0,0,0,9,평가불가
,normal,N0180,7,0,0,0,7,평가불가
,normal,N0181,9,0,0,0,9,평가불가
,normal,N0182,9,0,0,0,9,평가불가
,normal,N0183,9,0,0,0,9,평가불가
,normal,N0184,9,0,0,0,9,평가불가
,normal,N0185,9,0,0,0,9,평가불가
,normal,N0186,9,0,0,0,9,평가불가
,normal,N0187,9,0,0,0,9,평가불가
,normal,N0188,9,0,0,0,9,평가불가
,normal,N0189,9,0,0,0,9,평가불가
,normal,N0190,9,0,0,0,9,평가불가
,normal,N0191,9,0,0,0,9,평가불가
,normal,N0192,9,0,0,0,9,평가불가
,normal,N0193,9,0,0,0,9,평가불가
,normal,N0194,9,0,0,0,9,평가불가
,normal,N0195,9,0,0,0,9,평가불가
,normal,N0196,9,0,0,0,9,평가불가
,normal,N0197,6,0,0,0,6,평가불가
,normal,N0198,9,0,0,0,9,평가불가
,normal,N0199,9,0,0,0,9,평가불가
,normal,N0200,9,0,0,0,9,평가불가
,normal,N0201,9,0,0,0,9,평가불가
,normal,N0202,8,0,0,0,8,평가불가
,normal,N0203,9,0,0,0,9,평가불가
,normal,N0204,9,0,0,0,9,평가불가
,normal,N0205,9,0,0,0,9,평가불가
,normal,N0206,9,0,0,0,9,평가불가
,normal,N0207,9,0,0,0,9,평가불가
,normal,N0208,9,0,0,0,9,평가불가
,normal,N0209,9,0,0,0,9,평가불가
,normal,N0210,9,0,0,0,9,평가불가
,normal,N0211,9,0,0,0,9,평가불가
,normal,N0212,9,0,0,0,9,평가불가
,normal,N0213,9,0,0,0,9,평가불가
,normal,N0214,9,0,0,0,9,평가불가
,normal,N0215,9,0,0,0,9,평가불가
,normal,N0216,9,0,0,0,9,평가불가
,normal,N0217,9,0,0,0,9,평가불가
,normal,N0218,9,0,0,0,9,평가불가
,normal,N0219,9,0,0,0,9,평가불가
,normal,N0220,9,0,0,0,9,평가불가
,normal,N0221,9,0,0,0,9,평가불가
,normal,N0222,9,0,0,0,9,평가불가
,normal,N0223,9,0,0,0,9,평가불가
,normal,N0224,9,0,0,0,9,평가불가
,normal,N0225,9,0,0,0,9,평가불가
,normal,N0226,2,0,0,0,2,평가불가
,normal,N0227,9,0,0,0,9,평가불가
,normal,N0228,9,0,0,0,9,평가불가
,normal,N0229,9,0,0,0,9,평가불가
,normal,N0230,9,0,0,0,9,평가불가
,normal,N0231,9,0,0,0,9,평가불가
,normal,N0232,4,0,0,0,4,평가불가
,normal,N0233,9,0,0,0,9,평가불가
,normal,N0234,9,0,0,0,9,평가불가
,normal,N0235,9,0,0,0,9,평가불가
,normal,N0236,9,0,0,0,9,평가불가
,normal,N0237,9,0,0,0,9,평가불가
,normal,N0238,3,0,0,0,3,평가불가
,normal,N0239,9,0,0,0,9,평가불가
,normal,N0240,9,0,0,0,9,평가불가
,normal,N0241,9,0,0,0,9,평가불가
,normal,N0242,9,0,0,0,9,평가불가
,normal,N0243,9,0,0,0,9,평가불가
,normal,N0244,6,0,0,0,6,평가불가
,normal,N0245,9,0,0,0,9,평가불가
,normal,N0246,9,0,0,0,9,평가불가
,normal,N0247,9,0,0,0,9,평가불가
,normal,N0248,9,0,0,0,9,평가불가
,normal,N0249,9,0,0,0,9,평가불가
,normal,N0250,9,0,0,0,9,평가불가
,normal,N0251,9,0,0,0,9,평가불가
,normal,N0252,9,0,0,0,9,평가불가
,normal,N0253,9,0,0,0,9,평가불가
,normal,N0254,9,0,0,0,9,평가불가
,normal,N0255,9,0,0,0,9,평가불가
,normal,N0256,6,0,0,0,6,평가불가
,normal,N0257,9,0,0,0,9,평가불가
,normal,N0258,9,0,0,0,9,평가불가
,normal,N0259,9,0,0,0,9,평가불가
,normal,N0260,9,0,0,0,9,평가불가
,normal,N0261,9,0,0,0,9,평가불가
,normal,N0262,8,0,0,0,8,평가불가
,normal,N0263,9,0,0,0,9,평가불가
,normal,N0264,9,0,0,0,9,평가불가
,normal,N0265,9,0,0,0,9,평가불가
,normal,N0266,9,0,0,0,9,평가불가
,normal,N0267,9,0,0,0,9,평가불가
,normal,N0268,9,0,0,0,9,평가불가
,normal,N0269,4,0,0,0,4,평가불가
,normal,N0270,9,0,0,0,9,평가불가
,normal,N0271,9,0,0,0,9,평가불가
,normal,N0272,9,0,0,0,9,평가불가
,normal,N0273,9,0,0,0,9,평가불가
,normal,N0274,9,0,0,0,9,평가불가
,normal,N0275,9,0,0,0,9,평가불가
,normal,N0276,9,0,0,0,9,평가불가
,normal,N0277,9,0,0,0,9,평가불가
,normal,N0278,8,0,0,0,8,평가불가
,normal,N0279,8,0,0,0,8,평가불가
,normal,N0280,9,0,0,0,9,평가불가
,normal,N0281,9,0,0,0,9,평가불가
,normal,N0282,9,0,0,0,9,평가불가
,normal,N0283,9,0,0,0,9,평가불가
,normal,N0284,9,0,0,0,9,평가불가
,normal,N0285,9,0,0,0,9,평가불가
,normal,N0286,9,0,0,0,9,평가불가
,normal,N0287,9,0,0,0,9,평가불가
,normal,N0288,9,0,0,0,9,평가불가
,normal,N0289,9,0,0,0,9,평가불가
,normal,N0290,9,0,0,0,9,평가불가
,normal,N0291,1,0,0,0,1,평가불가
,normal,N0292,9,0,0,0,9,평가불가
,normal,N0293,9,0,0,0,9,평가불가
,normal,N0294,9,0,0,0,9,평가불가
,normal,N0295,9,0,0,0,9,평가불가
,normal,N0296,9,0,0,0,9,평가불가
,normal,N0297,8,0,0,0,8,평가불가
,normal,N0298,9,0,0,0,9,평가불가
,normal,N0299,9,0,0,0,9,평가불가
,normal,N0300,9,0,0,0,9,평가불가
,normal,N0301,9,0,0,0,9,평가불가
,normal,N0302,9,0,0,0,9,평가불가
,normal,N0303,9,0,0,0,9,평가불가
,normal,N0304,9,0,0,0,9,평가불가
,normal,N0305,9,0,0,0,9,평가불가
,normal,N0306,9,0,0,0,9,평가불가
,normal,N0307,9,0,0,0,9,평가불가
,normal,N0308,9,0,0,0,9,평가불가
,normal,N0309,9,0,0,0,9,평가불가
,normal,N0310,9,0,0,0,9,평가불가
,normal,N0311,9,0,0,0,9,평가불가
,normal,N0312,9,0,0,0,9,평가불가
,normal,N0313,9,0,0,0,9,평가불가
,normal,N0314,1,0,0,0,1,평가불가
,normal,N0315,9,0,0,0,9,평가불가
,normal,N0316,9,0,0,0,9,평가불가
,normal,N0317,9,0,0,0,9,평가불가
,normal,N0318,9,0,0,0,9,평가불가
,normal,N0319,9,0,0,0,9,평가불가
,normal,N0320,3,0,0,0,3,평가불가
,normal,N0321,3,0,0,0,3,평가불가
,normal,N0322,9,0,0,0,9,평가불가
,normal,N0323,9,0,0,0,9,평가불가
,normal,N0324,9,0,0,0,9,평가불가
,normal,N0325,9,0,0,0,9,평가불가
,normal,N0326,9,0,0,0,9,평가불가
,normal,N0327,3,0,0,0,3,평가불가
,normal,N0328,9,0,0,0,9,평가불가
,normal,N0329,9,0,0,0,9,평가불가
,normal,N0330,9,0,0,0,9,평가불가
,normal,N0331,9,0,0,0,9,평가불가
,normal,N0332,9,0,0,0,9,평가불가
,normal,N0333,2,0,0,0,2,평가불가
,normal,N0334,9,0,0,0,9,평가불가
,normal,N0335,9,0,0,0,9,평가불가
,normal,N0336,9,0,0,0,9,평가불가
,normal,N0337,9,0,0,0,9,평가불가
,normal,N0338,9,0,0,0,9,평가불가
,normal,N0339,6,0,0,0,6,평가불가
,normal,N0340,9,0,0,0,9,평가불가
,normal,N0341,9,0,0,0,9,평가불가
,normal,N0342,9,0,0,0,9,평가불가
,normal,N0343,9,0,0,0,9,평가불가
,normal,N0344,9,0,0,0,9,평가불가
,normal,N0345,9,0,0,0,9,평가불가
,normal,N0346,2,0,0,0,2,평가불가
,normal,N0347,9,0,0,0,9,평가불가
,normal,N0348,9,0,0,0,9,평가불가
,normal,N0349,9,0,0,0,9,평가불가
,normal,N0350,9,0,0,0,9,평가불가
,normal,N0351,9,0,0,0,9,평가불가
,normal,N0352,5,0,0,0,5,평가불가
,normal,N0353,9,0,0,0,9,평가불가
,normal,N0354,9,0,0,0,9,평가불가
,normal,N0355,9,0,0,0,9,평가불가
,normal,N0356,9,0,0,0,9,평가불가
,normal,N0357,9,0,0,0,9,평가불가
,normal,N0358,7,0,0,0,7,평가불가
,normal,N0359,9,0,0,0,9,평가불가
,normal,N0360,9,0,0,0,9,평가불가
,normal,N0361,9,0,0,0,9,평가불가
,normal,N0362,9,0,0,0,9,평가불가
,normal,N0363,9,0,0,0,9,평가불가
,normal,N0364,9,0,0,0,9,평가불가
,normal,N0365,9,0,0,0,9,평가불가
,normal,N0366,9,0,0,0,9,평가불가
,normal,N0367,9,0,0,0,9,평가불가
,normal,N0368,9,0,0,0,9,평가불가
,normal,N0369,9,0,0,0,9,평가불가
,normal,N0370,1,0,0,0,1,평가불가
,normal,N0371,9,0,0,0,9,평가불가
,normal,N0372,9,0,0,0,9,평가불가
,normal,N0373,9,0,0,0,9,평가불가
,normal,N0374,9,0,0,0,9,평가불가
,normal,N0375,9,0,0,0,9,평가불가
,normal,N0376,6,0,0,0,6,평가불가
,normal,N0377,9,0,0,0,9,평가불가
,normal,N0378,9,0,0,0,9,평가불가
,normal,N0379,9,0,0,0,9,평가불가
,normal,N0380,9,0,0,0,9,평가불가
,normal,N0381,9,0,0,0,9,평가불가
,normal,N0382,1,0,0,0,1,평가불가
,normal,N0383,9,0,0,0,9,평가불가
,normal,N0384,9,0,0,0,9,평가불가
,normal,N0385,9,0,0,0,9,평가불가
,normal,N0386,9,0,0,0,9,평가불가
,normal,N0387,9,0,0,0,9,평가불가
,normal,N0388,4,0,0,0,4,평가불가
,normal,N0389,9,0,0,0,9,평가불가
,normal,N0390,9,0,0,0,9,평가불가
,normal,N0391,9,0,0,0,9,평가불가
,normal,N0392,9,0,0,0,9,평가불가
,normal,N0393,9,0,0,0,9,평가불가
,normal,N0394,1,0,0,0,1,평가불가
,normal,N0395,9,0,0,0,9,평가불가
,normal,N0396,9,0,0,0,9,평가불가
,normal,N0397,9,0,0,0,9,평가불가
,normal,N0398,9,0,0,0,9,평가불가
,normal,N0399,7,0,0,0,7,평가불가
,normal,N0400,9,0,0,0,9,평가불가
,normal,N0401,9,0,0,0,9,평가불가
,normal,N0402,9,0,0,0,9,평가불가
,normal,N0403,9,0,0,0,9,평가불가
,normal,N0404,9,0,0,0,9,평가불가
,normal,N0405,9,0,0,0,9,평가불가
,normal,N0406,9,0,0,0,9,평가불가
,normal,N0407,9,0,0,0,9,평가불가
,normal,N0408,9,0,0,0,9,평가불가
,normal,N0409,9,0,0,0,9,평가불가
,normal,N0410,9,0,0,0,9,평가불가
,normal,N0411,9,0,0,0,9,평가불가
,normal,N0412,9,0,0,0,9,평가불가
,normal,N0413,9,0,0,0,9,평가불가
,normal,N0414,9,0,0,0,9,평가불가
,normal,N0415,9,0,0,0,9,평가불가
,normal,N0416,1,0,0,0,1,평가불가
,normal,N0417,9,0,0,0,9,평가불가
,normal,N0418,9,0,0,0,9,평가불가
,normal,N0419,9,0,0,0,9,평가불가
,normal,N0420,9,0,0,0,9,평가불가
,normal,N0421,9,0,0,0,9,평가불가
,normal,N0422,9,0,0,0,9,평가불가
,normal,N0423,9,0,0,0,9,평가불가
,normal,N0424,9,0,0,0,9,평가불가
,normal,N0425,9,0,0,0,9,평가불가
,normal,N0426,9,0,0,0,9,평가불가
,normal,N0427,9,0,0,0,9,평가불가
,normal,N0428,9,0,0,0,9,평가불가
,normal,N0429,9,0,0,0,9,평가불가
,normal,N0430,9,0,0,0,9,평가불가
,normal,N0431,9,0,0,0,9,평가불가
,normal,N0432,9,0,0,0,9,평가불가
,normal,N0433,9,0,0,0,9,평가불가
,normal,N0434,9,0,0,0,9,평가불가
,normal,N0435,9,0,0,0,9,평가불가
,normal,N0436,9,0,0,0,9,평가불가
,normal,N0437,9,0,0,0,9,평가불가
,normal,N0438,9,0,0,0,9,평가불가
,normal,N0439,9,0,0,0,9,평가불가
,normal,N0440,9,0,0,0,9,평가불가
,normal,N0441,9,0,0,0,9,평가불가
,normal,N0442,4,0,0,0,4,평가불가
,normal,N0443,9,0,0,0,9,평가불가
,normal,N0444,9,0,0,0,9,평가불가
,normal,N0445,9,0,0,0,9,평가불가
,normal,N0446,9,0,0,0,9,평가불가
,normal,N0447,9,0,0,0,9,평가불가
,normal,N0448,7,0,0,0,7,평가불가
,normal,N0449,9,0,0,0,9,평가불가
,normal,N0450,9,0,0,0,9,평가불가
,normal,N0451,9,0,0,0,9,평가불가
,normal,N0452,9,0,0,0,9,평가불가
,normal,N0453,9,0,0,0,9,평가불가
,normal,N0454,9,0,0,0,9,평가불가
,normal,N0455,9,0,0,0,9,평가불가
,normal,N0456,9,0,0,0,9,평가불가
,normal,N0457,9,0,0,0,9,평가불가
,normal,N0458,9,0,0,0,9,평가불가
,normal,N0459,5,0,0,0,5,평가불가
,normal,N0460,9,0,0,0,9,평가불가
,normal,N0461,9,0,0,0,9,평가불가
,normal,N0462,9,0,0,0,9,평가불가
,normal,N0463,9,0,0,0,9,평가불가
,normal,N0464,9,0,0,0,9,평가불가
,normal,N0465,8,0,0,0,8,평가불가
,normal,N0466,9,0,0,0,9,평가불가
,normal,N0467,9,0,0,0,9,평가불가
,normal,N0468,9,0,0,0,9,평가불가
,normal,N0469,9,0,0,0,9,평가불가
,normal,N0470,9,0,0,0,9,평가불가
,normal,N0471,9,0,0,0,9,평가불가
,normal,N0472,9,0,0,0,9,평가불가
,normal,N0473,9,0,0,0,9,평가불가
,normal,N0474,9,0,0,0,9,평가불가
,normal,N0475,9,0,0,0,9,평가불가
,normal,N0476,9,0,0,0,9,평가불가
,normal,N0477,9,0,0,0,9,평가불가
,normal,N0478,9,0,0,0,9,평가불가
,normal,N0479,9,0,0,0,9,평가불가
,normal,N0480,9,0,0,0,9,평가불가
,normal,N0481,9,0,0,0,9,평가불가
,normal,N0482,9,0,0,0,9,평가불가
,normal,N0483,9,0,0,0,9,평가불가
,normal,N0484,9,0,0,0,9,평가불가
,normal,N0485,9,0,0,0,9,평가불가
,normal,N0486,9,0,0,0,9,평가불가
,normal,N0487,9,0,0,0,9,평가불가
,normal,N0488,9,0,0,0,9,평가불가
,normal,N0489,9,0,0,0,9,평가불가
,normal,N0490,8,0,0,0,8,평가불가
,normal,N0491,9,0,0,0,9,평가불가
,normal,N0492,9,0,0,0,9,평가불가
,normal,N0493,9,0,0,0,9,평가불가
,normal,N0494,9,0,0,0,9,평가불가
,normal,N0495,9,0,0,0,9,평가불가
,normal,N0496,9,0,0,0,9,평가불가
,normal,N0497,9,0,0,0,9,평가불가
,normal,N0498,9,0,0,0,9,평가불가
,normal,N0499,9,0,0,0,9,평가불가
,normal,N0500,9,0,0,0,9,평가불가
,normal,N0501,9,0,0,0,9,평가불가
,normal,N0502,9,0,0,0,9,평가불가
,normal,N0503,9,0,0,0,9,평가불가
,normal,N0504,9,0,0,0,9,평가불가
,normal,N0505,9,0,0,0,9,평가불가
,normal,N0506,9,0,0,0,9,평가불가
,normal,N0507,9,0,0,0,9,평가불가
,normal,N0508,9,0,0,0,9,평가불가
,normal,N0509,9,0,0,0,9,평가불가
,normal,N0510,9,0,0,0,9,평가불가
,normal,N0511,9,0,0,0,9,평가불가
,normal,N0512,9,0,0,0,9,평가불가
,normal,N0513,9,0,0,0,9,평가불가
,normal,N0514,9,0,0,0,9,평가불가
,normal,N0515,9,0,0,0,9,평가불가
,normal,N0516,9,0,0,0,9,평가불가
,normal,N0517,9,0,0,0,9,평가불가
,normal,N0518,9,0,0,0,9,평가불가
,normal,N0519,9,0,0,0,9,평가불가
,normal,N0520,9,0,0,0,9,평가불가
,normal,N0521,9,0,0,0,9,평가불가
,normal,N0522,9,0,0,0,9,평가불가
,normal,N0523,9,0,0,0,9,평가불가
,normal,N0524,9,0,0,0,9,평가불가
,normal,N0525,9,0,0,0,9,평가불가
,normal,N0526,9,0,0,0,9,평가불가
,normal,N0527,9,0,0,0,9,평가불가
,normal,N0528,9,0,0,0,9,평가불가
,normal,N0529,9,0,0,0,9,평가불가
,normal,N0530,1,0,0,0,1,평가불가
,normal,N0531,9,0,0,0,9,평가불가
,normal,N0532,9,0,0,0,9,평가불가
,normal,N0533,9,0,0,0,9,평가불가
,normal,N0534,9,0,0,0,9,평가불가
,normal,N0535,9,0,0,0,9,평가불가
,normal,N0536,9,0,0,0,9,평가불가
,normal,N0537,9,0,0,0,9,평가불가
,normal,N0538,9,0,0,0,9,평가불가
,normal,N0539,9,0,0,0,9,평가불가
,normal,N0540,9,0,0,0,9,평가불가
,normal,N0541,8,0,0,0,8,평가불가
,normal,N0542,9,0,0,0,9,평가불가
,normal,N0543,9,0,0,0,9,평가불가
,normal,N0544,9,0,0,0,9,평가불가
,normal,N0545,9,0,0,0,9,평가불가
,normal,N0546,7,0,0,0,7,평가불가
,normal,N0547,8,0,0,0,8,평가불가
,normal,N0548,9,0,0,0,9,평가불가
,normal,N0549,9,0,0,0,9,평가불가
,normal,N0550,9,0,0,0,9,평가불가
,normal,N0551,9,0,0,0,9,평가불가
,normal,N0552,9,0,0,0,9,평가불가
,normal,N0553,9,0,0,0,9,평가불가
,normal,N0554,3,0,0,0,3,평가불가
,normal,N0555,9,0,0,0,9,평가불가
,normal,N0556,9,0,0,0,9,평가불가
,normal,N0557,9,0,0,0,9,평가불가
,normal,N0558,9,0,0,0,9,평가불가
,normal,N0559,9,0,0,0,9,평가불가
,normal,N0560,5,0,0,0,5,평가불가
,normal,N0561,9,0,0,0,9,평가불가
,normal,N0562,9,0,0,0,9,평가불가
,normal,N0563,9,0,0,0,9,평가불가
,normal,N0564,9,0,0,0,9,평가불가
,normal,N0565,9,0,0,0,9,평가불가
,normal,N0566,4,0,0,0,4,평가불가
,normal,N0567,9,0,0,0,9,평가불가
,normal,N0568,9,0,0,0,9,평가불가
,normal,N0569,9,0,0,0,9,평가불가
,normal,N0570,9,0,0,0,9,평가불가
,normal,N0571,9,0,0,0,9,평가불가
,normal,N0572,9,0,0,0,9,평가불가
,normal,N0573,8,0,0,0,8,평가불가
,normal,N0574,9,0,0,0,9,평가불가
,normal,N0575,9,0,0,0,9,평가불가
,normal,N0576,9,0,0,0,9,평가불가
,normal,N0577,9,0,0,0,9,평가불가
,normal,N0578,9,0,0,0,9,평가불가
,normal,N0579,9,0,0,0,9,평가불가
,normal,N0580,9,0,0,0,9,평가불가
,normal,N0581,9,0,0,0,9,평가불가
,normal,N0582,9,0,0,0,9,평가불가
,normal,N0583,9,0,0,0,9,평가불가
,normal,N0584,9,0,0,0,9,평가불가
,normal,N0585,9,0,0,0,9,평가불가
,normal,N0586,9,0,0,0,9,평가불가
,normal,N0587,9,0,0,0,9,평가불가
,normal,N0588,9,0,0,0,9,평가불가
,normal,N0589,9,0,0,0,9,평가불가
,normal,N0590,9,0,0,0,9,평가불가
,normal,N0591,6,0,0,0,6,평가불가
,normal,N0592,9,0,0,0,9,평가불가
,normal,N0593,9,0,0,0,9,평가불가
,normal,N0594,9,0,0,0,9,평가불가
,normal,N0595,9,0,0,0,9,평가불가
,normal,N0596,8,0,0,0,8,평가불가
,normal,N0597,9,0,0,0,9,평가불가
,normal,N0598,9,0,0,0,9,평가불가
