segment_id,source,label,split,seg_len
A0000,abnormal,1,train,4
A0005,abnormal,1,train,3
A0009,abnormal,1,train,8
A0010,abnormal,1,train,4
N0032,normal,0,test,2
N0040,normal,0,train,1
N0046,normal,0,train,5
N0083,normal,0,train,5
N0093,normal,0,train,8
N0106,normal,0,train,9
N0118,normal,0,train,2
N0124,normal,0,train,7
N0130,normal,0,train,7
N0135,normal,0,train,9
N0142,normal,0,test,2
N0143,normal,0,train,1
N0150,normal,0,train,3
N0151,normal,0,train,3
N0157,normal,0,test,6
N0163,normal,0,train,2
N0168,normal,0,train,7
N0174,normal,0,train,3
N0180,normal,0,train,7
N0186,normal,0,train,9
N0197,normal,0,test,6
N0202,normal,0,test,8
N0226,normal,0,train,2
N0232,normal,0,test,4
N0238,normal,0,train,3
N0244,normal,0,train,6
N0250,normal,0,train,9
N0256,normal,0,train,6
N0262,normal,0,test,8
N0263,normal,0,train,9
N0269,normal,0,train,4
N0278,normal,0,train,8
N0279,normal,0,train,8
N0291,normal,0,train,1
N0297,normal,0,test,8
N0302,normal,0,test,9
N0308,normal,0,train,9
N0314,normal,0,train,1
N0320,normal,0,train,3
N0321,normal,0,train,3
N0327,normal,0,test,3
N0333,normal,0,train,2
N0339,normal,0,train,6
N0346,normal,0,train,2
N0352,normal,0,test,5
N0358,normal,0,train,7
N0364,normal,0,train,9
N0370,normal,0,train,1
N0376,normal,0,train,6
N0382,normal,0,test,1
N0388,normal,0,train,4
N0394,normal,0,train,1
N0399,normal,0,train,7
N0416,normal,0,train,1
N0442,normal,0,test,4
N0448,normal,0,train,7
N0459,normal,0,train,5
N0465,normal,0,train,8
N0490,normal,0,train,8
N0530,normal,0,train,1
N0541,normal,0,train,8
N0546,normal,0,train,7
N0547,normal,0,test,8
N0554,normal,0,train,3
N0560,normal,0,train,5
N0566,normal,0,train,4
N0573,normal,0,train,8
N0591,normal,0,train,6
N0596,normal,0,train,8
